[2026-02-12T01:44:13.921+0000] {manager.py:470} INFO - Processing files using up to 2 processes at a time 
[2026-02-12T01:44:13.923+0000] {manager.py:471} INFO - Process each file at most once every 30 seconds
[2026-02-12T01:44:13.925+0000] {manager.py:472} INFO - Checking for new files in /opt/airflow/dags every 300 seconds
[2026-02-12T01:44:13.928+0000] {manager.py:737} INFO - Searching for files in /opt/airflow/dags
[2026-02-12T01:44:13.929+0000] {manager.py:740} INFO - There are 0 files in /opt/airflow/dags
[2026-02-12T01:49:14.509+0000] {manager.py:737} INFO - Searching for files in /opt/airflow/dags
[2026-02-12T01:49:14.515+0000] {manager.py:740} INFO - There are 0 files in /opt/airflow/dags
[2026-02-12T01:54:14.727+0000] {manager.py:737} INFO - Searching for files in /opt/airflow/dags
[2026-02-12T01:54:14.732+0000] {manager.py:740} INFO - There are 0 files in /opt/airflow/dags
[2026-02-12T01:59:14.973+0000] {manager.py:737} INFO - Searching for files in /opt/airflow/dags
[2026-02-12T01:59:14.980+0000] {manager.py:740} INFO - There are 0 files in /opt/airflow/dags
[2026-02-12T02:04:15.624+0000] {manager.py:737} INFO - Searching for files in /opt/airflow/dags
[2026-02-12T02:04:15.632+0000] {manager.py:740} INFO - There are 0 files in /opt/airflow/dags
[2026-02-12T02:24:32.631+0000] {manager.py:737} INFO - Searching for files in /opt/airflow/dags
[2026-02-12T02:24:32.635+0000] {manager.py:740} INFO - There are 0 files in /opt/airflow/dags
[2026-02-13T19:09:07.844+0000] {manager.py:470} INFO - Processing files using up to 2 processes at a time 
[2026-02-13T19:09:07.844+0000] {manager.py:471} INFO - Process each file at most once every 30 seconds
[2026-02-13T19:09:07.844+0000] {manager.py:472} INFO - Checking for new files in /opt/airflow/dags every 300 seconds
[2026-02-13T19:09:07.844+0000] {manager.py:737} INFO - Searching for files in /opt/airflow/dags
[2026-02-13T19:09:07.845+0000] {manager.py:740} INFO - There are 0 files in /opt/airflow/dags
[2026-02-13T19:14:08.400+0000] {manager.py:737} INFO - Searching for files in /opt/airflow/dags
[2026-02-13T19:14:08.410+0000] {manager.py:740} INFO - There are 0 files in /opt/airflow/dags
[2026-02-13T19:19:09.171+0000] {manager.py:737} INFO - Searching for files in /opt/airflow/dags
[2026-02-13T19:19:09.180+0000] {manager.py:740} INFO - There are 0 files in /opt/airflow/dags
[2026-02-13T19:24:09.675+0000] {manager.py:737} INFO - Searching for files in /opt/airflow/dags
[2026-02-13T19:24:09.681+0000] {manager.py:740} INFO - There are 0 files in /opt/airflow/dags
[2026-02-13T19:29:09.696+0000] {manager.py:737} INFO - Searching for files in /opt/airflow/dags
[2026-02-13T19:29:09.704+0000] {manager.py:740} INFO - There are 0 files in /opt/airflow/dags
[2026-02-13T19:34:10.196+0000] {manager.py:737} INFO - Searching for files in /opt/airflow/dags
[2026-02-13T19:34:10.204+0000] {manager.py:740} INFO - There are 0 files in /opt/airflow/dags
[2026-02-13T19:39:10.354+0000] {manager.py:737} INFO - Searching for files in /opt/airflow/dags
[2026-02-13T19:39:10.359+0000] {manager.py:740} INFO - There are 0 files in /opt/airflow/dags
[2026-02-13T19:44:11.122+0000] {manager.py:737} INFO - Searching for files in /opt/airflow/dags
[2026-02-13T19:44:11.130+0000] {manager.py:740} INFO - There are 0 files in /opt/airflow/dags
[2026-02-13T19:49:11.947+0000] {manager.py:737} INFO - Searching for files in /opt/airflow/dags
[2026-02-13T19:49:11.955+0000] {manager.py:740} INFO - There are 0 files in /opt/airflow/dags
[2026-02-13T19:54:12.754+0000] {manager.py:737} INFO - Searching for files in /opt/airflow/dags
[2026-02-13T19:54:12.759+0000] {manager.py:740} INFO - There are 0 files in /opt/airflow/dags
[2026-02-13T19:59:13.164+0000] {manager.py:737} INFO - Searching for files in /opt/airflow/dags
[2026-02-13T19:59:13.172+0000] {manager.py:740} INFO - There are 0 files in /opt/airflow/dags
[2026-02-13T20:04:13.310+0000] {manager.py:737} INFO - Searching for files in /opt/airflow/dags
[2026-02-13T20:04:13.317+0000] {manager.py:740} INFO - There are 0 files in /opt/airflow/dags
[2026-02-13T20:09:14.084+0000] {manager.py:737} INFO - Searching for files in /opt/airflow/dags
[2026-02-13T20:09:14.089+0000] {manager.py:740} INFO - There are 0 files in /opt/airflow/dags
[2026-02-13T20:14:14.404+0000] {manager.py:737} INFO - Searching for files in /opt/airflow/dags
[2026-02-13T20:14:14.413+0000] {manager.py:740} INFO - There are 0 files in /opt/airflow/dags
[2026-02-13T20:19:14.454+0000] {manager.py:737} INFO - Searching for files in /opt/airflow/dags
[2026-02-13T20:19:14.458+0000] {manager.py:740} INFO - There are 0 files in /opt/airflow/dags
[2026-02-13T20:24:15.218+0000] {manager.py:737} INFO - Searching for files in /opt/airflow/dags
[2026-02-13T20:24:15.224+0000] {manager.py:740} INFO - There are 0 files in /opt/airflow/dags
[2026-02-13T20:29:16.174+0000] {manager.py:737} INFO - Searching for files in /opt/airflow/dags
[2026-02-13T20:29:16.179+0000] {manager.py:740} INFO - There are 0 files in /opt/airflow/dags
[2026-02-13T20:34:17.045+0000] {manager.py:737} INFO - Searching for files in /opt/airflow/dags
[2026-02-13T20:34:17.054+0000] {manager.py:740} INFO - There are 0 files in /opt/airflow/dags
[2026-02-13T20:39:17.690+0000] {manager.py:737} INFO - Searching for files in /opt/airflow/dags
[2026-02-13T20:39:17.695+0000] {manager.py:740} INFO - There are 0 files in /opt/airflow/dags
[2026-02-13T20:44:18.363+0000] {manager.py:737} INFO - Searching for files in /opt/airflow/dags
[2026-02-13T20:44:18.370+0000] {manager.py:740} INFO - There are 0 files in /opt/airflow/dags
[2026-02-13T20:49:19.220+0000] {manager.py:737} INFO - Searching for files in /opt/airflow/dags
[2026-02-13T20:49:19.229+0000] {manager.py:740} INFO - There are 0 files in /opt/airflow/dags
[2026-02-13T20:54:20.105+0000] {manager.py:737} INFO - Searching for files in /opt/airflow/dags
[2026-02-13T20:54:20.111+0000] {manager.py:740} INFO - There are 0 files in /opt/airflow/dags
[2026-02-13T20:59:20.924+0000] {manager.py:737} INFO - Searching for files in /opt/airflow/dags
[2026-02-13T20:59:20.929+0000] {manager.py:740} INFO - There are 0 files in /opt/airflow/dags
[2026-02-13T21:04:21.648+0000] {manager.py:737} INFO - Searching for files in /opt/airflow/dags
[2026-02-13T21:04:21.656+0000] {manager.py:740} INFO - There are 0 files in /opt/airflow/dags
[2026-02-13T21:09:22.533+0000] {manager.py:737} INFO - Searching for files in /opt/airflow/dags
[2026-02-13T21:09:22.539+0000] {manager.py:740} INFO - There are 0 files in /opt/airflow/dags
[2026-02-13T21:14:22.726+0000] {manager.py:737} INFO - Searching for files in /opt/airflow/dags
[2026-02-13T21:14:22.733+0000] {manager.py:740} INFO - There are 0 files in /opt/airflow/dags
[2026-02-13T21:25:03.500+0000] {manager.py:737} INFO - Searching for files in /opt/airflow/dags
[2026-02-13T21:25:03.522+0000] {manager.py:740} INFO - There are 0 files in /opt/airflow/dags
[2026-02-13T21:30:03.648+0000] {manager.py:737} INFO - Searching for files in /opt/airflow/dags
[2026-02-13T21:30:03.655+0000] {manager.py:740} INFO - There are 0 files in /opt/airflow/dags
[2026-02-13T21:35:03.874+0000] {manager.py:737} INFO - Searching for files in /opt/airflow/dags
[2026-02-13T21:35:03.878+0000] {manager.py:740} INFO - There are 0 files in /opt/airflow/dags
[2026-02-13T21:40:04.092+0000] {manager.py:737} INFO - Searching for files in /opt/airflow/dags
[2026-02-13T21:40:04.096+0000] {manager.py:740} INFO - There are 0 files in /opt/airflow/dags
[2026-02-13T21:45:04.362+0000] {manager.py:737} INFO - Searching for files in /opt/airflow/dags
[2026-02-13T21:45:04.365+0000] {manager.py:740} INFO - There are 0 files in /opt/airflow/dags
[2026-02-13T21:50:04.510+0000] {manager.py:737} INFO - Searching for files in /opt/airflow/dags
[2026-02-13T21:50:04.514+0000] {manager.py:740} INFO - There are 0 files in /opt/airflow/dags
[2026-02-13T21:55:04.645+0000] {manager.py:737} INFO - Searching for files in /opt/airflow/dags
[2026-02-13T21:55:04.650+0000] {manager.py:740} INFO - There are 0 files in /opt/airflow/dags
[2026-02-13T22:00:05.428+0000] {manager.py:737} INFO - Searching for files in /opt/airflow/dags
[2026-02-13T22:00:05.432+0000] {manager.py:740} INFO - There are 0 files in /opt/airflow/dags
[2026-02-13T22:05:05.556+0000] {manager.py:737} INFO - Searching for files in /opt/airflow/dags
[2026-02-13T22:05:05.560+0000] {manager.py:740} INFO - There are 0 files in /opt/airflow/dags
[2026-02-13T22:21:50.411+0000] {manager.py:737} INFO - Searching for files in /opt/airflow/dags
[2026-02-13T22:21:50.414+0000] {manager.py:740} INFO - There are 0 files in /opt/airflow/dags
[2026-02-13T22:39:26.267+0000] {manager.py:737} INFO - Searching for files in /opt/airflow/dags
[2026-02-13T22:39:26.268+0000] {manager.py:740} INFO - There are 0 files in /opt/airflow/dags
[2026-02-13T22:44:26.882+0000] {manager.py:737} INFO - Searching for files in /opt/airflow/dags
[2026-02-13T22:44:26.885+0000] {manager.py:740} INFO - There are 0 files in /opt/airflow/dags
[2026-02-13T22:49:27.175+0000] {manager.py:737} INFO - Searching for files in /opt/airflow/dags
[2026-02-13T22:49:27.180+0000] {manager.py:740} INFO - There are 0 files in /opt/airflow/dags
[2026-02-14T00:14:07.139+0000] {manager.py:737} INFO - Searching for files in /opt/airflow/dags
[2026-02-14T00:14:07.142+0000] {manager.py:740} INFO - There are 0 files in /opt/airflow/dags
[2026-02-14T00:51:37.927+0000] {manager.py:737} INFO - Searching for files in /opt/airflow/dags
[2026-02-14T00:51:37.929+0000] {manager.py:740} INFO - There are 0 files in /opt/airflow/dags
[2026-02-14T01:09:41.043+0000] {manager.py:737} INFO - Searching for files in /opt/airflow/dags
[2026-02-14T01:09:41.049+0000] {manager.py:740} INFO - There are 0 files in /opt/airflow/dags
[2026-02-14T01:26:47.189+0000] {manager.py:737} INFO - Searching for files in /opt/airflow/dags
[2026-02-14T01:26:47.190+0000] {manager.py:740} INFO - There are 0 files in /opt/airflow/dags
[2026-02-14T01:52:30.075+0000] {manager.py:737} INFO - Searching for files in /opt/airflow/dags
[2026-02-14T01:52:30.078+0000] {manager.py:740} INFO - There are 0 files in /opt/airflow/dags
[2026-02-14T02:53:26.953+0000] {manager.py:737} INFO - Searching for files in /opt/airflow/dags
[2026-02-14T02:53:26.955+0000] {manager.py:740} INFO - There are 0 files in /opt/airflow/dags
[2026-02-14T03:54:23.801+0000] {manager.py:737} INFO - Searching for files in /opt/airflow/dags
[2026-02-14T03:54:23.803+0000] {manager.py:740} INFO - There are 0 files in /opt/airflow/dags
[2026-02-14T04:44:14.838+0000] {manager.py:737} INFO - Searching for files in /opt/airflow/dags
[2026-02-14T04:44:14.839+0000] {manager.py:740} INFO - There are 0 files in /opt/airflow/dags
[2026-02-14T04:55:51.027+0000] {manager.py:737} INFO - Searching for files in /opt/airflow/dags
[2026-02-14T04:55:51.029+0000] {manager.py:740} INFO - There are 0 files in /opt/airflow/dags
[2026-02-14T05:06:25.258+0000] {manager.py:737} INFO - Searching for files in /opt/airflow/dags
[2026-02-14T05:06:25.261+0000] {manager.py:740} INFO - There are 0 files in /opt/airflow/dags
[2026-02-14T05:11:26.089+0000] {manager.py:737} INFO - Searching for files in /opt/airflow/dags
[2026-02-14T05:11:26.094+0000] {manager.py:740} INFO - There are 0 files in /opt/airflow/dags
[2026-02-14T05:16:26.449+0000] {manager.py:737} INFO - Searching for files in /opt/airflow/dags
[2026-02-14T05:16:26.452+0000] {manager.py:740} INFO - There are 0 files in /opt/airflow/dags
[2026-02-14T05:21:26.841+0000] {manager.py:737} INFO - Searching for files in /opt/airflow/dags
[2026-02-14T05:21:26.847+0000] {manager.py:740} INFO - There are 0 files in /opt/airflow/dags
[2026-02-14T05:26:27.020+0000] {manager.py:737} INFO - Searching for files in /opt/airflow/dags
[2026-02-14T05:26:27.024+0000] {manager.py:740} INFO - There are 0 files in /opt/airflow/dags
[2026-02-14T05:31:27.325+0000] {manager.py:737} INFO - Searching for files in /opt/airflow/dags
[2026-02-14T05:31:27.330+0000] {manager.py:740} INFO - There are 0 files in /opt/airflow/dags
[2026-02-14T05:39:17.477+0000] {manager.py:737} INFO - Searching for files in /opt/airflow/dags
[2026-02-14T05:39:17.480+0000] {manager.py:740} INFO - There are 0 files in /opt/airflow/dags
[2026-02-14T05:44:17.949+0000] {manager.py:737} INFO - Searching for files in /opt/airflow/dags
[2026-02-14T05:44:17.959+0000] {manager.py:740} INFO - There are 0 files in /opt/airflow/dags
[2026-02-14T05:49:18.176+0000] {manager.py:737} INFO - Searching for files in /opt/airflow/dags
[2026-02-14T05:49:18.182+0000] {manager.py:740} INFO - There are 0 files in /opt/airflow/dags
[2026-02-14T05:54:18.687+0000] {manager.py:737} INFO - Searching for files in /opt/airflow/dags
[2026-02-14T05:54:18.693+0000] {manager.py:740} INFO - There are 0 files in /opt/airflow/dags
[2026-02-14T05:59:19.073+0000] {manager.py:737} INFO - Searching for files in /opt/airflow/dags
[2026-02-14T05:59:19.079+0000] {manager.py:740} INFO - There are 0 files in /opt/airflow/dags
[2026-02-14T06:04:19.322+0000] {manager.py:737} INFO - Searching for files in /opt/airflow/dags
[2026-02-14T06:04:19.328+0000] {manager.py:740} INFO - There are 0 files in /opt/airflow/dags
[2026-02-14T06:09:20.258+0000] {manager.py:737} INFO - Searching for files in /opt/airflow/dags
[2026-02-14T06:09:20.266+0000] {manager.py:740} INFO - There are 0 files in /opt/airflow/dags
[2026-02-14T06:14:20.739+0000] {manager.py:737} INFO - Searching for files in /opt/airflow/dags
[2026-02-14T06:14:20.743+0000] {manager.py:740} INFO - There are 0 files in /opt/airflow/dags
[2026-02-14T06:19:21.639+0000] {manager.py:737} INFO - Searching for files in /opt/airflow/dags
[2026-02-14T06:19:21.643+0000] {manager.py:740} INFO - There are 0 files in /opt/airflow/dags
[2026-02-14T06:24:22.549+0000] {manager.py:737} INFO - Searching for files in /opt/airflow/dags
[2026-02-14T06:24:22.559+0000] {manager.py:740} INFO - There are 0 files in /opt/airflow/dags
[2026-02-14T06:29:23.459+0000] {manager.py:737} INFO - Searching for files in /opt/airflow/dags
[2026-02-14T06:29:23.465+0000] {manager.py:740} INFO - There are 0 files in /opt/airflow/dags
[2026-02-14T07:21:11.653+0000] {manager.py:737} INFO - Searching for files in /opt/airflow/dags
[2026-02-14T07:21:11.656+0000] {manager.py:740} INFO - There are 0 files in /opt/airflow/dags
[2026-02-14T08:33:35.472+0000] {manager.py:737} INFO - Searching for files in /opt/airflow/dags
[2026-02-14T08:33:35.474+0000] {manager.py:740} INFO - There are 0 files in /opt/airflow/dags
[2026-02-14T09:40:51.191+0000] {manager.py:737} INFO - Searching for files in /opt/airflow/dags
[2026-02-14T09:40:51.192+0000] {manager.py:740} INFO - There are 0 files in /opt/airflow/dags
[2026-02-14T11:19:51.646+0000] {manager.py:737} INFO - Searching for files in /opt/airflow/dags
[2026-02-14T11:19:51.650+0000] {manager.py:740} INFO - There are 0 files in /opt/airflow/dags
[2026-02-14T12:31:43.437+0000] {manager.py:737} INFO - Searching for files in /opt/airflow/dags
[2026-02-14T12:31:43.441+0000] {manager.py:740} INFO - There are 0 files in /opt/airflow/dags
[2026-02-14T13:33:18.547+0000] {manager.py:737} INFO - Searching for files in /opt/airflow/dags
[2026-02-14T13:33:18.549+0000] {manager.py:740} INFO - There are 0 files in /opt/airflow/dags
[2026-02-14T14:32:37.362+0000] {manager.py:737} INFO - Searching for files in /opt/airflow/dags
[2026-02-14T14:32:37.368+0000] {manager.py:740} INFO - There are 0 files in /opt/airflow/dags
[2026-02-14T15:20:38.622+0000] {manager.py:737} INFO - Searching for files in /opt/airflow/dags
[2026-02-14T15:20:38.623+0000] {manager.py:740} INFO - There are 0 files in /opt/airflow/dags
[2026-02-14T15:34:04.534+0000] {manager.py:737} INFO - Searching for files in /opt/airflow/dags
[2026-02-14T15:34:04.536+0000] {manager.py:740} INFO - There are 0 files in /opt/airflow/dags
[2026-02-14T16:08:12.654+0000] {manager.py:737} INFO - Searching for files in /opt/airflow/dags
[2026-02-14T16:08:12.659+0000] {manager.py:740} INFO - There are 0 files in /opt/airflow/dags
[2026-02-14T16:35:01.520+0000] {manager.py:737} INFO - Searching for files in /opt/airflow/dags
[2026-02-14T16:35:01.523+0000] {manager.py:740} INFO - There are 0 files in /opt/airflow/dags
[2026-02-14T17:08:11.607+0000] {manager.py:737} INFO - Searching for files in /opt/airflow/dags
[2026-02-14T17:08:11.609+0000] {manager.py:740} INFO - There are 0 files in /opt/airflow/dags
[2026-02-14T17:23:33.381+0000] {manager.py:737} INFO - Searching for files in /opt/airflow/dags
[2026-02-14T17:23:33.383+0000] {manager.py:740} INFO - There are 0 files in /opt/airflow/dags
[2026-02-14T17:28:34.342+0000] {manager.py:737} INFO - Searching for files in /opt/airflow/dags
[2026-02-14T17:28:34.346+0000] {manager.py:740} INFO - There are 0 files in /opt/airflow/dags
[2026-02-14T17:33:34.820+0000] {manager.py:737} INFO - Searching for files in /opt/airflow/dags
[2026-02-14T17:33:34.823+0000] {manager.py:740} INFO - There are 0 files in /opt/airflow/dags
[2026-02-14T17:38:34.821+0000] {manager.py:737} INFO - Searching for files in /opt/airflow/dags
[2026-02-14T17:38:34.824+0000] {manager.py:740} INFO - There are 0 files in /opt/airflow/dags
[2026-02-14T17:43:35.648+0000] {manager.py:737} INFO - Searching for files in /opt/airflow/dags
[2026-02-14T17:43:35.656+0000] {manager.py:740} INFO - There are 0 files in /opt/airflow/dags
[2026-02-14T17:48:36.537+0000] {manager.py:737} INFO - Searching for files in /opt/airflow/dags
[2026-02-14T17:48:36.542+0000] {manager.py:740} INFO - There are 0 files in /opt/airflow/dags
[2026-02-14T17:53:36.588+0000] {manager.py:737} INFO - Searching for files in /opt/airflow/dags
[2026-02-14T17:53:36.595+0000] {manager.py:740} INFO - There are 0 files in /opt/airflow/dags
[2026-02-14T17:58:37.463+0000] {manager.py:737} INFO - Searching for files in /opt/airflow/dags
[2026-02-14T17:58:37.472+0000] {manager.py:740} INFO - There are 0 files in /opt/airflow/dags
[2026-02-14T18:03:37.668+0000] {manager.py:737} INFO - Searching for files in /opt/airflow/dags
[2026-02-14T18:03:37.678+0000] {manager.py:740} INFO - There are 0 files in /opt/airflow/dags
[2026-02-14T18:08:38.077+0000] {manager.py:737} INFO - Searching for files in /opt/airflow/dags
[2026-02-14T18:08:38.085+0000] {manager.py:740} INFO - There are 0 files in /opt/airflow/dags
[2026-02-14T19:21:46.392+0000] {manager.py:737} INFO - Searching for files in /opt/airflow/dags
[2026-02-14T19:21:46.405+0000] {manager.py:740} INFO - There are 0 files in /opt/airflow/dags
[2026-02-14T19:26:47.158+0000] {manager.py:737} INFO - Searching for files in /opt/airflow/dags
[2026-02-14T19:26:47.169+0000] {manager.py:740} INFO - There are 0 files in /opt/airflow/dags
[2026-02-14T19:31:48.022+0000] {manager.py:737} INFO - Searching for files in /opt/airflow/dags
[2026-02-14T19:31:48.030+0000] {manager.py:740} INFO - There are 0 files in /opt/airflow/dags
[2026-02-14T19:36:48.887+0000] {manager.py:737} INFO - Searching for files in /opt/airflow/dags
[2026-02-14T19:36:48.894+0000] {manager.py:740} INFO - There are 0 files in /opt/airflow/dags
[2026-02-14T19:41:48.888+0000] {manager.py:737} INFO - Searching for files in /opt/airflow/dags
[2026-02-14T19:41:48.899+0000] {manager.py:740} INFO - There are 0 files in /opt/airflow/dags
[2026-02-14T19:46:49.740+0000] {manager.py:737} INFO - Searching for files in /opt/airflow/dags
[2026-02-14T19:46:49.747+0000] {manager.py:740} INFO - There are 0 files in /opt/airflow/dags
[2026-02-14T19:51:50.487+0000] {manager.py:737} INFO - Searching for files in /opt/airflow/dags
[2026-02-14T19:51:50.496+0000] {manager.py:740} INFO - There are 0 files in /opt/airflow/dags
[2026-02-14T19:56:50.494+0000] {manager.py:737} INFO - Searching for files in /opt/airflow/dags
[2026-02-14T19:56:50.501+0000] {manager.py:740} INFO - There are 0 files in /opt/airflow/dags
[2026-02-14T20:01:51.136+0000] {manager.py:737} INFO - Searching for files in /opt/airflow/dags
[2026-02-14T20:01:51.143+0000] {manager.py:740} INFO - There are 0 files in /opt/airflow/dags
[2026-02-14T20:06:52.043+0000] {manager.py:737} INFO - Searching for files in /opt/airflow/dags
[2026-02-14T20:06:52.050+0000] {manager.py:740} INFO - There are 0 files in /opt/airflow/dags
[2026-02-14T20:11:52.905+0000] {manager.py:737} INFO - Searching for files in /opt/airflow/dags
[2026-02-14T20:11:52.912+0000] {manager.py:740} INFO - There are 0 files in /opt/airflow/dags
[2026-02-14T20:16:53.585+0000] {manager.py:737} INFO - Searching for files in /opt/airflow/dags
[2026-02-14T20:16:53.590+0000] {manager.py:740} INFO - There are 0 files in /opt/airflow/dags
[2026-02-14T20:21:54.082+0000] {manager.py:737} INFO - Searching for files in /opt/airflow/dags
[2026-02-14T20:21:54.092+0000] {manager.py:740} INFO - There are 0 files in /opt/airflow/dags
[2026-02-14T20:26:54.651+0000] {manager.py:737} INFO - Searching for files in /opt/airflow/dags
[2026-02-14T20:26:54.657+0000] {manager.py:740} INFO - There are 0 files in /opt/airflow/dags
[2026-02-14T20:52:39.056+0000] {manager.py:737} INFO - Searching for files in /opt/airflow/dags
[2026-02-14T20:52:39.061+0000] {manager.py:740} INFO - There are 0 files in /opt/airflow/dags
[2026-02-14T20:57:39.094+0000] {manager.py:737} INFO - Searching for files in /opt/airflow/dags
[2026-02-14T20:57:39.104+0000] {manager.py:740} INFO - There are 0 files in /opt/airflow/dags
[2026-02-14T21:02:39.996+0000] {manager.py:737} INFO - Searching for files in /opt/airflow/dags
[2026-02-14T21:02:40.005+0000] {manager.py:740} INFO - There are 0 files in /opt/airflow/dags
[2026-02-14T21:07:40.847+0000] {manager.py:737} INFO - Searching for files in /opt/airflow/dags
[2026-02-14T21:07:40.853+0000] {manager.py:740} INFO - There are 0 files in /opt/airflow/dags
[2026-02-14T21:12:40.856+0000] {manager.py:737} INFO - Searching for files in /opt/airflow/dags
[2026-02-14T21:12:40.865+0000] {manager.py:740} INFO - There are 0 files in /opt/airflow/dags
[2026-02-14T21:17:40.973+0000] {manager.py:737} INFO - Searching for files in /opt/airflow/dags
[2026-02-14T21:17:41.103+0000] {manager.py:740} INFO - There are 0 files in /opt/airflow/dags
[2026-02-14T21:22:41.484+0000] {manager.py:737} INFO - Searching for files in /opt/airflow/dags
[2026-02-14T21:22:41.492+0000] {manager.py:740} INFO - There are 0 files in /opt/airflow/dags
[2026-02-14T21:27:41.786+0000] {manager.py:737} INFO - Searching for files in /opt/airflow/dags
[2026-02-14T21:27:41.793+0000] {manager.py:740} INFO - There are 0 files in /opt/airflow/dags
[2026-02-14T21:32:41.857+0000] {manager.py:737} INFO - Searching for files in /opt/airflow/dags
[2026-02-14T21:32:41.860+0000] {manager.py:740} INFO - There are 0 files in /opt/airflow/dags
[2026-02-14T21:37:42.709+0000] {manager.py:737} INFO - Searching for files in /opt/airflow/dags
[2026-02-14T21:37:42.716+0000] {manager.py:740} INFO - There are 0 files in /opt/airflow/dags
[2026-02-14T21:42:42.731+0000] {manager.py:737} INFO - Searching for files in /opt/airflow/dags
[2026-02-14T21:42:42.739+0000] {manager.py:740} INFO - There are 0 files in /opt/airflow/dags
[2026-02-14T21:47:43.022+0000] {manager.py:737} INFO - Searching for files in /opt/airflow/dags
[2026-02-14T21:47:43.027+0000] {manager.py:740} INFO - There are 0 files in /opt/airflow/dags
[2026-02-14T21:52:43.786+0000] {manager.py:737} INFO - Searching for files in /opt/airflow/dags
[2026-02-14T21:52:43.789+0000] {manager.py:740} INFO - There are 0 files in /opt/airflow/dags
[2026-02-14T21:57:44.007+0000] {manager.py:737} INFO - Searching for files in /opt/airflow/dags
[2026-02-14T21:57:44.013+0000] {manager.py:740} INFO - There are 0 files in /opt/airflow/dags
[2026-02-14T22:02:44.973+0000] {manager.py:737} INFO - Searching for files in /opt/airflow/dags
[2026-02-14T22:02:45.053+0000] {manager.py:740} INFO - There are 0 files in /opt/airflow/dags
[2026-02-14T22:07:45.234+0000] {manager.py:737} INFO - Searching for files in /opt/airflow/dags
[2026-02-14T22:07:45.238+0000] {manager.py:740} INFO - There are 0 files in /opt/airflow/dags
[2026-02-14T22:12:46.231+0000] {manager.py:737} INFO - Searching for files in /opt/airflow/dags
[2026-02-14T22:12:46.236+0000] {manager.py:740} INFO - There are 0 files in /opt/airflow/dags
[2026-02-14T22:30:33.434+0000] {manager.py:737} INFO - Searching for files in /opt/airflow/dags
[2026-02-14T22:30:33.439+0000] {manager.py:740} INFO - There are 0 files in /opt/airflow/dags
[2026-02-14T22:48:54.642+0000] {manager.py:737} INFO - Searching for files in /opt/airflow/dags
[2026-02-14T22:48:54.644+0000] {manager.py:740} INFO - There are 0 files in /opt/airflow/dags
[2026-02-14T22:53:54.725+0000] {manager.py:737} INFO - Searching for files in /opt/airflow/dags
[2026-02-14T22:53:54.731+0000] {manager.py:740} INFO - There are 0 files in /opt/airflow/dags
[2026-02-14T22:58:55.110+0000] {manager.py:737} INFO - Searching for files in /opt/airflow/dags
[2026-02-14T22:58:55.114+0000] {manager.py:740} INFO - There are 0 files in /opt/airflow/dags
[2026-02-14T23:03:55.537+0000] {manager.py:737} INFO - Searching for files in /opt/airflow/dags
[2026-02-14T23:03:55.590+0000] {manager.py:740} INFO - There are 0 files in /opt/airflow/dags
[2026-02-14T23:08:56.378+0000] {manager.py:737} INFO - Searching for files in /opt/airflow/dags
[2026-02-14T23:08:56.385+0000] {manager.py:740} INFO - There are 0 files in /opt/airflow/dags
[2026-02-14T23:13:57.125+0000] {manager.py:737} INFO - Searching for files in /opt/airflow/dags
[2026-02-14T23:13:57.136+0000] {manager.py:740} INFO - There are 0 files in /opt/airflow/dags
[2026-02-14T23:18:58.012+0000] {manager.py:737} INFO - Searching for files in /opt/airflow/dags
[2026-02-14T23:18:58.020+0000] {manager.py:740} INFO - There are 0 files in /opt/airflow/dags
[2026-02-14T23:23:58.665+0000] {manager.py:737} INFO - Searching for files in /opt/airflow/dags
[2026-02-14T23:23:58.673+0000] {manager.py:740} INFO - There are 0 files in /opt/airflow/dags
[2026-02-14T23:28:58.791+0000] {manager.py:737} INFO - Searching for files in /opt/airflow/dags
[2026-02-14T23:28:58.798+0000] {manager.py:740} INFO - There are 0 files in /opt/airflow/dags
[2026-02-14T23:33:59.658+0000] {manager.py:737} INFO - Searching for files in /opt/airflow/dags
[2026-02-14T23:33:59.668+0000] {manager.py:740} INFO - There are 0 files in /opt/airflow/dags
[2026-02-14T23:39:00.101+0000] {manager.py:737} INFO - Searching for files in /opt/airflow/dags
[2026-02-14T23:39:00.110+0000] {manager.py:740} INFO - There are 0 files in /opt/airflow/dags
[2026-02-14T23:44:00.864+0000] {manager.py:737} INFO - Searching for files in /opt/airflow/dags
[2026-02-14T23:44:00.869+0000] {manager.py:740} INFO - There are 0 files in /opt/airflow/dags
[2026-02-14T23:49:01.209+0000] {manager.py:737} INFO - Searching for files in /opt/airflow/dags
[2026-02-14T23:49:01.216+0000] {manager.py:740} INFO - There are 0 files in /opt/airflow/dags
[2026-02-14T23:54:01.739+0000] {manager.py:737} INFO - Searching for files in /opt/airflow/dags
[2026-02-14T23:54:01.746+0000] {manager.py:740} INFO - There are 0 files in /opt/airflow/dags
[2026-02-14T23:59:02.368+0000] {manager.py:737} INFO - Searching for files in /opt/airflow/dags
[2026-02-14T23:59:02.373+0000] {manager.py:740} INFO - There are 0 files in /opt/airflow/dags
[2026-02-15T00:04:02.702+0000] {manager.py:737} INFO - Searching for files in /opt/airflow/dags
[2026-02-15T00:04:02.749+0000] {manager.py:740} INFO - There are 0 files in /opt/airflow/dags
[2026-02-15T00:09:03.278+0000] {manager.py:737} INFO - Searching for files in /opt/airflow/dags
[2026-02-15T00:09:03.284+0000] {manager.py:740} INFO - There are 0 files in /opt/airflow/dags
[2026-02-15T00:14:04.033+0000] {manager.py:737} INFO - Searching for files in /opt/airflow/dags
[2026-02-15T00:14:04.100+0000] {manager.py:740} INFO - There are 0 files in /opt/airflow/dags
[2026-02-15T00:19:04.782+0000] {manager.py:737} INFO - Searching for files in /opt/airflow/dags
[2026-02-15T00:19:04.793+0000] {manager.py:740} INFO - There are 0 files in /opt/airflow/dags
[2026-02-15T00:24:05.467+0000] {manager.py:737} INFO - Searching for files in /opt/airflow/dags
[2026-02-15T00:24:05.471+0000] {manager.py:740} INFO - There are 0 files in /opt/airflow/dags
[2026-02-15T00:29:06.193+0000] {manager.py:737} INFO - Searching for files in /opt/airflow/dags
[2026-02-15T00:29:06.198+0000] {manager.py:740} INFO - There are 0 files in /opt/airflow/dags
[2026-02-15T00:34:07.036+0000] {manager.py:737} INFO - Searching for files in /opt/airflow/dags
[2026-02-15T00:34:07.043+0000] {manager.py:740} INFO - There are 0 files in /opt/airflow/dags
[2026-02-15T00:39:07.885+0000] {manager.py:737} INFO - Searching for files in /opt/airflow/dags
[2026-02-15T00:39:07.963+0000] {manager.py:740} INFO - There are 0 files in /opt/airflow/dags
[2026-02-15T00:44:08.653+0000] {manager.py:737} INFO - Searching for files in /opt/airflow/dags
[2026-02-15T00:44:08.666+0000] {manager.py:740} INFO - There are 0 files in /opt/airflow/dags
[2026-02-15T00:49:08.856+0000] {manager.py:737} INFO - Searching for files in /opt/airflow/dags
[2026-02-15T00:49:08.866+0000] {manager.py:740} INFO - There are 0 files in /opt/airflow/dags
[2026-02-15T00:54:09.468+0000] {manager.py:737} INFO - Searching for files in /opt/airflow/dags
[2026-02-15T00:54:09.474+0000] {manager.py:740} INFO - There are 0 files in /opt/airflow/dags
[2026-02-15T00:59:10.178+0000] {manager.py:737} INFO - Searching for files in /opt/airflow/dags
[2026-02-15T00:59:10.182+0000] {manager.py:740} INFO - There are 0 files in /opt/airflow/dags
[2026-02-15T01:04:10.820+0000] {manager.py:737} INFO - Searching for files in /opt/airflow/dags
[2026-02-15T01:04:10.827+0000] {manager.py:740} INFO - There are 0 files in /opt/airflow/dags
[2026-02-15T01:09:11.611+0000] {manager.py:737} INFO - Searching for files in /opt/airflow/dags
[2026-02-15T01:09:11.619+0000] {manager.py:740} INFO - There are 0 files in /opt/airflow/dags
[2026-02-15T01:14:12.353+0000] {manager.py:737} INFO - Searching for files in /opt/airflow/dags
[2026-02-15T01:14:12.359+0000] {manager.py:740} INFO - There are 0 files in /opt/airflow/dags
[2026-02-15T01:19:12.835+0000] {manager.py:737} INFO - Searching for files in /opt/airflow/dags
[2026-02-15T01:19:12.843+0000] {manager.py:740} INFO - There are 0 files in /opt/airflow/dags
[2026-02-15T01:24:13.699+0000] {manager.py:737} INFO - Searching for files in /opt/airflow/dags
[2026-02-15T01:24:13.708+0000] {manager.py:740} INFO - There are 0 files in /opt/airflow/dags
[2026-02-15T01:29:14.120+0000] {manager.py:737} INFO - Searching for files in /opt/airflow/dags
[2026-02-15T01:29:14.126+0000] {manager.py:740} INFO - There are 0 files in /opt/airflow/dags
[2026-02-15T01:34:14.640+0000] {manager.py:737} INFO - Searching for files in /opt/airflow/dags
[2026-02-15T01:34:14.699+0000] {manager.py:740} INFO - There are 0 files in /opt/airflow/dags
[2026-02-15T01:39:15.106+0000] {manager.py:737} INFO - Searching for files in /opt/airflow/dags
[2026-02-15T01:39:15.122+0000] {manager.py:740} INFO - There are 0 files in /opt/airflow/dags
[2026-02-15T01:44:15.964+0000] {manager.py:737} INFO - Searching for files in /opt/airflow/dags
[2026-02-15T01:44:15.974+0000] {manager.py:740} INFO - There are 0 files in /opt/airflow/dags
[2026-02-15T01:49:16.505+0000] {manager.py:737} INFO - Searching for files in /opt/airflow/dags
[2026-02-15T01:49:16.515+0000] {manager.py:740} INFO - There are 0 files in /opt/airflow/dags
[2026-02-15T01:54:17.296+0000] {manager.py:737} INFO - Searching for files in /opt/airflow/dags
[2026-02-15T01:54:17.304+0000] {manager.py:740} INFO - There are 0 files in /opt/airflow/dags
[2026-02-15T02:45:28.210+0000] {manager.py:737} INFO - Searching for files in /opt/airflow/dags
[2026-02-15T02:45:28.299+0000] {manager.py:740} INFO - There are 0 files in /opt/airflow/dags
[2026-02-15T02:59:26.684+0000] {manager.py:737} INFO - Searching for files in /opt/airflow/dags
[2026-02-15T02:59:26.689+0000] {manager.py:740} INFO - There are 0 files in /opt/airflow/dags
[2026-02-15T03:04:26.894+0000] {manager.py:737} INFO - Searching for files in /opt/airflow/dags
[2026-02-15T03:04:26.901+0000] {manager.py:740} INFO - There are 0 files in /opt/airflow/dags
[2026-02-15T03:09:27.654+0000] {manager.py:737} INFO - Searching for files in /opt/airflow/dags
[2026-02-15T03:09:27.659+0000] {manager.py:740} INFO - There are 0 files in /opt/airflow/dags
[2026-02-15T03:14:27.795+0000] {manager.py:737} INFO - Searching for files in /opt/airflow/dags
[2026-02-15T03:14:27.802+0000] {manager.py:740} INFO - There are 0 files in /opt/airflow/dags
[2026-02-15T03:19:28.547+0000] {manager.py:737} INFO - Searching for files in /opt/airflow/dags
[2026-02-15T03:19:28.552+0000] {manager.py:740} INFO - There are 0 files in /opt/airflow/dags
[2026-02-15T03:24:28.879+0000] {manager.py:737} INFO - Searching for files in /opt/airflow/dags
[2026-02-15T03:24:28.887+0000] {manager.py:740} INFO - There are 0 files in /opt/airflow/dags
[2026-02-15T03:29:29.404+0000] {manager.py:737} INFO - Searching for files in /opt/airflow/dags
[2026-02-15T03:29:29.420+0000] {manager.py:740} INFO - There are 0 files in /opt/airflow/dags
[2026-02-15T03:34:29.738+0000] {manager.py:737} INFO - Searching for files in /opt/airflow/dags
[2026-02-15T03:34:29.744+0000] {manager.py:740} INFO - There are 0 files in /opt/airflow/dags
[2026-02-15T03:39:30.323+0000] {manager.py:737} INFO - Searching for files in /opt/airflow/dags
[2026-02-15T03:39:30.330+0000] {manager.py:740} INFO - There are 0 files in /opt/airflow/dags
[2026-02-15T03:44:30.799+0000] {manager.py:737} INFO - Searching for files in /opt/airflow/dags
[2026-02-15T03:44:30.804+0000] {manager.py:740} INFO - There are 0 files in /opt/airflow/dags
[2026-02-15T03:49:31.062+0000] {manager.py:737} INFO - Searching for files in /opt/airflow/dags
[2026-02-15T03:49:31.069+0000] {manager.py:740} INFO - There are 0 files in /opt/airflow/dags
[2026-02-15T03:54:32.027+0000] {manager.py:737} INFO - Searching for files in /opt/airflow/dags
[2026-02-15T03:54:32.037+0000] {manager.py:740} INFO - There are 0 files in /opt/airflow/dags
[2026-02-15T03:59:32.064+0000] {manager.py:737} INFO - Searching for files in /opt/airflow/dags
[2026-02-15T03:59:32.068+0000] {manager.py:740} INFO - There are 0 files in /opt/airflow/dags
[2026-02-15T04:04:32.824+0000] {manager.py:737} INFO - Searching for files in /opt/airflow/dags
[2026-02-15T04:04:32.829+0000] {manager.py:740} INFO - There are 0 files in /opt/airflow/dags
[2026-02-15T04:09:33.395+0000] {manager.py:737} INFO - Searching for files in /opt/airflow/dags
[2026-02-15T04:09:33.402+0000] {manager.py:740} INFO - There are 0 files in /opt/airflow/dags
[2026-02-15T04:14:33.890+0000] {manager.py:737} INFO - Searching for files in /opt/airflow/dags
[2026-02-15T04:14:33.895+0000] {manager.py:740} INFO - There are 0 files in /opt/airflow/dags
[2026-02-15T04:19:34.426+0000] {manager.py:737} INFO - Searching for files in /opt/airflow/dags
[2026-02-15T04:19:34.432+0000] {manager.py:740} INFO - There are 0 files in /opt/airflow/dags
[2026-02-15T04:24:34.575+0000] {manager.py:737} INFO - Searching for files in /opt/airflow/dags
[2026-02-15T04:24:34.581+0000] {manager.py:740} INFO - There are 0 files in /opt/airflow/dags
[2026-02-15T04:29:34.621+0000] {manager.py:737} INFO - Searching for files in /opt/airflow/dags
[2026-02-15T04:29:34.627+0000] {manager.py:740} INFO - There are 0 files in /opt/airflow/dags
[2026-02-15T04:34:34.932+0000] {manager.py:737} INFO - Searching for files in /opt/airflow/dags
[2026-02-15T04:34:34.936+0000] {manager.py:740} INFO - There are 0 files in /opt/airflow/dags
[2026-02-15T04:39:35.082+0000] {manager.py:737} INFO - Searching for files in /opt/airflow/dags
[2026-02-15T04:39:35.088+0000] {manager.py:740} INFO - There are 0 files in /opt/airflow/dags
[2026-02-15T04:44:36.027+0000] {manager.py:737} INFO - Searching for files in /opt/airflow/dags
[2026-02-15T04:44:36.033+0000] {manager.py:740} INFO - There are 0 files in /opt/airflow/dags
[2026-02-15T04:49:36.855+0000] {manager.py:737} INFO - Searching for files in /opt/airflow/dags
[2026-02-15T04:49:36.859+0000] {manager.py:740} INFO - There are 0 files in /opt/airflow/dags
[2026-02-15T04:54:37.550+0000] {manager.py:737} INFO - Searching for files in /opt/airflow/dags
[2026-02-15T04:54:37.554+0000] {manager.py:740} INFO - There are 0 files in /opt/airflow/dags
[2026-02-15T04:59:59.171+0000] {manager.py:737} INFO - Searching for files in /opt/airflow/dags
[2026-02-15T04:59:59.181+0000] {manager.py:740} INFO - There are 0 files in /opt/airflow/dags
[2026-02-15T05:16:35.253+0000] {manager.py:737} INFO - Searching for files in /opt/airflow/dags
[2026-02-15T05:16:35.255+0000] {manager.py:740} INFO - There are 0 files in /opt/airflow/dags
[2026-02-15T06:06:21.604+0000] {manager.py:737} INFO - Searching for files in /opt/airflow/dags
[2026-02-15T06:06:21.607+0000] {manager.py:740} INFO - There are 0 files in /opt/airflow/dags
[2026-02-15T06:39:33.051+0000] {manager.py:737} INFO - Searching for files in /opt/airflow/dags
[2026-02-15T06:39:33.053+0000] {manager.py:740} INFO - There are 0 files in /opt/airflow/dags
[2026-02-15T07:01:02.164+0000] {manager.py:737} INFO - Searching for files in /opt/airflow/dags
[2026-02-15T07:01:02.168+0000] {manager.py:740} INFO - There are 0 files in /opt/airflow/dags
[2026-02-15T08:01:58.867+0000] {manager.py:737} INFO - Searching for files in /opt/airflow/dags
[2026-02-15T08:01:58.872+0000] {manager.py:740} INFO - There are 0 files in /opt/airflow/dags
[2026-02-15T09:24:52.031+0000] {manager.py:737} INFO - Searching for files in /opt/airflow/dags
[2026-02-15T09:24:52.032+0000] {manager.py:740} INFO - There are 0 files in /opt/airflow/dags
[2026-02-15T09:35:28.085+0000] {manager.py:737} INFO - Searching for files in /opt/airflow/dags
[2026-02-15T09:35:28.088+0000] {manager.py:740} INFO - There are 0 files in /opt/airflow/dags
[2026-02-15T10:08:44.868+0000] {manager.py:737} INFO - Searching for files in /opt/airflow/dags
[2026-02-15T10:08:44.869+0000] {manager.py:740} INFO - There are 0 files in /opt/airflow/dags
[2026-02-15T10:58:31.817+0000] {manager.py:737} INFO - Searching for files in /opt/airflow/dags
[2026-02-15T10:58:31.819+0000] {manager.py:740} INFO - There are 0 files in /opt/airflow/dags
[2026-02-15T12:00:34.557+0000] {manager.py:737} INFO - Searching for files in /opt/airflow/dags
[2026-02-15T12:00:34.571+0000] {manager.py:740} INFO - There are 0 files in /opt/airflow/dags
[2026-02-15T13:20:13.854+0000] {manager.py:737} INFO - Searching for files in /opt/airflow/dags
[2026-02-15T13:20:13.858+0000] {manager.py:740} INFO - There are 0 files in /opt/airflow/dags
[2026-02-15T14:01:40.390+0000] {manager.py:737} INFO - Searching for files in /opt/airflow/dags
[2026-02-15T14:01:40.393+0000] {manager.py:740} INFO - There are 0 files in /opt/airflow/dags
[2026-02-15T14:18:49.770+0000] {manager.py:737} INFO - Searching for files in /opt/airflow/dags
[2026-02-15T14:18:49.773+0000] {manager.py:740} INFO - There are 0 files in /opt/airflow/dags
[2026-02-15T14:35:35.256+0000] {manager.py:737} INFO - Searching for files in /opt/airflow/dags
[2026-02-15T14:35:35.258+0000] {manager.py:740} INFO - There are 0 files in /opt/airflow/dags
[2026-02-15T14:55:31.183+0000] {manager.py:737} INFO - Searching for files in /opt/airflow/dags
[2026-02-15T14:55:31.191+0000] {manager.py:740} INFO - There are 0 files in /opt/airflow/dags
[2026-02-15T15:02:39.979+0000] {manager.py:737} INFO - Searching for files in /opt/airflow/dags
[2026-02-15T15:02:39.983+0000] {manager.py:740} INFO - There are 0 files in /opt/airflow/dags
[2026-02-15T15:21:01.007+0000] {manager.py:737} INFO - Searching for files in /opt/airflow/dags
[2026-02-15T15:21:01.008+0000] {manager.py:740} INFO - There are 0 files in /opt/airflow/dags
[2026-02-15T16:03:36.543+0000] {manager.py:737} INFO - Searching for files in /opt/airflow/dags
[2026-02-15T16:03:36.548+0000] {manager.py:740} INFO - There are 0 files in /opt/airflow/dags
[2026-02-15T17:04:33.319+0000] {manager.py:737} INFO - Searching for files in /opt/airflow/dags
[2026-02-15T17:04:33.324+0000] {manager.py:740} INFO - There are 0 files in /opt/airflow/dags
[2026-02-15T17:37:22.754+0000] {manager.py:737} INFO - Searching for files in /opt/airflow/dags
[2026-02-15T17:37:22.763+0000] {manager.py:740} INFO - There are 0 files in /opt/airflow/dags
[2026-02-15T17:56:17.778+0000] {manager.py:737} INFO - Searching for files in /opt/airflow/dags
[2026-02-15T17:56:17.781+0000] {manager.py:740} INFO - There are 0 files in /opt/airflow/dags
[2026-02-15T18:05:49.754+0000] {manager.py:737} INFO - Searching for files in /opt/airflow/dags
[2026-02-15T18:05:49.757+0000] {manager.py:740} INFO - There are 0 files in /opt/airflow/dags
[2026-02-15T18:21:48.803+0000] {manager.py:737} INFO - Searching for files in /opt/airflow/dags
[2026-02-15T18:21:48.807+0000] {manager.py:740} INFO - There are 0 files in /opt/airflow/dags
[2026-02-15T19:06:29.851+0000] {manager.py:737} INFO - Searching for files in /opt/airflow/dags
[2026-02-15T19:06:29.853+0000] {manager.py:740} INFO - There are 0 files in /opt/airflow/dags
[2026-02-15T20:07:27.040+0000] {manager.py:737} INFO - Searching for files in /opt/airflow/dags
[2026-02-15T20:07:27.042+0000] {manager.py:740} INFO - There are 0 files in /opt/airflow/dags
[2026-02-15T20:14:11.083+0000] {manager.py:737} INFO - Searching for files in /opt/airflow/dags
[2026-02-15T20:14:11.086+0000] {manager.py:740} INFO - There are 0 files in /opt/airflow/dags
[2026-02-15T20:19:11.707+0000] {manager.py:737} INFO - Searching for files in /opt/airflow/dags
[2026-02-15T20:19:11.714+0000] {manager.py:740} INFO - There are 0 files in /opt/airflow/dags
[2026-02-15T20:24:12.268+0000] {manager.py:737} INFO - Searching for files in /opt/airflow/dags
[2026-02-15T20:24:12.276+0000] {manager.py:740} INFO - There are 0 files in /opt/airflow/dags
[2026-02-15T20:29:12.972+0000] {manager.py:737} INFO - Searching for files in /opt/airflow/dags
[2026-02-15T20:29:12.979+0000] {manager.py:740} INFO - There are 0 files in /opt/airflow/dags
[2026-02-15T20:34:13.888+0000] {manager.py:737} INFO - Searching for files in /opt/airflow/dags
[2026-02-15T20:34:13.899+0000] {manager.py:740} INFO - There are 0 files in /opt/airflow/dags
[2026-02-15T20:39:14.527+0000] {manager.py:737} INFO - Searching for files in /opt/airflow/dags
[2026-02-15T20:39:14.535+0000] {manager.py:740} INFO - There are 0 files in /opt/airflow/dags
[2026-02-15T20:44:15.362+0000] {manager.py:737} INFO - Searching for files in /opt/airflow/dags
[2026-02-15T20:44:15.369+0000] {manager.py:740} INFO - There are 0 files in /opt/airflow/dags
[2026-02-15T20:49:15.752+0000] {manager.py:737} INFO - Searching for files in /opt/airflow/dags
[2026-02-15T20:49:15.758+0000] {manager.py:740} INFO - There are 0 files in /opt/airflow/dags
[2026-02-15T20:54:16.161+0000] {manager.py:737} INFO - Searching for files in /opt/airflow/dags
[2026-02-15T20:54:16.167+0000] {manager.py:740} INFO - There are 0 files in /opt/airflow/dags
[2026-02-15T20:59:16.900+0000] {manager.py:737} INFO - Searching for files in /opt/airflow/dags
[2026-02-15T20:59:16.911+0000] {manager.py:740} INFO - There are 0 files in /opt/airflow/dags
[2026-02-15T21:04:17.206+0000] {manager.py:737} INFO - Searching for files in /opt/airflow/dags
[2026-02-15T21:04:17.212+0000] {manager.py:740} INFO - There are 0 files in /opt/airflow/dags
[2026-02-15T21:09:17.990+0000] {manager.py:737} INFO - Searching for files in /opt/airflow/dags
[2026-02-15T21:09:17.995+0000] {manager.py:740} INFO - There are 0 files in /opt/airflow/dags
[2026-02-15T21:14:18.695+0000] {manager.py:737} INFO - Searching for files in /opt/airflow/dags
[2026-02-15T21:14:18.703+0000] {manager.py:740} INFO - There are 0 files in /opt/airflow/dags
[2026-02-15T21:19:19.575+0000] {manager.py:737} INFO - Searching for files in /opt/airflow/dags
[2026-02-15T21:19:19.585+0000] {manager.py:740} INFO - There are 0 files in /opt/airflow/dags
[2026-02-15T21:24:20.421+0000] {manager.py:737} INFO - Searching for files in /opt/airflow/dags
[2026-02-15T21:24:20.427+0000] {manager.py:740} INFO - There are 0 files in /opt/airflow/dags
[2026-02-15T21:29:20.561+0000] {manager.py:737} INFO - Searching for files in /opt/airflow/dags
[2026-02-15T21:29:20.571+0000] {manager.py:740} INFO - There are 0 files in /opt/airflow/dags
[2026-02-15T21:34:21.225+0000] {manager.py:737} INFO - Searching for files in /opt/airflow/dags
[2026-02-15T21:34:21.234+0000] {manager.py:740} INFO - There are 0 files in /opt/airflow/dags
[2026-02-15T21:39:21.479+0000] {manager.py:737} INFO - Searching for files in /opt/airflow/dags
[2026-02-15T21:39:21.485+0000] {manager.py:740} INFO - There are 0 files in /opt/airflow/dags
[2026-02-15T21:44:21.656+0000] {manager.py:737} INFO - Searching for files in /opt/airflow/dags
[2026-02-15T21:44:21.664+0000] {manager.py:740} INFO - There are 0 files in /opt/airflow/dags
[2026-02-15T21:49:22.424+0000] {manager.py:737} INFO - Searching for files in /opt/airflow/dags
[2026-02-15T21:49:22.430+0000] {manager.py:740} INFO - There are 0 files in /opt/airflow/dags
[2026-02-15T21:54:23.340+0000] {manager.py:737} INFO - Searching for files in /opt/airflow/dags
[2026-02-15T21:54:23.347+0000] {manager.py:740} INFO - There are 0 files in /opt/airflow/dags
[2026-02-15T21:59:23.659+0000] {manager.py:737} INFO - Searching for files in /opt/airflow/dags
[2026-02-15T21:59:23.669+0000] {manager.py:740} INFO - There are 0 files in /opt/airflow/dags
[2026-02-15T22:04:24.505+0000] {manager.py:737} INFO - Searching for files in /opt/airflow/dags
[2026-02-15T22:04:24.516+0000] {manager.py:740} INFO - There are 0 files in /opt/airflow/dags
[2026-02-15T22:09:24.579+0000] {manager.py:737} INFO - Searching for files in /opt/airflow/dags
[2026-02-15T22:09:24.585+0000] {manager.py:740} INFO - There are 0 files in /opt/airflow/dags
[2026-02-15T22:14:25.361+0000] {manager.py:737} INFO - Searching for files in /opt/airflow/dags
[2026-02-15T22:14:25.370+0000] {manager.py:740} INFO - There are 0 files in /opt/airflow/dags
[2026-02-15T22:19:25.947+0000] {manager.py:737} INFO - Searching for files in /opt/airflow/dags
[2026-02-15T22:19:25.952+0000] {manager.py:740} INFO - There are 0 files in /opt/airflow/dags
[2026-02-15T22:24:26.198+0000] {manager.py:737} INFO - Searching for files in /opt/airflow/dags
[2026-02-15T22:24:26.204+0000] {manager.py:740} INFO - There are 0 files in /opt/airflow/dags
[2026-02-15T22:29:27.044+0000] {manager.py:737} INFO - Searching for files in /opt/airflow/dags
[2026-02-15T22:29:27.052+0000] {manager.py:740} INFO - There are 0 files in /opt/airflow/dags
[2026-02-15T22:34:27.632+0000] {manager.py:737} INFO - Searching for files in /opt/airflow/dags
[2026-02-15T22:34:27.640+0000] {manager.py:740} INFO - There are 0 files in /opt/airflow/dags
[2026-02-15T22:39:28.201+0000] {manager.py:737} INFO - Searching for files in /opt/airflow/dags
[2026-02-15T22:39:28.208+0000] {manager.py:740} INFO - There are 0 files in /opt/airflow/dags
[2026-02-15T22:44:28.248+0000] {manager.py:737} INFO - Searching for files in /opt/airflow/dags
[2026-02-15T22:44:28.253+0000] {manager.py:740} INFO - There are 0 files in /opt/airflow/dags
[2026-02-15T22:49:28.500+0000] {manager.py:737} INFO - Searching for files in /opt/airflow/dags
[2026-02-15T22:49:28.506+0000] {manager.py:740} INFO - There are 0 files in /opt/airflow/dags
[2026-02-15T22:54:28.850+0000] {manager.py:737} INFO - Searching for files in /opt/airflow/dags
[2026-02-15T22:54:28.856+0000] {manager.py:740} INFO - There are 0 files in /opt/airflow/dags
[2026-02-15T23:29:34.591+0000] {manager.py:737} INFO - Searching for files in /opt/airflow/dags
[2026-02-15T23:29:34.596+0000] {manager.py:740} INFO - There are 0 files in /opt/airflow/dags
[2026-02-15T23:47:51.781+0000] {manager.py:737} INFO - Searching for files in /opt/airflow/dags
[2026-02-15T23:47:51.785+0000] {manager.py:740} INFO - There are 0 files in /opt/airflow/dags
[2026-02-15T23:52:52.617+0000] {manager.py:737} INFO - Searching for files in /opt/airflow/dags
[2026-02-15T23:52:52.627+0000] {manager.py:740} INFO - There are 0 files in /opt/airflow/dags
[2026-02-16T00:09:08.907+0000] {manager.py:737} INFO - Searching for files in /opt/airflow/dags
[2026-02-16T00:09:08.911+0000] {manager.py:740} INFO - There are 0 files in /opt/airflow/dags
[2026-02-16T00:25:29.279+0000] {manager.py:737} INFO - Searching for files in /opt/airflow/dags
[2026-02-16T00:25:29.287+0000] {manager.py:740} INFO - There are 0 files in /opt/airflow/dags
[2026-02-16T00:41:37.249+0000] {manager.py:737} INFO - Searching for files in /opt/airflow/dags
[2026-02-16T00:41:37.253+0000] {manager.py:740} INFO - There are 0 files in /opt/airflow/dags
[2026-02-16T00:59:50.915+0000] {manager.py:737} INFO - Searching for files in /opt/airflow/dags
[2026-02-16T00:59:50.918+0000] {manager.py:740} INFO - There are 0 files in /opt/airflow/dags
[2026-02-16T01:31:59.915+0000] {manager.py:737} INFO - Searching for files in /opt/airflow/dags
[2026-02-16T01:31:59.917+0000] {manager.py:740} INFO - There are 0 files in /opt/airflow/dags
[2026-02-16T02:00:48.817+0000] {manager.py:737} INFO - Searching for files in /opt/airflow/dags
[2026-02-16T02:00:48.820+0000] {manager.py:740} INFO - There are 0 files in /opt/airflow/dags
[2026-02-16T02:16:18.129+0000] {manager.py:737} INFO - Searching for files in /opt/airflow/dags
[2026-02-16T02:16:18.132+0000] {manager.py:740} INFO - There are 0 files in /opt/airflow/dags
[2026-02-16T02:35:03.831+0000] {manager.py:737} INFO - Searching for files in /opt/airflow/dags
[2026-02-16T02:35:03.834+0000] {manager.py:740} INFO - There are 0 files in /opt/airflow/dags
[2026-02-16T02:50:42.126+0000] {manager.py:737} INFO - Searching for files in /opt/airflow/dags
[2026-02-16T02:50:42.193+0000] {manager.py:740} INFO - There are 0 files in /opt/airflow/dags
[2026-02-16T03:01:59.267+0000] {manager.py:737} INFO - Searching for files in /opt/airflow/dags
[2026-02-16T03:01:59.270+0000] {manager.py:740} INFO - There are 0 files in /opt/airflow/dags
[2026-02-16T03:52:37.827+0000] {manager.py:737} INFO - Searching for files in /opt/airflow/dags
[2026-02-16T03:52:37.829+0000] {manager.py:740} INFO - There are 0 files in /opt/airflow/dags
[2026-02-16T04:02:57.911+0000] {manager.py:737} INFO - Searching for files in /opt/airflow/dags
[2026-02-16T04:02:57.915+0000] {manager.py:740} INFO - There are 0 files in /opt/airflow/dags
[2026-02-16T04:36:47.825+0000] {manager.py:737} INFO - Searching for files in /opt/airflow/dags
[2026-02-16T04:36:47.828+0000] {manager.py:740} INFO - There are 0 files in /opt/airflow/dags
[2026-02-16T04:55:11.534+0000] {manager.py:737} INFO - Searching for files in /opt/airflow/dags
[2026-02-16T04:55:11.537+0000] {manager.py:740} INFO - There are 0 files in /opt/airflow/dags
[2026-02-16T05:03:37.836+0000] {manager.py:737} INFO - Searching for files in /opt/airflow/dags
[2026-02-16T05:03:37.839+0000] {manager.py:740} INFO - There are 0 files in /opt/airflow/dags
[2026-02-16T06:04:35.624+0000] {manager.py:737} INFO - Searching for files in /opt/airflow/dags
[2026-02-16T06:04:35.650+0000] {manager.py:740} INFO - There are 0 files in /opt/airflow/dags
[2026-02-16T07:05:33.532+0000] {manager.py:737} INFO - Searching for files in /opt/airflow/dags
[2026-02-16T07:05:33.534+0000] {manager.py:740} INFO - There are 0 files in /opt/airflow/dags
[2026-02-16T07:52:29.565+0000] {manager.py:737} INFO - Searching for files in /opt/airflow/dags
[2026-02-16T07:52:29.569+0000] {manager.py:740} INFO - There are 0 files in /opt/airflow/dags
[2026-02-16T09:30:29.959+0000] {manager.py:737} INFO - Searching for files in /opt/airflow/dags
[2026-02-16T09:30:29.962+0000] {manager.py:740} INFO - There are 0 files in /opt/airflow/dags
[2026-02-16T10:47:45.814+0000] {manager.py:737} INFO - Searching for files in /opt/airflow/dags
[2026-02-16T10:47:45.817+0000] {manager.py:740} INFO - There are 0 files in /opt/airflow/dags
[2026-02-16T11:01:04.608+0000] {manager.py:737} INFO - Searching for files in /opt/airflow/dags
[2026-02-16T11:01:04.612+0000] {manager.py:740} INFO - There are 0 files in /opt/airflow/dags
[2026-02-16T11:16:52.920+0000] {manager.py:737} INFO - Searching for files in /opt/airflow/dags
[2026-02-16T11:16:52.922+0000] {manager.py:740} INFO - There are 0 files in /opt/airflow/dags
[2026-02-16T12:39:31.914+0000] {manager.py:737} INFO - Searching for files in /opt/airflow/dags
[2026-02-16T12:39:31.917+0000] {manager.py:740} INFO - There are 0 files in /opt/airflow/dags
[2026-02-16T13:02:09.614+0000] {manager.py:737} INFO - Searching for files in /opt/airflow/dags
[2026-02-16T13:02:09.616+0000] {manager.py:740} INFO - There are 0 files in /opt/airflow/dags
[2026-02-16T13:35:54.667+0000] {manager.py:737} INFO - Searching for files in /opt/airflow/dags
[2026-02-16T13:35:54.669+0000] {manager.py:740} INFO - There are 0 files in /opt/airflow/dags
[2026-02-16T14:03:08.405+0000] {manager.py:737} INFO - Searching for files in /opt/airflow/dags
[2026-02-16T14:03:08.408+0000] {manager.py:740} INFO - There are 0 files in /opt/airflow/dags
[2026-02-16T14:19:59.819+0000] {manager.py:737} INFO - Searching for files in /opt/airflow/dags
[2026-02-16T14:19:59.821+0000] {manager.py:740} INFO - There are 0 files in /opt/airflow/dags
[2026-02-16T15:04:05.150+0000] {manager.py:737} INFO - Searching for files in /opt/airflow/dags
[2026-02-16T15:04:05.155+0000] {manager.py:740} INFO - There are 0 files in /opt/airflow/dags
[2026-02-16T15:21:45.533+0000] {manager.py:737} INFO - Searching for files in /opt/airflow/dags
[2026-02-16T15:21:45.535+0000] {manager.py:740} INFO - There are 0 files in /opt/airflow/dags
[2026-02-16T16:05:01.947+0000] {manager.py:737} INFO - Searching for files in /opt/airflow/dags
[2026-02-16T16:05:01.950+0000] {manager.py:740} INFO - There are 0 files in /opt/airflow/dags
[2026-02-16T16:39:42.025+0000] {manager.py:737} INFO - Searching for files in /opt/airflow/dags
[2026-02-16T16:39:42.028+0000] {manager.py:740} INFO - There are 0 files in /opt/airflow/dags
[2026-02-16T17:06:12.345+0000] {manager.py:737} INFO - Searching for files in /opt/airflow/dags
[2026-02-16T17:06:12.347+0000] {manager.py:740} INFO - There are 0 files in /opt/airflow/dags
[2026-02-16T17:40:55.297+0000] {manager.py:737} INFO - Searching for files in /opt/airflow/dags
[2026-02-16T17:40:55.298+0000] {manager.py:740} INFO - There are 0 files in /opt/airflow/dags
[2026-02-16T18:06:53.588+0000] {manager.py:737} INFO - Searching for files in /opt/airflow/dags
[2026-02-16T18:06:53.590+0000] {manager.py:740} INFO - There are 0 files in /opt/airflow/dags
[2026-02-16T18:32:11.287+0000] {manager.py:737} INFO - Searching for files in /opt/airflow/dags
[2026-02-16T18:32:11.293+0000] {manager.py:740} INFO - There are 0 files in /opt/airflow/dags
[2026-02-16T19:00:47.839+0000] {manager.py:737} INFO - Searching for files in /opt/airflow/dags
[2026-02-16T19:00:47.841+0000] {manager.py:740} INFO - There are 0 files in /opt/airflow/dags
[2026-02-16T19:25:53.525+0000] {manager.py:737} INFO - Searching for files in /opt/airflow/dags
[2026-02-16T19:25:53.527+0000] {manager.py:740} INFO - There are 0 files in /opt/airflow/dags
[2026-02-16T20:09:05.750+0000] {manager.py:737} INFO - Searching for files in /opt/airflow/dags
[2026-02-16T20:09:05.754+0000] {manager.py:740} INFO - There are 0 files in /opt/airflow/dags
[2026-02-16T20:37:42.748+0000] {manager.py:737} INFO - Searching for files in /opt/airflow/dags
[2026-02-16T20:37:42.752+0000] {manager.py:740} INFO - There are 0 files in /opt/airflow/dags
[2026-02-16T20:42:43.632+0000] {manager.py:737} INFO - Searching for files in /opt/airflow/dags
[2026-02-16T20:42:43.642+0000] {manager.py:740} INFO - There are 0 files in /opt/airflow/dags
[2026-02-16T20:47:44.386+0000] {manager.py:737} INFO - Searching for files in /opt/airflow/dags
[2026-02-16T20:47:44.395+0000] {manager.py:740} INFO - There are 0 files in /opt/airflow/dags
[2026-02-16T20:52:44.937+0000] {manager.py:737} INFO - Searching for files in /opt/airflow/dags
[2026-02-16T20:52:44.944+0000] {manager.py:740} INFO - There are 0 files in /opt/airflow/dags
[2026-02-16T20:57:45.595+0000] {manager.py:737} INFO - Searching for files in /opt/airflow/dags
[2026-02-16T20:57:45.604+0000] {manager.py:740} INFO - There are 0 files in /opt/airflow/dags
[2026-02-16T21:02:46.410+0000] {manager.py:737} INFO - Searching for files in /opt/airflow/dags
[2026-02-16T21:02:46.415+0000] {manager.py:740} INFO - There are 0 files in /opt/airflow/dags
[2026-02-16T21:07:47.003+0000] {manager.py:737} INFO - Searching for files in /opt/airflow/dags
[2026-02-16T21:07:47.008+0000] {manager.py:740} INFO - There are 0 files in /opt/airflow/dags
[2026-02-16T21:12:47.878+0000] {manager.py:737} INFO - Searching for files in /opt/airflow/dags
[2026-02-16T21:12:47.884+0000] {manager.py:740} INFO - There are 0 files in /opt/airflow/dags
[2026-02-16T21:17:48.740+0000] {manager.py:737} INFO - Searching for files in /opt/airflow/dags
[2026-02-16T21:17:48.749+0000] {manager.py:740} INFO - There are 0 files in /opt/airflow/dags
[2026-02-16T21:22:49.267+0000] {manager.py:737} INFO - Searching for files in /opt/airflow/dags
[2026-02-16T21:22:49.273+0000] {manager.py:740} INFO - There are 0 files in /opt/airflow/dags
[2026-02-16T21:27:56.240+0000] {manager.py:737} INFO - Searching for files in /opt/airflow/dags
[2026-02-16T21:28:06.142+0000] {manager.py:740} INFO - There are 0 files in /opt/airflow/dags
[2026-02-16T21:32:56.563+0000] {manager.py:737} INFO - Searching for files in /opt/airflow/dags
[2026-02-16T21:32:56.568+0000] {manager.py:740} INFO - There are 0 files in /opt/airflow/dags
[2026-02-16T21:49:18.894+0000] {manager.py:737} INFO - Searching for files in /opt/airflow/dags
[2026-02-16T21:49:18.899+0000] {manager.py:740} INFO - There are 0 files in /opt/airflow/dags
[2026-02-16T21:54:19.525+0000] {manager.py:737} INFO - Searching for files in /opt/airflow/dags
[2026-02-16T21:54:19.529+0000] {manager.py:740} INFO - There are 0 files in /opt/airflow/dags
[2026-02-16T21:59:20.046+0000] {manager.py:737} INFO - Searching for files in /opt/airflow/dags
[2026-02-16T21:59:20.049+0000] {manager.py:740} INFO - There are 0 files in /opt/airflow/dags
[2026-02-16T22:04:20.639+0000] {manager.py:737} INFO - Searching for files in /opt/airflow/dags
[2026-02-16T22:04:20.645+0000] {manager.py:740} INFO - There are 0 files in /opt/airflow/dags
[2026-02-16T22:09:21.263+0000] {manager.py:737} INFO - Searching for files in /opt/airflow/dags
[2026-02-16T22:09:21.266+0000] {manager.py:740} INFO - There are 0 files in /opt/airflow/dags
[2026-02-16T22:14:21.457+0000] {manager.py:737} INFO - Searching for files in /opt/airflow/dags
[2026-02-16T22:14:21.465+0000] {manager.py:740} INFO - There are 0 files in /opt/airflow/dags
[2026-02-16T22:19:22.128+0000] {manager.py:737} INFO - Searching for files in /opt/airflow/dags
[2026-02-16T22:19:22.132+0000] {manager.py:740} INFO - There are 0 files in /opt/airflow/dags
[2026-02-16T22:24:22.624+0000] {manager.py:737} INFO - Searching for files in /opt/airflow/dags
[2026-02-16T22:24:22.625+0000] {manager.py:740} INFO - There are 0 files in /opt/airflow/dags
[2026-02-16T22:29:23.352+0000] {manager.py:737} INFO - Searching for files in /opt/airflow/dags
[2026-02-16T22:29:23.356+0000] {manager.py:740} INFO - There are 0 files in /opt/airflow/dags
[2026-02-16T22:34:23.968+0000] {manager.py:737} INFO - Searching for files in /opt/airflow/dags
[2026-02-16T22:34:23.972+0000] {manager.py:740} INFO - There are 0 files in /opt/airflow/dags
[2026-02-16T22:39:24.707+0000] {manager.py:737} INFO - Searching for files in /opt/airflow/dags
[2026-02-16T22:39:24.712+0000] {manager.py:740} INFO - There are 0 files in /opt/airflow/dags
[2026-02-16T22:44:24.894+0000] {manager.py:737} INFO - Searching for files in /opt/airflow/dags
[2026-02-16T22:44:24.898+0000] {manager.py:740} INFO - There are 0 files in /opt/airflow/dags
[2026-02-16T22:49:25.223+0000] {manager.py:737} INFO - Searching for files in /opt/airflow/dags
[2026-02-16T22:49:25.228+0000] {manager.py:740} INFO - There are 0 files in /opt/airflow/dags
[2026-02-16T22:54:25.825+0000] {manager.py:737} INFO - Searching for files in /opt/airflow/dags
[2026-02-16T22:54:25.829+0000] {manager.py:740} INFO - There are 0 files in /opt/airflow/dags
[2026-02-16T22:59:26.485+0000] {manager.py:737} INFO - Searching for files in /opt/airflow/dags
[2026-02-16T22:59:26.489+0000] {manager.py:740} INFO - There are 0 files in /opt/airflow/dags
[2026-02-16T23:04:26.805+0000] {manager.py:737} INFO - Searching for files in /opt/airflow/dags
[2026-02-16T23:04:26.810+0000] {manager.py:740} INFO - There are 0 files in /opt/airflow/dags
[2026-02-16T23:09:27.057+0000] {manager.py:737} INFO - Searching for files in /opt/airflow/dags
[2026-02-16T23:09:27.060+0000] {manager.py:740} INFO - There are 0 files in /opt/airflow/dags
[2026-02-16T23:14:27.394+0000] {manager.py:737} INFO - Searching for files in /opt/airflow/dags
[2026-02-16T23:14:27.397+0000] {manager.py:740} INFO - There are 0 files in /opt/airflow/dags
[2026-02-16T23:19:28.161+0000] {manager.py:737} INFO - Searching for files in /opt/airflow/dags
[2026-02-16T23:19:28.165+0000] {manager.py:740} INFO - There are 0 files in /opt/airflow/dags
[2026-02-16T23:24:28.533+0000] {manager.py:737} INFO - Searching for files in /opt/airflow/dags
[2026-02-16T23:24:28.537+0000] {manager.py:740} INFO - There are 0 files in /opt/airflow/dags
[2026-02-16T23:29:29.165+0000] {manager.py:737} INFO - Searching for files in /opt/airflow/dags
[2026-02-16T23:29:29.169+0000] {manager.py:740} INFO - There are 0 files in /opt/airflow/dags
[2026-02-16T23:34:29.492+0000] {manager.py:737} INFO - Searching for files in /opt/airflow/dags
[2026-02-16T23:34:29.496+0000] {manager.py:740} INFO - There are 0 files in /opt/airflow/dags
[2026-02-16T23:39:30.074+0000] {manager.py:737} INFO - Searching for files in /opt/airflow/dags
[2026-02-16T23:39:30.078+0000] {manager.py:740} INFO - There are 0 files in /opt/airflow/dags
[2026-02-16T23:44:30.220+0000] {manager.py:737} INFO - Searching for files in /opt/airflow/dags
[2026-02-16T23:44:30.223+0000] {manager.py:740} INFO - There are 0 files in /opt/airflow/dags
[2026-02-16T23:49:30.488+0000] {manager.py:737} INFO - Searching for files in /opt/airflow/dags
[2026-02-16T23:49:30.492+0000] {manager.py:740} INFO - There are 0 files in /opt/airflow/dags
[2026-02-16T23:54:30.726+0000] {manager.py:737} INFO - Searching for files in /opt/airflow/dags
[2026-02-16T23:54:30.772+0000] {manager.py:740} INFO - There are 0 files in /opt/airflow/dags
[2026-02-16T23:59:31.373+0000] {manager.py:737} INFO - Searching for files in /opt/airflow/dags
[2026-02-16T23:59:31.380+0000] {manager.py:740} INFO - There are 0 files in /opt/airflow/dags
[2026-02-17T00:04:31.385+0000] {manager.py:737} INFO - Searching for files in /opt/airflow/dags
[2026-02-17T00:04:31.431+0000] {manager.py:740} INFO - There are 0 files in /opt/airflow/dags
[2026-02-17T00:09:32.323+0000] {manager.py:737} INFO - Searching for files in /opt/airflow/dags
[2026-02-17T00:09:32.328+0000] {manager.py:740} INFO - There are 0 files in /opt/airflow/dags
[2026-02-17T00:14:33.030+0000] {manager.py:737} INFO - Searching for files in /opt/airflow/dags
[2026-02-17T00:14:33.033+0000] {manager.py:740} INFO - There are 0 files in /opt/airflow/dags
[2026-02-17T00:19:33.912+0000] {manager.py:737} INFO - Searching for files in /opt/airflow/dags
[2026-02-17T00:19:33.918+0000] {manager.py:740} INFO - There are 0 files in /opt/airflow/dags
[2026-02-17T00:24:34.739+0000] {manager.py:737} INFO - Searching for files in /opt/airflow/dags
[2026-02-17T00:24:34.743+0000] {manager.py:740} INFO - There are 0 files in /opt/airflow/dags
[2026-02-17T00:29:34.933+0000] {manager.py:737} INFO - Searching for files in /opt/airflow/dags
[2026-02-17T00:29:34.938+0000] {manager.py:740} INFO - There are 0 files in /opt/airflow/dags
[2026-02-17T00:34:35.334+0000] {manager.py:737} INFO - Searching for files in /opt/airflow/dags
[2026-02-17T00:34:35.339+0000] {manager.py:740} INFO - There are 0 files in /opt/airflow/dags
[2026-02-17T00:39:35.802+0000] {manager.py:737} INFO - Searching for files in /opt/airflow/dags
[2026-02-17T00:39:35.807+0000] {manager.py:740} INFO - There are 0 files in /opt/airflow/dags
[2026-02-17T00:44:36.206+0000] {manager.py:737} INFO - Searching for files in /opt/airflow/dags
[2026-02-17T00:44:36.215+0000] {manager.py:740} INFO - There are 0 files in /opt/airflow/dags
[2026-02-17T00:49:36.699+0000] {manager.py:737} INFO - Searching for files in /opt/airflow/dags
[2026-02-17T00:49:36.704+0000] {manager.py:740} INFO - There are 0 files in /opt/airflow/dags
[2026-02-17T00:54:37.083+0000] {manager.py:737} INFO - Searching for files in /opt/airflow/dags
[2026-02-17T00:54:37.092+0000] {manager.py:740} INFO - There are 0 files in /opt/airflow/dags
[2026-02-17T00:59:37.839+0000] {manager.py:737} INFO - Searching for files in /opt/airflow/dags
[2026-02-17T00:59:37.844+0000] {manager.py:740} INFO - There are 0 files in /opt/airflow/dags
[2026-02-17T01:04:37.874+0000] {manager.py:737} INFO - Searching for files in /opt/airflow/dags
[2026-02-17T01:04:37.883+0000] {manager.py:740} INFO - There are 0 files in /opt/airflow/dags
[2026-02-17T01:09:38.562+0000] {manager.py:737} INFO - Searching for files in /opt/airflow/dags
[2026-02-17T01:09:38.567+0000] {manager.py:740} INFO - There are 0 files in /opt/airflow/dags
[2026-02-17T01:14:38.750+0000] {manager.py:737} INFO - Searching for files in /opt/airflow/dags
[2026-02-17T01:14:38.856+0000] {manager.py:740} INFO - There are 0 files in /opt/airflow/dags
[2026-02-17T01:19:39.515+0000] {manager.py:737} INFO - Searching for files in /opt/airflow/dags
[2026-02-17T01:19:39.521+0000] {manager.py:740} INFO - There are 0 files in /opt/airflow/dags
[2026-02-17T01:24:40.403+0000] {manager.py:737} INFO - Searching for files in /opt/airflow/dags
[2026-02-17T01:24:40.411+0000] {manager.py:740} INFO - There are 0 files in /opt/airflow/dags
[2026-02-17T01:29:40.503+0000] {manager.py:737} INFO - Searching for files in /opt/airflow/dags
[2026-02-17T01:29:40.510+0000] {manager.py:740} INFO - There are 0 files in /opt/airflow/dags
[2026-02-17T01:34:40.911+0000] {manager.py:737} INFO - Searching for files in /opt/airflow/dags
[2026-02-17T01:34:40.921+0000] {manager.py:740} INFO - There are 0 files in /opt/airflow/dags
[2026-02-17T01:39:41.791+0000] {manager.py:737} INFO - Searching for files in /opt/airflow/dags
[2026-02-17T01:39:41.797+0000] {manager.py:740} INFO - There are 0 files in /opt/airflow/dags
[2026-02-17T01:44:42.335+0000] {manager.py:737} INFO - Searching for files in /opt/airflow/dags
[2026-02-17T01:44:42.340+0000] {manager.py:740} INFO - There are 0 files in /opt/airflow/dags
[2026-02-17T01:49:42.945+0000] {manager.py:737} INFO - Searching for files in /opt/airflow/dags
[2026-02-17T01:49:42.955+0000] {manager.py:740} INFO - There are 0 files in /opt/airflow/dags
[2026-02-17T01:54:43.552+0000] {manager.py:737} INFO - Searching for files in /opt/airflow/dags
[2026-02-17T01:54:43.559+0000] {manager.py:740} INFO - There are 0 files in /opt/airflow/dags
[2026-02-17T01:59:44.111+0000] {manager.py:737} INFO - Searching for files in /opt/airflow/dags
[2026-02-17T01:59:44.116+0000] {manager.py:740} INFO - There are 0 files in /opt/airflow/dags
[2026-02-17T02:04:44.949+0000] {manager.py:737} INFO - Searching for files in /opt/airflow/dags
[2026-02-17T02:04:44.956+0000] {manager.py:740} INFO - There are 0 files in /opt/airflow/dags
[2026-02-17T02:09:45.602+0000] {manager.py:737} INFO - Searching for files in /opt/airflow/dags
[2026-02-17T02:09:45.609+0000] {manager.py:740} INFO - There are 0 files in /opt/airflow/dags
[2026-02-17T02:14:46.185+0000] {manager.py:737} INFO - Searching for files in /opt/airflow/dags
[2026-02-17T02:14:46.190+0000] {manager.py:740} INFO - There are 0 files in /opt/airflow/dags
[2026-02-17T02:19:46.722+0000] {manager.py:737} INFO - Searching for files in /opt/airflow/dags
[2026-02-17T02:19:46.731+0000] {manager.py:740} INFO - There are 0 files in /opt/airflow/dags
[2026-02-17T02:24:46.956+0000] {manager.py:737} INFO - Searching for files in /opt/airflow/dags
[2026-02-17T02:24:46.962+0000] {manager.py:740} INFO - There are 0 files in /opt/airflow/dags
[2026-02-17T02:29:47.294+0000] {manager.py:737} INFO - Searching for files in /opt/airflow/dags
[2026-02-17T02:29:47.303+0000] {manager.py:740} INFO - There are 0 files in /opt/airflow/dags
[2026-02-17T02:34:47.733+0000] {manager.py:737} INFO - Searching for files in /opt/airflow/dags
[2026-02-17T02:34:47.742+0000] {manager.py:740} INFO - There are 0 files in /opt/airflow/dags
[2026-02-17T02:39:48.418+0000] {manager.py:737} INFO - Searching for files in /opt/airflow/dags
[2026-02-17T02:39:48.425+0000] {manager.py:740} INFO - There are 0 files in /opt/airflow/dags
[2026-02-17T02:44:49.072+0000] {manager.py:737} INFO - Searching for files in /opt/airflow/dags
[2026-02-17T02:44:49.077+0000] {manager.py:740} INFO - There are 0 files in /opt/airflow/dags
[2026-02-17T02:49:49.263+0000] {manager.py:737} INFO - Searching for files in /opt/airflow/dags
[2026-02-17T02:49:49.271+0000] {manager.py:740} INFO - There are 0 files in /opt/airflow/dags
[2026-02-17T02:54:49.318+0000] {manager.py:737} INFO - Searching for files in /opt/airflow/dags
[2026-02-17T02:54:49.327+0000] {manager.py:740} INFO - There are 0 files in /opt/airflow/dags
[2026-02-17T03:11:21.193+0000] {manager.py:737} INFO - Searching for files in /opt/airflow/dags
[2026-02-17T03:11:21.198+0000] {manager.py:740} INFO - There are 0 files in /opt/airflow/dags
[2026-02-17T03:32:06.880+0000] {manager.py:737} INFO - Searching for files in /opt/airflow/dags
[2026-02-17T03:32:06.883+0000] {manager.py:740} INFO - There are 0 files in /opt/airflow/dags
[2026-02-17T04:04:09.984+0000] {manager.py:737} INFO - Searching for files in /opt/airflow/dags
[2026-02-17T04:04:09.990+0000] {manager.py:740} INFO - There are 0 files in /opt/airflow/dags
[2026-02-17T04:09:10.937+0000] {manager.py:737} INFO - Searching for files in /opt/airflow/dags
[2026-02-17T04:09:10.942+0000] {manager.py:740} INFO - There are 0 files in /opt/airflow/dags
[2026-02-17T04:14:11.191+0000] {manager.py:737} INFO - Searching for files in /opt/airflow/dags
[2026-02-17T04:14:11.201+0000] {manager.py:740} INFO - There are 0 files in /opt/airflow/dags
[2026-02-17T04:19:11.262+0000] {manager.py:737} INFO - Searching for files in /opt/airflow/dags
[2026-02-17T04:19:11.274+0000] {manager.py:740} INFO - There are 0 files in /opt/airflow/dags
[2026-02-17T04:24:11.681+0000] {manager.py:737} INFO - Searching for files in /opt/airflow/dags
[2026-02-17T04:24:11.686+0000] {manager.py:740} INFO - There are 0 files in /opt/airflow/dags
[2026-02-17T04:29:12.119+0000] {manager.py:737} INFO - Searching for files in /opt/airflow/dags
[2026-02-17T04:29:12.128+0000] {manager.py:740} INFO - There are 0 files in /opt/airflow/dags
[2026-02-17T04:34:13.008+0000] {manager.py:737} INFO - Searching for files in /opt/airflow/dags
[2026-02-17T04:34:13.018+0000] {manager.py:740} INFO - There are 0 files in /opt/airflow/dags
[2026-02-17T04:39:13.931+0000] {manager.py:737} INFO - Searching for files in /opt/airflow/dags
[2026-02-17T04:39:13.941+0000] {manager.py:740} INFO - There are 0 files in /opt/airflow/dags
[2026-02-17T04:44:14.930+0000] {manager.py:737} INFO - Searching for files in /opt/airflow/dags
[2026-02-17T04:44:14.939+0000] {manager.py:740} INFO - There are 0 files in /opt/airflow/dags
[2026-02-17T04:49:15.049+0000] {manager.py:737} INFO - Searching for files in /opt/airflow/dags
[2026-02-17T04:49:15.055+0000] {manager.py:740} INFO - There are 0 files in /opt/airflow/dags
[2026-02-17T04:54:15.885+0000] {manager.py:737} INFO - Searching for files in /opt/airflow/dags
[2026-02-17T04:54:15.890+0000] {manager.py:740} INFO - There are 0 files in /opt/airflow/dags
[2026-02-17T04:59:16.692+0000] {manager.py:737} INFO - Searching for files in /opt/airflow/dags
[2026-02-17T04:59:16.702+0000] {manager.py:740} INFO - There are 0 files in /opt/airflow/dags
[2026-02-17T05:04:16.843+0000] {manager.py:737} INFO - Searching for files in /opt/airflow/dags
[2026-02-17T05:04:16.849+0000] {manager.py:740} INFO - There are 0 files in /opt/airflow/dags
[2026-02-17T05:09:17.718+0000] {manager.py:737} INFO - Searching for files in /opt/airflow/dags
[2026-02-17T05:09:17.724+0000] {manager.py:740} INFO - There are 0 files in /opt/airflow/dags
[2026-02-17T05:14:17.866+0000] {manager.py:737} INFO - Searching for files in /opt/airflow/dags
[2026-02-17T05:14:17.877+0000] {manager.py:740} INFO - There are 0 files in /opt/airflow/dags
[2026-02-17T05:31:55.250+0000] {manager.py:737} INFO - Searching for files in /opt/airflow/dags
[2026-02-17T05:31:55.257+0000] {manager.py:740} INFO - There are 0 files in /opt/airflow/dags
[2026-02-17T06:52:33.933+0000] {manager.py:737} INFO - Searching for files in /opt/airflow/dags
[2026-02-17T06:52:33.935+0000] {manager.py:740} INFO - There are 0 files in /opt/airflow/dags
[2026-02-17T07:34:34.539+0000] {manager.py:737} INFO - Searching for files in /opt/airflow/dags
[2026-02-17T07:34:34.543+0000] {manager.py:740} INFO - There are 0 files in /opt/airflow/dags
[2026-02-17T09:13:58.182+0000] {manager.py:737} INFO - Searching for files in /opt/airflow/dags
[2026-02-17T09:13:58.184+0000] {manager.py:740} INFO - There are 0 files in /opt/airflow/dags
[2026-02-17T10:16:29.631+0000] {manager.py:737} INFO - Searching for files in /opt/airflow/dags
[2026-02-17T10:16:29.634+0000] {manager.py:740} INFO - There are 0 files in /opt/airflow/dags
[2026-02-17T11:26:43.861+0000] {manager.py:737} INFO - Searching for files in /opt/airflow/dags
[2026-02-17T11:26:43.865+0000] {manager.py:740} INFO - There are 0 files in /opt/airflow/dags
[2026-02-17T12:52:30.302+0000] {manager.py:737} INFO - Searching for files in /opt/airflow/dags
[2026-02-17T12:52:30.304+0000] {manager.py:740} INFO - There are 0 files in /opt/airflow/dags
[2026-02-17T14:04:34.874+0000] {manager.py:737} INFO - Searching for files in /opt/airflow/dags
[2026-02-17T14:04:34.876+0000] {manager.py:740} INFO - There are 0 files in /opt/airflow/dags
[2026-02-17T14:51:58.264+0000] {manager.py:737} INFO - Searching for files in /opt/airflow/dags
[2026-02-17T14:51:58.266+0000] {manager.py:740} INFO - There are 0 files in /opt/airflow/dags
[2026-02-17T16:05:04.848+0000] {manager.py:737} INFO - Searching for files in /opt/airflow/dags
[2026-02-17T16:05:04.849+0000] {manager.py:740} INFO - There are 0 files in /opt/airflow/dags
[2026-02-17T16:52:48.493+0000] {manager.py:737} INFO - Searching for files in /opt/airflow/dags
[2026-02-17T16:52:48.495+0000] {manager.py:740} INFO - There are 0 files in /opt/airflow/dags
[2026-02-17T18:20:13.207+0000] {manager.py:737} INFO - Searching for files in /opt/airflow/dags
[2026-02-17T18:20:13.209+0000] {manager.py:740} INFO - There are 0 files in /opt/airflow/dags
[2026-02-17T19:01:00.685+0000] {manager.py:737} INFO - Searching for files in /opt/airflow/dags
[2026-02-17T19:01:00.693+0000] {manager.py:740} INFO - There are 0 files in /opt/airflow/dags
[2026-02-17T19:06:00.907+0000] {manager.py:737} INFO - Searching for files in /opt/airflow/dags
[2026-02-17T19:06:00.922+0000] {manager.py:740} INFO - There are 0 files in /opt/airflow/dags
[2026-02-17T19:11:01.626+0000] {manager.py:737} INFO - Searching for files in /opt/airflow/dags
[2026-02-17T19:11:01.632+0000] {manager.py:740} INFO - There are 0 files in /opt/airflow/dags
[2026-02-17T19:16:02.351+0000] {manager.py:737} INFO - Searching for files in /opt/airflow/dags
[2026-02-17T19:16:02.357+0000] {manager.py:740} INFO - There are 0 files in /opt/airflow/dags
[2026-02-17T19:21:02.402+0000] {manager.py:737} INFO - Searching for files in /opt/airflow/dags
[2026-02-17T19:21:02.411+0000] {manager.py:740} INFO - There are 0 files in /opt/airflow/dags
[2026-02-17T19:26:03.134+0000] {manager.py:737} INFO - Searching for files in /opt/airflow/dags
[2026-02-17T19:26:03.136+0000] {manager.py:740} INFO - There are 0 files in /opt/airflow/dags
[2026-02-17T19:31:03.944+0000] {manager.py:737} INFO - Searching for files in /opt/airflow/dags
[2026-02-17T19:31:03.948+0000] {manager.py:740} INFO - There are 0 files in /opt/airflow/dags
[2026-02-17T19:36:04.904+0000] {manager.py:737} INFO - Searching for files in /opt/airflow/dags
[2026-02-17T19:36:04.908+0000] {manager.py:740} INFO - There are 0 files in /opt/airflow/dags
[2026-02-17T19:41:05.039+0000] {manager.py:737} INFO - Searching for files in /opt/airflow/dags
[2026-02-17T19:41:05.046+0000] {manager.py:740} INFO - There are 0 files in /opt/airflow/dags
[2026-02-17T19:46:06.001+0000] {manager.py:737} INFO - Searching for files in /opt/airflow/dags
[2026-02-17T19:46:06.006+0000] {manager.py:740} INFO - There are 0 files in /opt/airflow/dags
[2026-02-17T19:51:06.062+0000] {manager.py:737} INFO - Searching for files in /opt/airflow/dags
[2026-02-17T19:51:06.073+0000] {manager.py:740} INFO - There are 0 files in /opt/airflow/dags
[2026-02-17T19:56:07.044+0000] {manager.py:737} INFO - Searching for files in /opt/airflow/dags
[2026-02-17T19:56:07.054+0000] {manager.py:740} INFO - There are 0 files in /opt/airflow/dags
[2026-02-17T20:01:07.074+0000] {manager.py:737} INFO - Searching for files in /opt/airflow/dags
[2026-02-17T20:01:07.080+0000] {manager.py:740} INFO - There are 0 files in /opt/airflow/dags
[2026-02-17T20:06:07.765+0000] {manager.py:737} INFO - Searching for files in /opt/airflow/dags
[2026-02-17T20:06:07.771+0000] {manager.py:740} INFO - There are 0 files in /opt/airflow/dags
[2026-02-17T20:11:08.727+0000] {manager.py:737} INFO - Searching for files in /opt/airflow/dags
[2026-02-17T20:11:08.736+0000] {manager.py:740} INFO - There are 0 files in /opt/airflow/dags
[2026-02-17T20:16:09.188+0000] {manager.py:737} INFO - Searching for files in /opt/airflow/dags
[2026-02-17T20:16:09.192+0000] {manager.py:740} INFO - There are 0 files in /opt/airflow/dags
[2026-02-17T20:21:09.584+0000] {manager.py:737} INFO - Searching for files in /opt/airflow/dags
[2026-02-17T20:21:09.590+0000] {manager.py:740} INFO - There are 0 files in /opt/airflow/dags
[2026-02-17T20:26:09.740+0000] {manager.py:737} INFO - Searching for files in /opt/airflow/dags
[2026-02-17T20:26:09.746+0000] {manager.py:740} INFO - There are 0 files in /opt/airflow/dags
[2026-02-17T20:31:10.155+0000] {manager.py:737} INFO - Searching for files in /opt/airflow/dags
[2026-02-17T20:31:10.161+0000] {manager.py:740} INFO - There are 0 files in /opt/airflow/dags
[2026-02-17T20:36:10.167+0000] {manager.py:737} INFO - Searching for files in /opt/airflow/dags
[2026-02-17T20:36:10.173+0000] {manager.py:740} INFO - There are 0 files in /opt/airflow/dags
[2026-02-17T20:41:11.071+0000] {manager.py:737} INFO - Searching for files in /opt/airflow/dags
[2026-02-17T20:41:11.075+0000] {manager.py:740} INFO - There are 0 files in /opt/airflow/dags
[2026-02-17T20:46:11.821+0000] {manager.py:737} INFO - Searching for files in /opt/airflow/dags
[2026-02-17T20:46:11.825+0000] {manager.py:740} INFO - There are 0 files in /opt/airflow/dags
[2026-02-17T20:51:11.955+0000] {manager.py:737} INFO - Searching for files in /opt/airflow/dags
[2026-02-17T20:51:11.962+0000] {manager.py:740} INFO - There are 0 files in /opt/airflow/dags
[2026-02-17T20:56:12.097+0000] {manager.py:737} INFO - Searching for files in /opt/airflow/dags
[2026-02-17T20:56:12.099+0000] {manager.py:740} INFO - There are 0 files in /opt/airflow/dags
[2026-02-17T21:01:12.323+0000] {manager.py:737} INFO - Searching for files in /opt/airflow/dags
[2026-02-17T21:01:12.330+0000] {manager.py:740} INFO - There are 0 files in /opt/airflow/dags
[2026-02-17T21:06:12.778+0000] {manager.py:737} INFO - Searching for files in /opt/airflow/dags
[2026-02-17T21:06:12.784+0000] {manager.py:740} INFO - There are 0 files in /opt/airflow/dags
[2026-02-17T21:11:13.754+0000] {manager.py:737} INFO - Searching for files in /opt/airflow/dags
[2026-02-17T21:11:13.759+0000] {manager.py:740} INFO - There are 0 files in /opt/airflow/dags
[2026-02-17T21:16:14.370+0000] {manager.py:737} INFO - Searching for files in /opt/airflow/dags
[2026-02-17T21:16:14.375+0000] {manager.py:740} INFO - There are 0 files in /opt/airflow/dags
[2026-02-17T21:21:14.601+0000] {manager.py:737} INFO - Searching for files in /opt/airflow/dags
[2026-02-17T21:21:14.612+0000] {manager.py:740} INFO - There are 0 files in /opt/airflow/dags
[2026-02-17T21:26:15.338+0000] {manager.py:737} INFO - Searching for files in /opt/airflow/dags
[2026-02-17T21:26:15.349+0000] {manager.py:740} INFO - There are 0 files in /opt/airflow/dags
[2026-02-17T21:31:16.207+0000] {manager.py:737} INFO - Searching for files in /opt/airflow/dags
[2026-02-17T21:31:16.211+0000] {manager.py:740} INFO - There are 0 files in /opt/airflow/dags
[2026-02-17T21:36:16.989+0000] {manager.py:737} INFO - Searching for files in /opt/airflow/dags
[2026-02-17T21:36:17.014+0000] {manager.py:740} INFO - There are 0 files in /opt/airflow/dags
[2026-02-17T21:52:06.284+0000] {manager.py:737} INFO - Searching for files in /opt/airflow/dags
[2026-02-17T21:52:06.287+0000] {manager.py:740} INFO - There are 0 files in /opt/airflow/dags
[2026-02-17T21:57:06.503+0000] {manager.py:737} INFO - Searching for files in /opt/airflow/dags
[2026-02-17T21:57:06.514+0000] {manager.py:740} INFO - There are 0 files in /opt/airflow/dags
[2026-02-17T22:02:06.585+0000] {manager.py:737} INFO - Searching for files in /opt/airflow/dags
[2026-02-17T22:02:06.596+0000] {manager.py:740} INFO - There are 0 files in /opt/airflow/dags
[2026-02-17T22:07:07.461+0000] {manager.py:737} INFO - Searching for files in /opt/airflow/dags
[2026-02-17T22:07:07.468+0000] {manager.py:740} INFO - There are 0 files in /opt/airflow/dags
[2026-02-17T22:12:08.157+0000] {manager.py:737} INFO - Searching for files in /opt/airflow/dags
[2026-02-17T22:12:08.164+0000] {manager.py:740} INFO - There are 0 files in /opt/airflow/dags
[2026-02-17T22:17:08.998+0000] {manager.py:737} INFO - Searching for files in /opt/airflow/dags
[2026-02-17T22:17:09.006+0000] {manager.py:740} INFO - There are 0 files in /opt/airflow/dags
[2026-02-17T22:22:09.700+0000] {manager.py:737} INFO - Searching for files in /opt/airflow/dags
[2026-02-17T22:22:09.706+0000] {manager.py:740} INFO - There are 0 files in /opt/airflow/dags
[2026-02-17T22:27:10.157+0000] {manager.py:737} INFO - Searching for files in /opt/airflow/dags
[2026-02-17T22:27:10.165+0000] {manager.py:740} INFO - There are 0 files in /opt/airflow/dags
[2026-02-17T22:32:10.953+0000] {manager.py:737} INFO - Searching for files in /opt/airflow/dags
[2026-02-17T22:32:10.964+0000] {manager.py:740} INFO - There are 0 files in /opt/airflow/dags
[2026-02-17T22:37:11.704+0000] {manager.py:737} INFO - Searching for files in /opt/airflow/dags
[2026-02-17T22:37:11.710+0000] {manager.py:740} INFO - There are 0 files in /opt/airflow/dags
[2026-02-17T22:42:11.776+0000] {manager.py:737} INFO - Searching for files in /opt/airflow/dags
[2026-02-17T22:42:11.787+0000] {manager.py:740} INFO - There are 0 files in /opt/airflow/dags
[2026-02-17T22:47:11.902+0000] {manager.py:737} INFO - Searching for files in /opt/airflow/dags
[2026-02-17T22:47:11.908+0000] {manager.py:740} INFO - There are 0 files in /opt/airflow/dags
[2026-02-17T22:52:12.775+0000] {manager.py:737} INFO - Searching for files in /opt/airflow/dags
[2026-02-17T22:52:12.784+0000] {manager.py:740} INFO - There are 0 files in /opt/airflow/dags
[2026-02-17T22:57:13.137+0000] {manager.py:737} INFO - Searching for files in /opt/airflow/dags
[2026-02-17T22:57:13.141+0000] {manager.py:740} INFO - There are 0 files in /opt/airflow/dags
[2026-02-17T23:02:13.712+0000] {manager.py:737} INFO - Searching for files in /opt/airflow/dags
[2026-02-17T23:02:13.719+0000] {manager.py:740} INFO - There are 0 files in /opt/airflow/dags
[2026-02-17T23:07:14.499+0000] {manager.py:737} INFO - Searching for files in /opt/airflow/dags
[2026-02-17T23:07:14.505+0000] {manager.py:740} INFO - There are 0 files in /opt/airflow/dags
[2026-02-17T23:12:15.481+0000] {manager.py:737} INFO - Searching for files in /opt/airflow/dags
[2026-02-17T23:12:15.541+0000] {manager.py:740} INFO - There are 0 files in /opt/airflow/dags
[2026-02-17T23:17:15.794+0000] {manager.py:737} INFO - Searching for files in /opt/airflow/dags
[2026-02-17T23:17:15.809+0000] {manager.py:740} INFO - There are 0 files in /opt/airflow/dags
[2026-02-17T23:22:15.903+0000] {manager.py:737} INFO - Searching for files in /opt/airflow/dags
[2026-02-17T23:22:15.910+0000] {manager.py:740} INFO - There are 0 files in /opt/airflow/dags
[2026-02-17T23:27:16.657+0000] {manager.py:737} INFO - Searching for files in /opt/airflow/dags
[2026-02-17T23:27:16.665+0000] {manager.py:740} INFO - There are 0 files in /opt/airflow/dags
[2026-02-17T23:32:17.018+0000] {manager.py:737} INFO - Searching for files in /opt/airflow/dags
[2026-02-17T23:32:17.027+0000] {manager.py:740} INFO - There are 0 files in /opt/airflow/dags
[2026-02-17T23:37:17.835+0000] {manager.py:737} INFO - Searching for files in /opt/airflow/dags
[2026-02-17T23:37:17.842+0000] {manager.py:740} INFO - There are 0 files in /opt/airflow/dags
[2026-02-17T23:42:18.751+0000] {manager.py:737} INFO - Searching for files in /opt/airflow/dags
[2026-02-17T23:42:18.758+0000] {manager.py:740} INFO - There are 0 files in /opt/airflow/dags
[2026-02-17T23:47:19.636+0000] {manager.py:737} INFO - Searching for files in /opt/airflow/dags
[2026-02-17T23:47:19.644+0000] {manager.py:740} INFO - There are 0 files in /opt/airflow/dags
[2026-02-17T23:52:19.707+0000] {manager.py:737} INFO - Searching for files in /opt/airflow/dags
[2026-02-17T23:52:19.713+0000] {manager.py:740} INFO - There are 0 files in /opt/airflow/dags
[2026-02-17T23:57:19.748+0000] {manager.py:737} INFO - Searching for files in /opt/airflow/dags
[2026-02-17T23:57:19.755+0000] {manager.py:740} INFO - There are 0 files in /opt/airflow/dags
[2026-02-18T00:02:20.411+0000] {manager.py:737} INFO - Searching for files in /opt/airflow/dags
[2026-02-18T00:02:20.420+0000] {manager.py:740} INFO - There are 0 files in /opt/airflow/dags
[2026-02-18T00:07:21.002+0000] {manager.py:737} INFO - Searching for files in /opt/airflow/dags
[2026-02-18T00:07:21.007+0000] {manager.py:740} INFO - There are 0 files in /opt/airflow/dags
[2026-02-18T00:12:21.619+0000] {manager.py:737} INFO - Searching for files in /opt/airflow/dags
[2026-02-18T00:12:21.625+0000] {manager.py:740} INFO - There are 0 files in /opt/airflow/dags
[2026-02-18T00:17:22.598+0000] {manager.py:737} INFO - Searching for files in /opt/airflow/dags
[2026-02-18T00:17:22.605+0000] {manager.py:740} INFO - There are 0 files in /opt/airflow/dags
[2026-02-18T00:22:23.252+0000] {manager.py:737} INFO - Searching for files in /opt/airflow/dags
[2026-02-18T00:22:23.261+0000] {manager.py:740} INFO - There are 0 files in /opt/airflow/dags
[2026-02-18T00:27:24.248+0000] {manager.py:737} INFO - Searching for files in /opt/airflow/dags
[2026-02-18T00:27:24.254+0000] {manager.py:740} INFO - There are 0 files in /opt/airflow/dags
[2026-02-18T00:32:24.516+0000] {manager.py:737} INFO - Searching for files in /opt/airflow/dags
[2026-02-18T00:32:24.521+0000] {manager.py:740} INFO - There are 0 files in /opt/airflow/dags
[2026-02-18T00:37:24.949+0000] {manager.py:737} INFO - Searching for files in /opt/airflow/dags
[2026-02-18T00:37:24.955+0000] {manager.py:740} INFO - There are 0 files in /opt/airflow/dags
[2026-02-18T00:42:25.012+0000] {manager.py:737} INFO - Searching for files in /opt/airflow/dags
[2026-02-18T00:42:25.019+0000] {manager.py:740} INFO - There are 0 files in /opt/airflow/dags
[2026-02-18T00:47:25.054+0000] {manager.py:737} INFO - Searching for files in /opt/airflow/dags
[2026-02-18T00:47:25.060+0000] {manager.py:740} INFO - There are 0 files in /opt/airflow/dags
[2026-02-18T00:52:25.931+0000] {manager.py:737} INFO - Searching for files in /opt/airflow/dags
[2026-02-18T00:52:25.939+0000] {manager.py:740} INFO - There are 0 files in /opt/airflow/dags
[2026-02-18T00:57:26.620+0000] {manager.py:737} INFO - Searching for files in /opt/airflow/dags
[2026-02-18T00:57:26.629+0000] {manager.py:740} INFO - There are 0 files in /opt/airflow/dags
[2026-02-18T01:02:27.328+0000] {manager.py:737} INFO - Searching for files in /opt/airflow/dags
[2026-02-18T01:02:27.337+0000] {manager.py:740} INFO - There are 0 files in /opt/airflow/dags
[2026-02-18T01:07:40.274+0000] {manager.py:737} INFO - Searching for files in /opt/airflow/dags
[2026-02-18T01:07:40.278+0000] {manager.py:740} INFO - There are 0 files in /opt/airflow/dags
[2026-02-18T01:12:40.705+0000] {manager.py:737} INFO - Searching for files in /opt/airflow/dags
[2026-02-18T01:12:40.710+0000] {manager.py:740} INFO - There are 0 files in /opt/airflow/dags
[2026-02-18T01:17:41.398+0000] {manager.py:737} INFO - Searching for files in /opt/airflow/dags
[2026-02-18T01:17:41.405+0000] {manager.py:740} INFO - There are 0 files in /opt/airflow/dags
[2026-02-18T01:22:42.162+0000] {manager.py:737} INFO - Searching for files in /opt/airflow/dags
[2026-02-18T01:22:42.167+0000] {manager.py:740} INFO - There are 0 files in /opt/airflow/dags
[2026-02-18T01:27:43.083+0000] {manager.py:737} INFO - Searching for files in /opt/airflow/dags
[2026-02-18T01:27:43.088+0000] {manager.py:740} INFO - There are 0 files in /opt/airflow/dags
[2026-02-18T01:32:43.443+0000] {manager.py:737} INFO - Searching for files in /opt/airflow/dags
[2026-02-18T01:32:43.449+0000] {manager.py:740} INFO - There are 0 files in /opt/airflow/dags
[2026-02-18T01:37:44.271+0000] {manager.py:737} INFO - Searching for files in /opt/airflow/dags
[2026-02-18T01:37:44.275+0000] {manager.py:740} INFO - There are 0 files in /opt/airflow/dags
[2026-02-18T01:42:44.618+0000] {manager.py:737} INFO - Searching for files in /opt/airflow/dags
[2026-02-18T01:42:44.622+0000] {manager.py:740} INFO - There are 0 files in /opt/airflow/dags
[2026-02-18T01:47:44.903+0000] {manager.py:737} INFO - Searching for files in /opt/airflow/dags
[2026-02-18T01:47:44.907+0000] {manager.py:740} INFO - There are 0 files in /opt/airflow/dags
[2026-02-18T01:52:45.140+0000] {manager.py:737} INFO - Searching for files in /opt/airflow/dags
[2026-02-18T01:52:45.144+0000] {manager.py:740} INFO - There are 0 files in /opt/airflow/dags
[2026-02-18T01:57:45.321+0000] {manager.py:737} INFO - Searching for files in /opt/airflow/dags
[2026-02-18T01:57:45.326+0000] {manager.py:740} INFO - There are 0 files in /opt/airflow/dags
[2026-02-18T02:02:45.380+0000] {manager.py:737} INFO - Searching for files in /opt/airflow/dags
[2026-02-18T02:02:45.383+0000] {manager.py:740} INFO - There are 0 files in /opt/airflow/dags
[2026-02-18T02:07:46.278+0000] {manager.py:737} INFO - Searching for files in /opt/airflow/dags
[2026-02-18T02:07:46.281+0000] {manager.py:740} INFO - There are 0 files in /opt/airflow/dags
[2026-02-18T02:12:46.866+0000] {manager.py:737} INFO - Searching for files in /opt/airflow/dags
[2026-02-18T02:12:46.872+0000] {manager.py:740} INFO - There are 0 files in /opt/airflow/dags
[2026-02-18T02:17:47.773+0000] {manager.py:737} INFO - Searching for files in /opt/airflow/dags
[2026-02-18T02:17:47.777+0000] {manager.py:740} INFO - There are 0 files in /opt/airflow/dags
[2026-02-18T02:22:48.603+0000] {manager.py:737} INFO - Searching for files in /opt/airflow/dags
[2026-02-18T02:22:48.605+0000] {manager.py:740} INFO - There are 0 files in /opt/airflow/dags
[2026-02-18T02:27:49.435+0000] {manager.py:737} INFO - Searching for files in /opt/airflow/dags
[2026-02-18T02:27:49.439+0000] {manager.py:740} INFO - There are 0 files in /opt/airflow/dags
[2026-02-18T02:32:49.769+0000] {manager.py:737} INFO - Searching for files in /opt/airflow/dags
[2026-02-18T02:32:49.775+0000] {manager.py:740} INFO - There are 0 files in /opt/airflow/dags
[2026-02-18T02:37:49.870+0000] {manager.py:737} INFO - Searching for files in /opt/airflow/dags
[2026-02-18T02:37:49.874+0000] {manager.py:740} INFO - There are 0 files in /opt/airflow/dags
[2026-02-18T02:42:50.422+0000] {manager.py:737} INFO - Searching for files in /opt/airflow/dags
[2026-02-18T02:42:50.427+0000] {manager.py:740} INFO - There are 0 files in /opt/airflow/dags
[2026-02-18T02:47:50.976+0000] {manager.py:737} INFO - Searching for files in /opt/airflow/dags
[2026-02-18T02:47:50.983+0000] {manager.py:740} INFO - There are 0 files in /opt/airflow/dags
[2026-02-18T02:52:51.555+0000] {manager.py:737} INFO - Searching for files in /opt/airflow/dags
[2026-02-18T02:52:51.561+0000] {manager.py:740} INFO - There are 0 files in /opt/airflow/dags
[2026-02-18T02:57:52.506+0000] {manager.py:737} INFO - Searching for files in /opt/airflow/dags
[2026-02-18T02:57:52.510+0000] {manager.py:740} INFO - There are 0 files in /opt/airflow/dags
[2026-02-18T03:02:53.356+0000] {manager.py:737} INFO - Searching for files in /opt/airflow/dags
[2026-02-18T03:02:53.363+0000] {manager.py:740} INFO - There are 0 files in /opt/airflow/dags
[2026-02-18T03:07:53.675+0000] {manager.py:737} INFO - Searching for files in /opt/airflow/dags
[2026-02-18T03:07:53.680+0000] {manager.py:740} INFO - There are 0 files in /opt/airflow/dags
[2026-02-18T03:12:54.645+0000] {manager.py:737} INFO - Searching for files in /opt/airflow/dags
[2026-02-18T03:12:54.650+0000] {manager.py:740} INFO - There are 0 files in /opt/airflow/dags
[2026-02-18T03:17:55.464+0000] {manager.py:737} INFO - Searching for files in /opt/airflow/dags
[2026-02-18T03:17:55.468+0000] {manager.py:740} INFO - There are 0 files in /opt/airflow/dags
[2026-02-18T03:22:55.979+0000] {manager.py:737} INFO - Searching for files in /opt/airflow/dags
[2026-02-18T03:22:55.983+0000] {manager.py:740} INFO - There are 0 files in /opt/airflow/dags
[2026-02-18T03:27:56.088+0000] {manager.py:737} INFO - Searching for files in /opt/airflow/dags
[2026-02-18T03:27:56.093+0000] {manager.py:740} INFO - There are 0 files in /opt/airflow/dags
[2026-02-18T03:32:56.549+0000] {manager.py:737} INFO - Searching for files in /opt/airflow/dags
[2026-02-18T03:32:56.553+0000] {manager.py:740} INFO - There are 0 files in /opt/airflow/dags
[2026-02-18T03:37:57.026+0000] {manager.py:737} INFO - Searching for files in /opt/airflow/dags
[2026-02-18T03:37:57.030+0000] {manager.py:740} INFO - There are 0 files in /opt/airflow/dags
[2026-02-18T03:42:57.776+0000] {manager.py:737} INFO - Searching for files in /opt/airflow/dags
[2026-02-18T03:42:57.781+0000] {manager.py:740} INFO - There are 0 files in /opt/airflow/dags
[2026-02-18T03:47:58.137+0000] {manager.py:737} INFO - Searching for files in /opt/airflow/dags
[2026-02-18T03:47:58.141+0000] {manager.py:740} INFO - There are 0 files in /opt/airflow/dags
[2026-02-18T03:52:58.515+0000] {manager.py:737} INFO - Searching for files in /opt/airflow/dags
[2026-02-18T03:52:58.518+0000] {manager.py:740} INFO - There are 0 files in /opt/airflow/dags
[2026-02-18T03:57:58.787+0000] {manager.py:737} INFO - Searching for files in /opt/airflow/dags
[2026-02-18T03:57:58.790+0000] {manager.py:740} INFO - There are 0 files in /opt/airflow/dags
[2026-02-18T04:02:59.320+0000] {manager.py:737} INFO - Searching for files in /opt/airflow/dags
[2026-02-18T04:02:59.326+0000] {manager.py:740} INFO - There are 0 files in /opt/airflow/dags
[2026-02-18T04:07:59.868+0000] {manager.py:737} INFO - Searching for files in /opt/airflow/dags
[2026-02-18T04:07:59.874+0000] {manager.py:740} INFO - There are 0 files in /opt/airflow/dags
[2026-02-18T04:13:00.655+0000] {manager.py:737} INFO - Searching for files in /opt/airflow/dags
[2026-02-18T04:13:00.660+0000] {manager.py:740} INFO - There are 0 files in /opt/airflow/dags
[2026-02-18T04:18:01.351+0000] {manager.py:737} INFO - Searching for files in /opt/airflow/dags
[2026-02-18T04:18:01.354+0000] {manager.py:740} INFO - There are 0 files in /opt/airflow/dags
[2026-02-18T04:23:01.952+0000] {manager.py:737} INFO - Searching for files in /opt/airflow/dags
[2026-02-18T04:23:01.961+0000] {manager.py:740} INFO - There are 0 files in /opt/airflow/dags
[2026-02-18T04:28:02.634+0000] {manager.py:737} INFO - Searching for files in /opt/airflow/dags
[2026-02-18T04:28:02.640+0000] {manager.py:740} INFO - There are 0 files in /opt/airflow/dags
[2026-02-18T04:33:03.100+0000] {manager.py:737} INFO - Searching for files in /opt/airflow/dags
[2026-02-18T04:33:03.108+0000] {manager.py:740} INFO - There are 0 files in /opt/airflow/dags
[2026-02-18T04:38:03.271+0000] {manager.py:737} INFO - Searching for files in /opt/airflow/dags
[2026-02-18T04:38:03.275+0000] {manager.py:740} INFO - There are 0 files in /opt/airflow/dags
[2026-02-18T04:43:03.337+0000] {manager.py:737} INFO - Searching for files in /opt/airflow/dags
[2026-02-18T04:43:03.343+0000] {manager.py:740} INFO - There are 0 files in /opt/airflow/dags
[2026-02-18T04:48:03.661+0000] {manager.py:737} INFO - Searching for files in /opt/airflow/dags
[2026-02-18T04:48:03.667+0000] {manager.py:740} INFO - There are 0 files in /opt/airflow/dags
[2026-02-18T04:53:04.561+0000] {manager.py:737} INFO - Searching for files in /opt/airflow/dags
[2026-02-18T04:53:04.569+0000] {manager.py:740} INFO - There are 0 files in /opt/airflow/dags
[2026-02-18T06:32:13.211+0000] {manager.py:737} INFO - Searching for files in /opt/airflow/dags
[2026-02-18T06:32:13.212+0000] {manager.py:740} INFO - There are 0 files in /opt/airflow/dags
[2026-02-18T06:53:00.894+0000] {manager.py:737} INFO - Searching for files in /opt/airflow/dags
[2026-02-18T06:53:00.897+0000] {manager.py:740} INFO - There are 0 files in /opt/airflow/dags
[2026-02-18T07:09:12.081+0000] {manager.py:737} INFO - Searching for files in /opt/airflow/dags
[2026-02-18T07:09:12.083+0000] {manager.py:740} INFO - There are 0 files in /opt/airflow/dags
[2026-02-18T08:49:47.577+0000] {manager.py:737} INFO - Searching for files in /opt/airflow/dags
[2026-02-18T08:49:47.579+0000] {manager.py:740} INFO - There are 0 files in /opt/airflow/dags
[2026-02-18T10:10:47.212+0000] {manager.py:737} INFO - Searching for files in /opt/airflow/dags
[2026-02-18T10:10:47.214+0000] {manager.py:740} INFO - There are 0 files in /opt/airflow/dags
[2026-02-18T10:26:25.311+0000] {manager.py:737} INFO - Searching for files in /opt/airflow/dags
[2026-02-18T10:26:25.315+0000] {manager.py:740} INFO - There are 0 files in /opt/airflow/dags
[2026-02-18T10:38:36.933+0000] {manager.py:737} INFO - Searching for files in /opt/airflow/dags
[2026-02-18T10:38:36.937+0000] {manager.py:740} INFO - There are 0 files in /opt/airflow/dags
[2026-02-18T10:47:45.861+0000] {manager.py:737} INFO - Searching for files in /opt/airflow/dags
[2026-02-18T10:47:45.864+0000] {manager.py:740} INFO - There are 0 files in /opt/airflow/dags
[2026-02-18T11:05:56.028+0000] {manager.py:737} INFO - Searching for files in /opt/airflow/dags
[2026-02-18T11:05:56.030+0000] {manager.py:740} INFO - There are 0 files in /opt/airflow/dags
[2026-02-18T12:47:18.325+0000] {manager.py:737} INFO - Searching for files in /opt/airflow/dags
[2026-02-18T12:47:18.327+0000] {manager.py:740} INFO - There are 0 files in /opt/airflow/dags
[2026-02-18T13:21:48.423+0000] {manager.py:737} INFO - Searching for files in /opt/airflow/dags
[2026-02-18T13:21:48.424+0000] {manager.py:740} INFO - There are 0 files in /opt/airflow/dags
[2026-02-18T13:49:38.860+0000] {manager.py:737} INFO - Searching for files in /opt/airflow/dags
[2026-02-18T13:49:38.868+0000] {manager.py:740} INFO - There are 0 files in /opt/airflow/dags
[2026-02-18T14:50:36.509+0000] {manager.py:737} INFO - Searching for files in /opt/airflow/dags
[2026-02-18T14:50:36.513+0000] {manager.py:740} INFO - There are 0 files in /opt/airflow/dags
[2026-02-18T15:51:34.104+0000] {manager.py:737} INFO - Searching for files in /opt/airflow/dags
[2026-02-18T15:51:34.106+0000] {manager.py:740} INFO - There are 0 files in /opt/airflow/dags
[2026-02-18T16:40:18.595+0000] {manager.py:737} INFO - Searching for files in /opt/airflow/dags
[2026-02-18T16:40:18.598+0000] {manager.py:740} INFO - There are 0 files in /opt/airflow/dags
[2026-02-18T16:52:50.634+0000] {manager.py:737} INFO - Searching for files in /opt/airflow/dags
[2026-02-18T16:52:50.637+0000] {manager.py:740} INFO - There are 0 files in /opt/airflow/dags
[2026-02-18T17:25:00.500+0000] {manager.py:737} INFO - Searching for files in /opt/airflow/dags
[2026-02-18T17:25:00.505+0000] {manager.py:740} INFO - There are 0 files in /opt/airflow/dags
[2026-02-18T17:53:49.513+0000] {manager.py:737} INFO - Searching for files in /opt/airflow/dags
[2026-02-18T17:53:49.519+0000] {manager.py:740} INFO - There are 0 files in /opt/airflow/dags
[2026-02-18T18:25:35.166+0000] {manager.py:737} INFO - Searching for files in /opt/airflow/dags
[2026-02-18T18:25:35.169+0000] {manager.py:740} INFO - There are 0 files in /opt/airflow/dags
[2026-02-18T18:30:35.507+0000] {manager.py:737} INFO - Searching for files in /opt/airflow/dags
[2026-02-18T18:30:35.513+0000] {manager.py:740} INFO - There are 0 files in /opt/airflow/dags
[2026-02-18T18:35:36.039+0000] {manager.py:737} INFO - Searching for files in /opt/airflow/dags
[2026-02-18T18:35:36.043+0000] {manager.py:740} INFO - There are 0 files in /opt/airflow/dags
[2026-02-18T18:40:36.231+0000] {manager.py:737} INFO - Searching for files in /opt/airflow/dags
[2026-02-18T18:40:36.236+0000] {manager.py:740} INFO - There are 0 files in /opt/airflow/dags
[2026-02-18T18:45:36.783+0000] {manager.py:737} INFO - Searching for files in /opt/airflow/dags
[2026-02-18T18:45:36.793+0000] {manager.py:740} INFO - There are 0 files in /opt/airflow/dags
[2026-02-18T18:50:37.205+0000] {manager.py:737} INFO - Searching for files in /opt/airflow/dags
[2026-02-18T18:50:37.209+0000] {manager.py:740} INFO - There are 0 files in /opt/airflow/dags
[2026-02-18T18:55:37.588+0000] {manager.py:737} INFO - Searching for files in /opt/airflow/dags
[2026-02-18T18:55:37.595+0000] {manager.py:740} INFO - There are 0 files in /opt/airflow/dags
[2026-02-18T19:00:38.283+0000] {manager.py:737} INFO - Searching for files in /opt/airflow/dags
[2026-02-18T19:00:38.287+0000] {manager.py:740} INFO - There are 0 files in /opt/airflow/dags
[2026-02-18T19:05:38.635+0000] {manager.py:737} INFO - Searching for files in /opt/airflow/dags
[2026-02-18T19:05:38.644+0000] {manager.py:740} INFO - There are 0 files in /opt/airflow/dags
[2026-02-18T19:10:39.438+0000] {manager.py:737} INFO - Searching for files in /opt/airflow/dags
[2026-02-18T19:10:39.443+0000] {manager.py:740} INFO - There are 0 files in /opt/airflow/dags
[2026-02-18T19:28:36.682+0000] {manager.py:737} INFO - Searching for files in /opt/airflow/dags
[2026-02-18T19:28:36.686+0000] {manager.py:740} INFO - There are 0 files in /opt/airflow/dags
[2026-02-18T19:36:19.644+0000] {manager.py:737} INFO - Searching for files in /opt/airflow/dags
[2026-02-18T19:36:19.646+0000] {manager.py:740} INFO - There are 0 files in /opt/airflow/dags
[2026-02-18T19:47:18.272+0000] {manager.py:737} INFO - Searching for files in /opt/airflow/dags
[2026-02-18T19:47:18.276+0000] {manager.py:740} INFO - There are 0 files in /opt/airflow/dags
[2026-02-18T19:52:19.263+0000] {manager.py:737} INFO - Searching for files in /opt/airflow/dags
[2026-02-18T19:52:19.272+0000] {manager.py:740} INFO - There are 0 files in /opt/airflow/dags
[2026-02-18T19:57:19.289+0000] {manager.py:737} INFO - Searching for files in /opt/airflow/dags
[2026-02-18T19:57:19.291+0000] {manager.py:740} INFO - There are 0 files in /opt/airflow/dags
[2026-02-18T20:02:19.294+0000] {manager.py:737} INFO - Searching for files in /opt/airflow/dags
[2026-02-18T20:02:19.301+0000] {manager.py:740} INFO - There are 0 files in /opt/airflow/dags
[2026-02-18T20:07:19.777+0000] {manager.py:737} INFO - Searching for files in /opt/airflow/dags
[2026-02-18T20:07:19.782+0000] {manager.py:740} INFO - There are 0 files in /opt/airflow/dags
[2026-02-18T20:12:20.327+0000] {manager.py:737} INFO - Searching for files in /opt/airflow/dags
[2026-02-18T20:12:20.330+0000] {manager.py:740} INFO - There are 0 files in /opt/airflow/dags
[2026-02-18T20:17:20.858+0000] {manager.py:737} INFO - Searching for files in /opt/airflow/dags
[2026-02-18T20:17:20.863+0000] {manager.py:740} INFO - There are 0 files in /opt/airflow/dags
[2026-02-18T20:22:21.377+0000] {manager.py:737} INFO - Searching for files in /opt/airflow/dags
[2026-02-18T20:22:21.382+0000] {manager.py:740} INFO - There are 0 files in /opt/airflow/dags
[2026-02-18T20:27:21.822+0000] {manager.py:737} INFO - Searching for files in /opt/airflow/dags
[2026-02-18T20:27:21.828+0000] {manager.py:740} INFO - There are 0 files in /opt/airflow/dags
[2026-02-18T20:32:22.169+0000] {manager.py:737} INFO - Searching for files in /opt/airflow/dags
[2026-02-18T20:32:22.173+0000] {manager.py:740} INFO - There are 0 files in /opt/airflow/dags
[2026-02-18T20:37:22.721+0000] {manager.py:737} INFO - Searching for files in /opt/airflow/dags
[2026-02-18T20:37:22.725+0000] {manager.py:740} INFO - There are 0 files in /opt/airflow/dags
[2026-02-18T20:42:23.273+0000] {manager.py:737} INFO - Searching for files in /opt/airflow/dags
[2026-02-18T20:42:23.278+0000] {manager.py:740} INFO - There are 0 files in /opt/airflow/dags
[2026-02-18T20:47:23.632+0000] {manager.py:737} INFO - Searching for files in /opt/airflow/dags
[2026-02-18T20:47:23.639+0000] {manager.py:740} INFO - There are 0 files in /opt/airflow/dags
[2026-02-18T20:52:24.136+0000] {manager.py:737} INFO - Searching for files in /opt/airflow/dags
[2026-02-18T20:52:24.144+0000] {manager.py:740} INFO - There are 0 files in /opt/airflow/dags
[2026-02-18T20:57:24.950+0000] {manager.py:737} INFO - Searching for files in /opt/airflow/dags
[2026-02-18T20:57:24.954+0000] {manager.py:740} INFO - There are 0 files in /opt/airflow/dags
[2026-02-18T21:02:25.511+0000] {manager.py:737} INFO - Searching for files in /opt/airflow/dags
[2026-02-18T21:02:25.517+0000] {manager.py:740} INFO - There are 0 files in /opt/airflow/dags
[2026-02-18T21:07:26.276+0000] {manager.py:737} INFO - Searching for files in /opt/airflow/dags
[2026-02-18T21:07:26.281+0000] {manager.py:740} INFO - There are 0 files in /opt/airflow/dags
[2026-02-18T21:12:26.721+0000] {manager.py:737} INFO - Searching for files in /opt/airflow/dags
[2026-02-18T21:12:26.726+0000] {manager.py:740} INFO - There are 0 files in /opt/airflow/dags
[2026-02-18T21:17:27.203+0000] {manager.py:737} INFO - Searching for files in /opt/airflow/dags
[2026-02-18T21:17:27.208+0000] {manager.py:740} INFO - There are 0 files in /opt/airflow/dags
[2026-02-18T21:22:27.456+0000] {manager.py:737} INFO - Searching for files in /opt/airflow/dags
[2026-02-18T21:22:27.460+0000] {manager.py:740} INFO - There are 0 files in /opt/airflow/dags
[2026-02-18T21:27:27.873+0000] {manager.py:737} INFO - Searching for files in /opt/airflow/dags
[2026-02-18T21:27:27.881+0000] {manager.py:740} INFO - There are 0 files in /opt/airflow/dags
[2026-02-18T21:32:28.663+0000] {manager.py:737} INFO - Searching for files in /opt/airflow/dags
[2026-02-18T21:32:28.669+0000] {manager.py:740} INFO - There are 0 files in /opt/airflow/dags
[2026-02-18T21:37:28.684+0000] {manager.py:737} INFO - Searching for files in /opt/airflow/dags
[2026-02-18T21:37:28.691+0000] {manager.py:740} INFO - There are 0 files in /opt/airflow/dags
[2026-02-18T21:42:29.423+0000] {manager.py:737} INFO - Searching for files in /opt/airflow/dags
[2026-02-18T21:42:29.428+0000] {manager.py:740} INFO - There are 0 files in /opt/airflow/dags
[2026-02-18T21:47:29.997+0000] {manager.py:737} INFO - Searching for files in /opt/airflow/dags
[2026-02-18T21:47:30.005+0000] {manager.py:740} INFO - There are 0 files in /opt/airflow/dags
[2026-02-18T21:52:30.751+0000] {manager.py:737} INFO - Searching for files in /opt/airflow/dags
[2026-02-18T21:52:30.757+0000] {manager.py:740} INFO - There are 0 files in /opt/airflow/dags
[2026-02-18T22:10:19.784+0000] {manager.py:737} INFO - Searching for files in /opt/airflow/dags
[2026-02-18T22:10:19.792+0000] {manager.py:740} INFO - There are 0 files in /opt/airflow/dags
[2026-02-18T22:15:20.664+0000] {manager.py:737} INFO - Searching for files in /opt/airflow/dags
[2026-02-18T22:15:20.669+0000] {manager.py:740} INFO - There are 0 files in /opt/airflow/dags
[2026-02-18T22:34:14.124+0000] {manager.py:737} INFO - Searching for files in /opt/airflow/dags
[2026-02-18T22:34:14.129+0000] {manager.py:740} INFO - There are 0 files in /opt/airflow/dags
[2026-02-18T22:39:14.565+0000] {manager.py:737} INFO - Searching for files in /opt/airflow/dags
[2026-02-18T22:39:14.570+0000] {manager.py:740} INFO - There are 0 files in /opt/airflow/dags
[2026-02-18T22:44:15.103+0000] {manager.py:737} INFO - Searching for files in /opt/airflow/dags
[2026-02-18T22:44:15.108+0000] {manager.py:740} INFO - There are 0 files in /opt/airflow/dags
[2026-02-18T22:49:15.860+0000] {manager.py:737} INFO - Searching for files in /opt/airflow/dags
[2026-02-18T22:49:15.866+0000] {manager.py:740} INFO - There are 0 files in /opt/airflow/dags
[2026-02-18T22:54:16.521+0000] {manager.py:737} INFO - Searching for files in /opt/airflow/dags
[2026-02-18T22:54:16.526+0000] {manager.py:740} INFO - There are 0 files in /opt/airflow/dags
[2026-02-18T22:59:17.251+0000] {manager.py:737} INFO - Searching for files in /opt/airflow/dags
[2026-02-18T22:59:17.262+0000] {manager.py:740} INFO - There are 0 files in /opt/airflow/dags
[2026-02-18T23:04:18.123+0000] {manager.py:737} INFO - Searching for files in /opt/airflow/dags
[2026-02-18T23:04:18.132+0000] {manager.py:740} INFO - There are 0 files in /opt/airflow/dags
[2026-02-18T23:09:18.794+0000] {manager.py:737} INFO - Searching for files in /opt/airflow/dags
[2026-02-18T23:09:18.800+0000] {manager.py:740} INFO - There are 0 files in /opt/airflow/dags
[2026-02-18T23:14:19.168+0000] {manager.py:737} INFO - Searching for files in /opt/airflow/dags
[2026-02-18T23:14:19.177+0000] {manager.py:740} INFO - There are 0 files in /opt/airflow/dags
[2026-02-18T23:19:19.918+0000] {manager.py:737} INFO - Searching for files in /opt/airflow/dags
[2026-02-18T23:19:19.921+0000] {manager.py:740} INFO - There are 0 files in /opt/airflow/dags
[2026-02-18T23:24:20.491+0000] {manager.py:737} INFO - Searching for files in /opt/airflow/dags
[2026-02-18T23:24:20.498+0000] {manager.py:740} INFO - There are 0 files in /opt/airflow/dags
[2026-02-18T23:29:21.171+0000] {manager.py:737} INFO - Searching for files in /opt/airflow/dags
[2026-02-18T23:29:21.178+0000] {manager.py:740} INFO - There are 0 files in /opt/airflow/dags
[2026-02-18T23:34:21.973+0000] {manager.py:737} INFO - Searching for files in /opt/airflow/dags
[2026-02-18T23:34:21.981+0000] {manager.py:740} INFO - There are 0 files in /opt/airflow/dags
[2026-02-18T23:52:04.318+0000] {manager.py:737} INFO - Searching for files in /opt/airflow/dags
[2026-02-18T23:52:04.326+0000] {manager.py:740} INFO - There are 0 files in /opt/airflow/dags
[2026-02-19T00:40:57.118+0000] {manager.py:737} INFO - Searching for files in /opt/airflow/dags
[2026-02-19T00:40:57.120+0000] {manager.py:740} INFO - There are 0 files in /opt/airflow/dags
[2026-02-19T00:59:08.836+0000] {manager.py:737} INFO - Searching for files in /opt/airflow/dags
[2026-02-19T00:59:08.842+0000] {manager.py:740} INFO - There are 0 files in /opt/airflow/dags
[2026-02-19T01:29:35.564+0000] {manager.py:737} INFO - Searching for files in /opt/airflow/dags
[2026-02-19T01:29:35.568+0000] {manager.py:740} INFO - There are 0 files in /opt/airflow/dags
[2026-02-19T01:34:35.595+0000] {manager.py:737} INFO - Searching for files in /opt/airflow/dags
[2026-02-19T01:34:35.604+0000] {manager.py:740} INFO - There are 0 files in /opt/airflow/dags
[2026-02-19T01:39:36.125+0000] {manager.py:737} INFO - Searching for files in /opt/airflow/dags
[2026-02-19T01:39:36.130+0000] {manager.py:740} INFO - There are 0 files in /opt/airflow/dags
[2026-02-19T01:44:36.564+0000] {manager.py:737} INFO - Searching for files in /opt/airflow/dags
[2026-02-19T01:44:36.574+0000] {manager.py:740} INFO - There are 0 files in /opt/airflow/dags
[2026-02-19T01:49:37.093+0000] {manager.py:737} INFO - Searching for files in /opt/airflow/dags
[2026-02-19T01:49:37.099+0000] {manager.py:740} INFO - There are 0 files in /opt/airflow/dags
[2026-02-19T01:54:37.700+0000] {manager.py:737} INFO - Searching for files in /opt/airflow/dags
[2026-02-19T01:54:37.703+0000] {manager.py:740} INFO - There are 0 files in /opt/airflow/dags
[2026-02-19T01:59:37.794+0000] {manager.py:737} INFO - Searching for files in /opt/airflow/dags
[2026-02-19T01:59:37.803+0000] {manager.py:740} INFO - There are 0 files in /opt/airflow/dags
[2026-02-19T02:04:37.850+0000] {manager.py:737} INFO - Searching for files in /opt/airflow/dags
[2026-02-19T02:04:37.858+0000] {manager.py:740} INFO - There are 0 files in /opt/airflow/dags
[2026-02-19T02:09:38.585+0000] {manager.py:737} INFO - Searching for files in /opt/airflow/dags
[2026-02-19T02:09:38.594+0000] {manager.py:740} INFO - There are 0 files in /opt/airflow/dags
[2026-02-19T02:14:38.644+0000] {manager.py:737} INFO - Searching for files in /opt/airflow/dags
[2026-02-19T02:14:38.648+0000] {manager.py:740} INFO - There are 0 files in /opt/airflow/dags
[2026-02-19T02:19:39.013+0000] {manager.py:737} INFO - Searching for files in /opt/airflow/dags
[2026-02-19T02:19:39.020+0000] {manager.py:740} INFO - There are 0 files in /opt/airflow/dags
[2026-02-19T02:24:39.853+0000] {manager.py:737} INFO - Searching for files in /opt/airflow/dags
[2026-02-19T02:24:39.858+0000] {manager.py:740} INFO - There are 0 files in /opt/airflow/dags
[2026-02-19T02:29:40.001+0000] {manager.py:737} INFO - Searching for files in /opt/airflow/dags
[2026-02-19T02:29:40.008+0000] {manager.py:740} INFO - There are 0 files in /opt/airflow/dags
[2026-02-19T02:34:40.202+0000] {manager.py:737} INFO - Searching for files in /opt/airflow/dags
[2026-02-19T02:34:40.211+0000] {manager.py:740} INFO - There are 0 files in /opt/airflow/dags
[2026-02-19T02:39:40.958+0000] {manager.py:737} INFO - Searching for files in /opt/airflow/dags
[2026-02-19T02:39:40.964+0000] {manager.py:740} INFO - There are 0 files in /opt/airflow/dags
[2026-02-19T02:44:41.667+0000] {manager.py:737} INFO - Searching for files in /opt/airflow/dags
[2026-02-19T02:44:41.674+0000] {manager.py:740} INFO - There are 0 files in /opt/airflow/dags
[2026-02-19T02:49:42.467+0000] {manager.py:737} INFO - Searching for files in /opt/airflow/dags
[2026-02-19T02:49:42.472+0000] {manager.py:740} INFO - There are 0 files in /opt/airflow/dags
[2026-02-19T02:54:43.231+0000] {manager.py:737} INFO - Searching for files in /opt/airflow/dags
[2026-02-19T02:54:43.245+0000] {manager.py:740} INFO - There are 0 files in /opt/airflow/dags
[2026-02-19T02:59:43.988+0000] {manager.py:737} INFO - Searching for files in /opt/airflow/dags
[2026-02-19T02:59:43.994+0000] {manager.py:740} INFO - There are 0 files in /opt/airflow/dags
[2026-02-19T03:04:44.360+0000] {manager.py:737} INFO - Searching for files in /opt/airflow/dags
[2026-02-19T03:04:44.366+0000] {manager.py:740} INFO - There are 0 files in /opt/airflow/dags
[2026-02-19T03:09:44.890+0000] {manager.py:737} INFO - Searching for files in /opt/airflow/dags
[2026-02-19T03:09:44.900+0000] {manager.py:740} INFO - There are 0 files in /opt/airflow/dags
[2026-02-19T03:14:45.101+0000] {manager.py:737} INFO - Searching for files in /opt/airflow/dags
[2026-02-19T03:14:45.106+0000] {manager.py:740} INFO - There are 0 files in /opt/airflow/dags
[2026-02-19T03:19:46.067+0000] {manager.py:737} INFO - Searching for files in /opt/airflow/dags
[2026-02-19T03:19:46.073+0000] {manager.py:740} INFO - There are 0 files in /opt/airflow/dags
[2026-02-19T03:24:46.192+0000] {manager.py:737} INFO - Searching for files in /opt/airflow/dags
[2026-02-19T03:24:46.195+0000] {manager.py:740} INFO - There are 0 files in /opt/airflow/dags
[2026-02-19T03:29:46.985+0000] {manager.py:737} INFO - Searching for files in /opt/airflow/dags
[2026-02-19T03:29:46.992+0000] {manager.py:740} INFO - There are 0 files in /opt/airflow/dags
[2026-02-19T03:34:47.950+0000] {manager.py:737} INFO - Searching for files in /opt/airflow/dags
[2026-02-19T03:34:47.956+0000] {manager.py:740} INFO - There are 0 files in /opt/airflow/dags
[2026-02-19T03:57:55.916+0000] {manager.py:737} INFO - Searching for files in /opt/airflow/dags
[2026-02-19T03:57:55.923+0000] {manager.py:740} INFO - There are 0 files in /opt/airflow/dags
[2026-02-19T04:06:27.240+0000] {manager.py:737} INFO - Searching for files in /opt/airflow/dags
[2026-02-19T04:06:27.244+0000] {manager.py:740} INFO - There are 0 files in /opt/airflow/dags
[2026-02-19T04:25:51.196+0000] {manager.py:737} INFO - Searching for files in /opt/airflow/dags
[2026-02-19T04:25:51.202+0000] {manager.py:740} INFO - There are 0 files in /opt/airflow/dags
[2026-02-19T04:30:51.232+0000] {manager.py:737} INFO - Searching for files in /opt/airflow/dags
[2026-02-19T04:30:51.239+0000] {manager.py:740} INFO - There are 0 files in /opt/airflow/dags
[2026-02-19T04:35:51.995+0000] {manager.py:737} INFO - Searching for files in /opt/airflow/dags
[2026-02-19T04:35:52.000+0000] {manager.py:740} INFO - There are 0 files in /opt/airflow/dags
[2026-02-19T04:40:52.103+0000] {manager.py:737} INFO - Searching for files in /opt/airflow/dags
[2026-02-19T04:40:52.161+0000] {manager.py:740} INFO - There are 0 files in /opt/airflow/dags
[2026-02-19T04:45:52.295+0000] {manager.py:737} INFO - Searching for files in /opt/airflow/dags
[2026-02-19T04:45:52.302+0000] {manager.py:740} INFO - There are 0 files in /opt/airflow/dags
[2026-02-19T04:50:53.027+0000] {manager.py:737} INFO - Searching for files in /opt/airflow/dags
[2026-02-19T04:50:53.033+0000] {manager.py:740} INFO - There are 0 files in /opt/airflow/dags
[2026-02-19T04:55:53.802+0000] {manager.py:737} INFO - Searching for files in /opt/airflow/dags
[2026-02-19T04:55:53.810+0000] {manager.py:740} INFO - There are 0 files in /opt/airflow/dags
[2026-02-19T05:00:54.542+0000] {manager.py:737} INFO - Searching for files in /opt/airflow/dags
[2026-02-19T05:00:54.551+0000] {manager.py:740} INFO - There are 0 files in /opt/airflow/dags
[2026-02-19T05:05:55.475+0000] {manager.py:737} INFO - Searching for files in /opt/airflow/dags
[2026-02-19T05:05:55.482+0000] {manager.py:740} INFO - There are 0 files in /opt/airflow/dags
[2026-02-19T05:10:56.333+0000] {manager.py:737} INFO - Searching for files in /opt/airflow/dags
[2026-02-19T05:10:56.345+0000] {manager.py:740} INFO - There are 0 files in /opt/airflow/dags
[2026-02-19T06:36:20.855+0000] {manager.py:737} INFO - Searching for files in /opt/airflow/dags
[2026-02-19T06:36:20.857+0000] {manager.py:740} INFO - There are 0 files in /opt/airflow/dags
[2026-02-19T07:11:48.247+0000] {manager.py:737} INFO - Searching for files in /opt/airflow/dags
[2026-02-19T07:11:48.250+0000] {manager.py:740} INFO - There are 0 files in /opt/airflow/dags
[2026-02-19T08:05:21.046+0000] {manager.py:737} INFO - Searching for files in /opt/airflow/dags
[2026-02-19T08:05:21.050+0000] {manager.py:740} INFO - There are 0 files in /opt/airflow/dags
[2026-02-19T09:12:58.073+0000] {manager.py:737} INFO - Searching for files in /opt/airflow/dags
[2026-02-19T09:12:58.075+0000] {manager.py:740} INFO - There are 0 files in /opt/airflow/dags
[2026-02-19T10:36:00.887+0000] {manager.py:737} INFO - Searching for files in /opt/airflow/dags
[2026-02-19T10:36:00.890+0000] {manager.py:740} INFO - There are 0 files in /opt/airflow/dags
[2026-02-19T12:13:52.380+0000] {manager.py:737} INFO - Searching for files in /opt/airflow/dags
[2026-02-19T12:13:52.386+0000] {manager.py:740} INFO - There are 0 files in /opt/airflow/dags
[2026-02-19T13:09:38.255+0000] {manager.py:737} INFO - Searching for files in /opt/airflow/dags
[2026-02-19T13:09:38.260+0000] {manager.py:740} INFO - There are 0 files in /opt/airflow/dags
[2026-02-19T14:10:34.090+0000] {manager.py:737} INFO - Searching for files in /opt/airflow/dags
[2026-02-19T14:10:34.096+0000] {manager.py:740} INFO - There are 0 files in /opt/airflow/dags
[2026-02-19T14:59:55.357+0000] {manager.py:737} INFO - Searching for files in /opt/airflow/dags
[2026-02-19T14:59:55.433+0000] {manager.py:740} INFO - There are 0 files in /opt/airflow/dags
[2026-02-19T15:12:02.545+0000] {manager.py:737} INFO - Searching for files in /opt/airflow/dags
[2026-02-19T15:12:02.549+0000] {manager.py:740} INFO - There are 0 files in /opt/airflow/dags
[2026-02-19T15:59:41.111+0000] {manager.py:737} INFO - Searching for files in /opt/airflow/dags
[2026-02-19T15:59:41.113+0000] {manager.py:740} INFO - There are 0 files in /opt/airflow/dags
[2026-02-19T16:13:00.186+0000] {manager.py:737} INFO - Searching for files in /opt/airflow/dags
[2026-02-19T16:13:00.189+0000] {manager.py:740} INFO - There are 0 files in /opt/airflow/dags
[2026-02-19T16:18:18.408+0000] {manager.py:737} INFO - Searching for files in /opt/airflow/dags
[2026-02-19T16:18:18.412+0000] {manager.py:740} INFO - There are 0 files in /opt/airflow/dags
[2026-02-19T17:13:47.229+0000] {manager.py:737} INFO - Searching for files in /opt/airflow/dags
[2026-02-19T17:13:47.236+0000] {manager.py:740} INFO - There are 0 files in /opt/airflow/dags
[2026-02-19T18:14:44.808+0000] {manager.py:737} INFO - Searching for files in /opt/airflow/dags
[2026-02-19T18:14:44.811+0000] {manager.py:740} INFO - There are 0 files in /opt/airflow/dags
[2026-02-19T18:27:29.523+0000] {manager.py:737} INFO - Searching for files in /opt/airflow/dags
[2026-02-19T18:27:29.533+0000] {manager.py:740} INFO - There are 0 files in /opt/airflow/dags
[2026-02-19T18:32:29.767+0000] {manager.py:737} INFO - Searching for files in /opt/airflow/dags
[2026-02-19T18:32:29.774+0000] {manager.py:740} INFO - There are 0 files in /opt/airflow/dags
[2026-02-19T18:37:29.909+0000] {manager.py:737} INFO - Searching for files in /opt/airflow/dags
[2026-02-19T18:37:29.919+0000] {manager.py:740} INFO - There are 0 files in /opt/airflow/dags
[2026-02-19T18:42:29.985+0000] {manager.py:737} INFO - Searching for files in /opt/airflow/dags
[2026-02-19T18:42:29.992+0000] {manager.py:740} INFO - There are 0 files in /opt/airflow/dags
[2026-02-19T18:47:30.841+0000] {manager.py:737} INFO - Searching for files in /opt/airflow/dags
[2026-02-19T18:47:30.847+0000] {manager.py:740} INFO - There are 0 files in /opt/airflow/dags
[2026-02-19T18:52:31.387+0000] {manager.py:737} INFO - Searching for files in /opt/airflow/dags
[2026-02-19T18:52:31.393+0000] {manager.py:740} INFO - There are 0 files in /opt/airflow/dags
[2026-02-19T18:57:31.965+0000] {manager.py:737} INFO - Searching for files in /opt/airflow/dags
[2026-02-19T18:57:31.970+0000] {manager.py:740} INFO - There are 0 files in /opt/airflow/dags
[2026-02-19T19:02:31.985+0000] {manager.py:737} INFO - Searching for files in /opt/airflow/dags
[2026-02-19T19:02:31.993+0000] {manager.py:740} INFO - There are 0 files in /opt/airflow/dags
[2026-02-19T19:07:32.756+0000] {manager.py:737} INFO - Searching for files in /opt/airflow/dags
[2026-02-19T19:07:32.762+0000] {manager.py:740} INFO - There are 0 files in /opt/airflow/dags
[2026-02-19T19:12:32.952+0000] {manager.py:737} INFO - Searching for files in /opt/airflow/dags
[2026-02-19T19:12:32.962+0000] {manager.py:740} INFO - There are 0 files in /opt/airflow/dags
[2026-02-19T19:17:33.044+0000] {manager.py:737} INFO - Searching for files in /opt/airflow/dags
[2026-02-19T19:17:33.053+0000] {manager.py:740} INFO - There are 0 files in /opt/airflow/dags
[2026-02-19T19:22:33.829+0000] {manager.py:737} INFO - Searching for files in /opt/airflow/dags
[2026-02-19T19:22:33.837+0000] {manager.py:740} INFO - There are 0 files in /opt/airflow/dags
[2026-02-19T19:27:34.272+0000] {manager.py:737} INFO - Searching for files in /opt/airflow/dags
[2026-02-19T19:27:34.279+0000] {manager.py:740} INFO - There are 0 files in /opt/airflow/dags
[2026-02-19T19:32:35.047+0000] {manager.py:737} INFO - Searching for files in /opt/airflow/dags
[2026-02-19T19:32:35.056+0000] {manager.py:740} INFO - There are 0 files in /opt/airflow/dags
[2026-02-19T19:37:35.924+0000] {manager.py:737} INFO - Searching for files in /opt/airflow/dags
[2026-02-19T19:37:35.930+0000] {manager.py:740} INFO - There are 0 files in /opt/airflow/dags
[2026-02-19T19:42:36.835+0000] {manager.py:737} INFO - Searching for files in /opt/airflow/dags
[2026-02-19T19:42:36.837+0000] {manager.py:740} INFO - There are 0 files in /opt/airflow/dags
[2026-02-19T19:47:36.951+0000] {manager.py:737} INFO - Searching for files in /opt/airflow/dags
[2026-02-19T19:47:36.954+0000] {manager.py:740} INFO - There are 0 files in /opt/airflow/dags
[2026-02-19T19:52:37.841+0000] {manager.py:737} INFO - Searching for files in /opt/airflow/dags
[2026-02-19T19:52:37.844+0000] {manager.py:740} INFO - There are 0 files in /opt/airflow/dags
[2026-02-19T19:57:38.025+0000] {manager.py:737} INFO - Searching for files in /opt/airflow/dags
[2026-02-19T19:57:38.028+0000] {manager.py:740} INFO - There are 0 files in /opt/airflow/dags
[2026-02-19T20:02:49.069+0000] {manager.py:470} INFO - Processing files using up to 2 processes at a time 
[2026-02-19T20:02:49.070+0000] {manager.py:471} INFO - Process each file at most once every 30 seconds
[2026-02-19T20:02:49.071+0000] {manager.py:472} INFO - Checking for new files in /opt/airflow/dags every 300 seconds
[2026-02-19T20:02:49.071+0000] {manager.py:737} INFO - Searching for files in /opt/airflow/dags
[2026-02-19T20:02:49.072+0000] {manager.py:740} INFO - There are 0 files in /opt/airflow/dags
[2026-02-19T20:11:57.664+0000] {manager.py:470} INFO - Processing files using up to 2 processes at a time 
[2026-02-19T20:11:57.664+0000] {manager.py:471} INFO - Process each file at most once every 30 seconds
[2026-02-19T20:11:57.665+0000] {manager.py:472} INFO - Checking for new files in /opt/airflow/dags every 300 seconds
[2026-02-19T20:11:57.665+0000] {manager.py:737} INFO - Searching for files in /opt/airflow/dags
[2026-02-19T20:11:57.666+0000] {manager.py:740} INFO - There are 0 files in /opt/airflow/dags
[2026-02-19T20:12:29.622+0000] {manager.py:452} INFO - Exiting gracefully upon receiving signal 15
[2026-02-19T20:12:39.531+0000] {manager.py:470} INFO - Processing files using up to 2 processes at a time 
[2026-02-19T20:12:39.532+0000] {manager.py:471} INFO - Process each file at most once every 30 seconds
[2026-02-19T20:12:39.538+0000] {manager.py:472} INFO - Checking for new files in /opt/airflow/dags every 300 seconds
[2026-02-19T20:12:39.538+0000] {manager.py:737} INFO - Searching for files in /opt/airflow/dags
[2026-02-19T20:12:39.541+0000] {manager.py:740} INFO - There are 0 files in /opt/airflow/dags
[2026-02-19T20:17:39.846+0000] {manager.py:737} INFO - Searching for files in /opt/airflow/dags
[2026-02-19T20:17:39.871+0000] {manager.py:740} INFO - There are 0 files in /opt/airflow/dags
[2026-02-19T20:22:40.218+0000] {manager.py:737} INFO - Searching for files in /opt/airflow/dags
[2026-02-19T20:22:40.225+0000] {manager.py:740} INFO - There are 0 files in /opt/airflow/dags
[2026-02-19T20:27:40.620+0000] {manager.py:737} INFO - Searching for files in /opt/airflow/dags
[2026-02-19T20:27:40.627+0000] {manager.py:740} INFO - There are 0 files in /opt/airflow/dags
[2026-02-19T20:32:41.207+0000] {manager.py:737} INFO - Searching for files in /opt/airflow/dags
[2026-02-19T20:32:41.215+0000] {manager.py:740} INFO - There are 0 files in /opt/airflow/dags
[2026-02-19T20:37:41.581+0000] {manager.py:737} INFO - Searching for files in /opt/airflow/dags
[2026-02-19T20:37:41.589+0000] {manager.py:740} INFO - There are 0 files in /opt/airflow/dags
[2026-02-19T20:42:42.138+0000] {manager.py:737} INFO - Searching for files in /opt/airflow/dags
[2026-02-19T20:42:42.144+0000] {manager.py:740} INFO - There are 0 files in /opt/airflow/dags
[2026-02-19T20:47:42.690+0000] {manager.py:737} INFO - Searching for files in /opt/airflow/dags
[2026-02-19T20:47:42.693+0000] {manager.py:740} INFO - There are 0 files in /opt/airflow/dags
[2026-02-19T20:52:43.158+0000] {manager.py:737} INFO - Searching for files in /opt/airflow/dags
[2026-02-19T20:52:43.164+0000] {manager.py:740} INFO - There are 0 files in /opt/airflow/dags
[2026-02-19T20:57:43.952+0000] {manager.py:737} INFO - Searching for files in /opt/airflow/dags
[2026-02-19T20:57:43.960+0000] {manager.py:740} INFO - There are 0 files in /opt/airflow/dags
[2026-02-19T21:02:44.801+0000] {manager.py:737} INFO - Searching for files in /opt/airflow/dags
[2026-02-19T21:02:44.805+0000] {manager.py:740} INFO - There are 0 files in /opt/airflow/dags
[2026-02-19T21:07:45.412+0000] {manager.py:737} INFO - Searching for files in /opt/airflow/dags
[2026-02-19T21:07:45.419+0000] {manager.py:740} INFO - There are 0 files in /opt/airflow/dags
[2026-02-19T21:12:45.727+0000] {manager.py:737} INFO - Searching for files in /opt/airflow/dags
[2026-02-19T21:12:45.731+0000] {manager.py:740} INFO - There are 0 files in /opt/airflow/dags
[2026-02-19T21:17:46.008+0000] {manager.py:737} INFO - Searching for files in /opt/airflow/dags
[2026-02-19T21:17:46.014+0000] {manager.py:740} INFO - There are 0 files in /opt/airflow/dags
[2026-02-19T21:22:46.337+0000] {manager.py:737} INFO - Searching for files in /opt/airflow/dags
[2026-02-19T21:22:46.344+0000] {manager.py:740} INFO - There are 0 files in /opt/airflow/dags
[2026-02-19T21:27:46.938+0000] {manager.py:737} INFO - Searching for files in /opt/airflow/dags
[2026-02-19T21:27:46.947+0000] {manager.py:740} INFO - There are 0 files in /opt/airflow/dags
[2026-02-19T21:32:47.445+0000] {manager.py:737} INFO - Searching for files in /opt/airflow/dags
[2026-02-19T21:32:47.453+0000] {manager.py:740} INFO - There are 0 files in /opt/airflow/dags
[2026-02-19T21:37:47.552+0000] {manager.py:737} INFO - Searching for files in /opt/airflow/dags
[2026-02-19T21:37:47.557+0000] {manager.py:740} INFO - There are 0 files in /opt/airflow/dags
[2026-02-19T21:42:48.331+0000] {manager.py:737} INFO - Searching for files in /opt/airflow/dags
[2026-02-19T21:42:48.335+0000] {manager.py:740} INFO - There are 0 files in /opt/airflow/dags
[2026-02-19T21:47:48.994+0000] {manager.py:737} INFO - Searching for files in /opt/airflow/dags
[2026-02-19T21:47:49.002+0000] {manager.py:740} INFO - There are 0 files in /opt/airflow/dags
[2026-02-19T21:52:49.885+0000] {manager.py:737} INFO - Searching for files in /opt/airflow/dags
[2026-02-19T21:52:49.892+0000] {manager.py:740} INFO - There are 0 files in /opt/airflow/dags
[2026-02-19T21:57:50.714+0000] {manager.py:737} INFO - Searching for files in /opt/airflow/dags
[2026-02-19T21:57:50.719+0000] {manager.py:740} INFO - There are 0 files in /opt/airflow/dags
[2026-02-19T22:02:51.189+0000] {manager.py:737} INFO - Searching for files in /opt/airflow/dags
[2026-02-19T22:02:51.196+0000] {manager.py:740} INFO - There are 0 files in /opt/airflow/dags
[2026-02-19T22:07:51.632+0000] {manager.py:737} INFO - Searching for files in /opt/airflow/dags
[2026-02-19T22:07:51.640+0000] {manager.py:740} INFO - There are 0 files in /opt/airflow/dags
[2026-02-19T22:12:52.164+0000] {manager.py:737} INFO - Searching for files in /opt/airflow/dags
[2026-02-19T22:12:52.169+0000] {manager.py:740} INFO - There are 0 files in /opt/airflow/dags
[2026-02-19T22:17:52.613+0000] {manager.py:737} INFO - Searching for files in /opt/airflow/dags
[2026-02-19T22:17:52.616+0000] {manager.py:740} INFO - There are 0 files in /opt/airflow/dags
[2026-02-19T22:22:53.002+0000] {manager.py:737} INFO - Searching for files in /opt/airflow/dags
[2026-02-19T22:22:53.007+0000] {manager.py:740} INFO - There are 0 files in /opt/airflow/dags
[2026-02-19T22:27:53.263+0000] {manager.py:737} INFO - Searching for files in /opt/airflow/dags
[2026-02-19T22:27:53.268+0000] {manager.py:740} INFO - There are 0 files in /opt/airflow/dags
[2026-02-19T22:32:53.782+0000] {manager.py:737} INFO - Searching for files in /opt/airflow/dags
[2026-02-19T22:32:53.788+0000] {manager.py:740} INFO - There are 0 files in /opt/airflow/dags
[2026-02-19T22:37:54.134+0000] {manager.py:737} INFO - Searching for files in /opt/airflow/dags
[2026-02-19T22:37:54.141+0000] {manager.py:740} INFO - There are 0 files in /opt/airflow/dags
[2026-02-19T22:42:54.550+0000] {manager.py:737} INFO - Searching for files in /opt/airflow/dags
[2026-02-19T22:42:54.553+0000] {manager.py:740} INFO - There are 0 files in /opt/airflow/dags
[2026-02-19T22:47:55.038+0000] {manager.py:737} INFO - Searching for files in /opt/airflow/dags
[2026-02-19T22:47:55.047+0000] {manager.py:740} INFO - There are 0 files in /opt/airflow/dags
[2026-02-19T22:52:55.884+0000] {manager.py:737} INFO - Searching for files in /opt/airflow/dags
[2026-02-19T22:52:55.892+0000] {manager.py:740} INFO - There are 0 files in /opt/airflow/dags
[2026-02-19T22:57:56.723+0000] {manager.py:737} INFO - Searching for files in /opt/airflow/dags
[2026-02-19T22:57:56.731+0000] {manager.py:740} INFO - There are 0 files in /opt/airflow/dags
[2026-02-19T23:02:57.471+0000] {manager.py:737} INFO - Searching for files in /opt/airflow/dags
[2026-02-19T23:02:57.475+0000] {manager.py:740} INFO - There are 0 files in /opt/airflow/dags
[2026-02-20T22:40:40.131+0000] {manager.py:470} INFO - Processing files using up to 2 processes at a time 
[2026-02-20T22:40:40.132+0000] {manager.py:471} INFO - Process each file at most once every 30 seconds
[2026-02-20T22:40:40.133+0000] {manager.py:472} INFO - Checking for new files in /opt/airflow/dags every 300 seconds
[2026-02-20T22:40:40.133+0000] {manager.py:737} INFO - Searching for files in /opt/airflow/dags
[2026-02-20T22:40:40.134+0000] {manager.py:740} INFO - There are 0 files in /opt/airflow/dags
[2026-02-20T22:45:40.409+0000] {manager.py:737} INFO - Searching for files in /opt/airflow/dags
[2026-02-20T22:45:40.415+0000] {manager.py:740} INFO - There are 0 files in /opt/airflow/dags
[2026-02-20T22:50:40.956+0000] {manager.py:737} INFO - Searching for files in /opt/airflow/dags
[2026-02-20T22:50:40.967+0000] {manager.py:740} INFO - There are 0 files in /opt/airflow/dags
[2026-02-20T22:55:41.578+0000] {manager.py:737} INFO - Searching for files in /opt/airflow/dags
[2026-02-20T22:55:41.583+0000] {manager.py:740} INFO - There are 0 files in /opt/airflow/dags
[2026-02-20T23:00:41.998+0000] {manager.py:737} INFO - Searching for files in /opt/airflow/dags
[2026-02-20T23:00:42.003+0000] {manager.py:740} INFO - There are 0 files in /opt/airflow/dags
[2026-02-20T23:05:42.567+0000] {manager.py:737} INFO - Searching for files in /opt/airflow/dags
[2026-02-20T23:05:42.573+0000] {manager.py:740} INFO - There are 0 files in /opt/airflow/dags
[2026-02-20T23:10:43.487+0000] {manager.py:737} INFO - Searching for files in /opt/airflow/dags
[2026-02-20T23:10:43.493+0000] {manager.py:740} INFO - There are 0 files in /opt/airflow/dags
[2026-02-20T23:15:43.850+0000] {manager.py:737} INFO - Searching for files in /opt/airflow/dags
[2026-02-20T23:15:43.861+0000] {manager.py:740} INFO - There are 0 files in /opt/airflow/dags
[2026-02-20T23:20:43.860+0000] {manager.py:737} INFO - Searching for files in /opt/airflow/dags
[2026-02-20T23:20:43.864+0000] {manager.py:740} INFO - There are 0 files in /opt/airflow/dags
[2026-02-20T23:25:43.999+0000] {manager.py:737} INFO - Searching for files in /opt/airflow/dags
[2026-02-20T23:25:44.004+0000] {manager.py:740} INFO - There are 0 files in /opt/airflow/dags
[2026-02-20T23:30:44.218+0000] {manager.py:737} INFO - Searching for files in /opt/airflow/dags
[2026-02-20T23:30:44.225+0000] {manager.py:740} INFO - There are 0 files in /opt/airflow/dags
[2026-02-20T23:48:57.301+0000] {manager.py:737} INFO - Searching for files in /opt/airflow/dags
[2026-02-20T23:48:57.304+0000] {manager.py:740} INFO - There are 0 files in /opt/airflow/dags
[2026-02-21T01:12:33.130+0000] {manager.py:737} INFO - Searching for files in /opt/airflow/dags
[2026-02-21T01:12:33.141+0000] {manager.py:740} INFO - There are 0 files in /opt/airflow/dags
[2026-02-21T01:34:15.854+0000] {manager.py:737} INFO - Searching for files in /opt/airflow/dags
[2026-02-21T01:34:15.858+0000] {manager.py:740} INFO - There are 0 files in /opt/airflow/dags
[2026-02-21T01:51:33.052+0000] {manager.py:737} INFO - Searching for files in /opt/airflow/dags
[2026-02-21T01:51:33.059+0000] {manager.py:740} INFO - There are 0 files in /opt/airflow/dags
[2026-02-21T02:35:12.090+0000] {manager.py:737} INFO - Searching for files in /opt/airflow/dags
[2026-02-21T02:35:12.093+0000] {manager.py:740} INFO - There are 0 files in /opt/airflow/dags
[2026-02-21T03:36:08.474+0000] {manager.py:737} INFO - Searching for files in /opt/airflow/dags
[2026-02-21T03:36:08.479+0000] {manager.py:740} INFO - There are 0 files in /opt/airflow/dags
[2026-02-21T04:09:55.139+0000] {manager.py:737} INFO - Searching for files in /opt/airflow/dags
[2026-02-21T04:09:55.142+0000] {manager.py:740} INFO - There are 0 files in /opt/airflow/dags
[2026-02-21T04:37:19.784+0000] {manager.py:737} INFO - Searching for files in /opt/airflow/dags
[2026-02-21T04:37:19.787+0000] {manager.py:740} INFO - There are 0 files in /opt/airflow/dags
[2026-02-21T05:10:12.541+0000] {manager.py:737} INFO - Searching for files in /opt/airflow/dags
[2026-02-21T05:10:12.542+0000] {manager.py:740} INFO - There are 0 files in /opt/airflow/dags
[2026-02-21T05:17:17.498+0000] {manager.py:737} INFO - Searching for files in /opt/airflow/dags
[2026-02-21T05:17:17.502+0000] {manager.py:740} INFO - There are 0 files in /opt/airflow/dags
[2026-02-21T05:38:01.405+0000] {manager.py:737} INFO - Searching for files in /opt/airflow/dags
[2026-02-21T05:38:01.409+0000] {manager.py:740} INFO - There are 0 files in /opt/airflow/dags
[2026-02-21T06:38:56.816+0000] {manager.py:737} INFO - Searching for files in /opt/airflow/dags
[2026-02-21T06:38:56.821+0000] {manager.py:740} INFO - There are 0 files in /opt/airflow/dags
[2026-02-21T06:55:49.776+0000] {manager.py:737} INFO - Searching for files in /opt/airflow/dags
[2026-02-21T06:55:49.781+0000] {manager.py:740} INFO - There are 0 files in /opt/airflow/dags
[2026-02-21T07:40:12.455+0000] {manager.py:737} INFO - Searching for files in /opt/airflow/dags
[2026-02-21T07:40:12.462+0000] {manager.py:740} INFO - There are 0 files in /opt/airflow/dags
[2026-02-21T09:17:22.557+0000] {manager.py:737} INFO - Searching for files in /opt/airflow/dags
[2026-02-21T09:17:22.561+0000] {manager.py:740} INFO - There are 0 files in /opt/airflow/dags
[2026-02-21T09:32:54.176+0000] {manager.py:737} INFO - Searching for files in /opt/airflow/dags
[2026-02-21T09:32:54.179+0000] {manager.py:740} INFO - There are 0 files in /opt/airflow/dags
[2026-02-21T10:05:38.148+0000] {manager.py:737} INFO - Searching for files in /opt/airflow/dags
[2026-02-21T10:05:38.154+0000] {manager.py:740} INFO - There are 0 files in /opt/airflow/dags
[2026-02-21T11:29:01.700+0000] {manager.py:737} INFO - Searching for files in /opt/airflow/dags
[2026-02-21T11:29:01.702+0000] {manager.py:740} INFO - There are 0 files in /opt/airflow/dags
[2026-02-21T11:34:45.627+0000] {manager.py:737} INFO - Searching for files in /opt/airflow/dags
[2026-02-21T11:34:45.696+0000] {manager.py:740} INFO - There are 0 files in /opt/airflow/dags
[2026-02-21T13:00:20.944+0000] {manager.py:737} INFO - Searching for files in /opt/airflow/dags
[2026-02-21T13:00:20.947+0000] {manager.py:740} INFO - There are 0 files in /opt/airflow/dags
[2026-02-21T13:23:27.152+0000] {manager.py:737} INFO - Searching for files in /opt/airflow/dags
[2026-02-21T13:23:27.153+0000] {manager.py:740} INFO - There are 0 files in /opt/airflow/dags
[2026-02-21T13:30:04.199+0000] {manager.py:737} INFO - Searching for files in /opt/airflow/dags
[2026-02-21T13:30:04.200+0000] {manager.py:740} INFO - There are 0 files in /opt/airflow/dags
[2026-02-21T13:36:02.919+0000] {manager.py:737} INFO - Searching for files in /opt/airflow/dags
[2026-02-21T13:36:02.922+0000] {manager.py:740} INFO - There are 0 files in /opt/airflow/dags
[2026-02-21T14:24:19.428+0000] {manager.py:737} INFO - Searching for files in /opt/airflow/dags
[2026-02-21T14:24:19.430+0000] {manager.py:740} INFO - There are 0 files in /opt/airflow/dags
[2026-02-21T14:36:59.336+0000] {manager.py:737} INFO - Searching for files in /opt/airflow/dags
[2026-02-21T14:36:59.342+0000] {manager.py:740} INFO - There are 0 files in /opt/airflow/dags
[2026-02-21T15:12:36.290+0000] {manager.py:737} INFO - Searching for files in /opt/airflow/dags
[2026-02-21T15:12:36.294+0000] {manager.py:740} INFO - There are 0 files in /opt/airflow/dags
[2026-02-21T15:37:56.996+0000] {manager.py:737} INFO - Searching for files in /opt/airflow/dags
[2026-02-21T15:37:57.003+0000] {manager.py:740} INFO - There are 0 files in /opt/airflow/dags
[2026-02-21T16:11:31.972+0000] {manager.py:737} INFO - Searching for files in /opt/airflow/dags
[2026-02-21T16:11:31.973+0000] {manager.py:740} INFO - There are 0 files in /opt/airflow/dags
[2026-02-21T16:27:13.681+0000] {manager.py:737} INFO - Searching for files in /opt/airflow/dags
[2026-02-21T16:27:13.687+0000] {manager.py:740} INFO - There are 0 files in /opt/airflow/dags
[2026-02-21T16:39:02.118+0000] {manager.py:737} INFO - Searching for files in /opt/airflow/dags
[2026-02-21T16:39:02.122+0000] {manager.py:740} INFO - There are 0 files in /opt/airflow/dags
[2026-02-21T17:27:36.726+0000] {manager.py:737} INFO - Searching for files in /opt/airflow/dags
[2026-02-21T17:27:36.730+0000] {manager.py:740} INFO - There are 0 files in /opt/airflow/dags
[2026-02-21T17:39:57.554+0000] {manager.py:737} INFO - Searching for files in /opt/airflow/dags
[2026-02-21T17:39:57.557+0000] {manager.py:740} INFO - There are 0 files in /opt/airflow/dags
[2026-02-21T17:57:02.427+0000] {manager.py:737} INFO - Searching for files in /opt/airflow/dags
[2026-02-21T17:57:02.430+0000] {manager.py:740} INFO - There are 0 files in /opt/airflow/dags
[2026-02-21T18:02:03.218+0000] {manager.py:737} INFO - Searching for files in /opt/airflow/dags
[2026-02-21T18:02:03.225+0000] {manager.py:740} INFO - There are 0 files in /opt/airflow/dags
[2026-02-21T18:07:03.920+0000] {manager.py:737} INFO - Searching for files in /opt/airflow/dags
[2026-02-21T18:07:03.927+0000] {manager.py:740} INFO - There are 0 files in /opt/airflow/dags
[2026-02-21T18:12:04.827+0000] {manager.py:737} INFO - Searching for files in /opt/airflow/dags
[2026-02-21T18:12:04.833+0000] {manager.py:740} INFO - There are 0 files in /opt/airflow/dags
[2026-02-21T18:17:04.990+0000] {manager.py:737} INFO - Searching for files in /opt/airflow/dags
[2026-02-21T18:17:04.998+0000] {manager.py:740} INFO - There are 0 files in /opt/airflow/dags
[2026-02-21T18:22:05.948+0000] {manager.py:737} INFO - Searching for files in /opt/airflow/dags
[2026-02-21T18:22:05.955+0000] {manager.py:740} INFO - There are 0 files in /opt/airflow/dags
[2026-02-21T18:27:06.520+0000] {manager.py:737} INFO - Searching for files in /opt/airflow/dags
[2026-02-21T18:27:06.528+0000] {manager.py:740} INFO - There are 0 files in /opt/airflow/dags
[2026-02-21T18:32:07.362+0000] {manager.py:737} INFO - Searching for files in /opt/airflow/dags
[2026-02-21T18:32:07.369+0000] {manager.py:740} INFO - There are 0 files in /opt/airflow/dags
[2026-02-21T18:37:07.768+0000] {manager.py:737} INFO - Searching for files in /opt/airflow/dags
[2026-02-21T18:37:07.776+0000] {manager.py:740} INFO - There are 0 files in /opt/airflow/dags
[2026-02-21T18:42:08.716+0000] {manager.py:737} INFO - Searching for files in /opt/airflow/dags
[2026-02-21T18:42:08.724+0000] {manager.py:740} INFO - There are 0 files in /opt/airflow/dags
[2026-02-21T18:47:09.060+0000] {manager.py:737} INFO - Searching for files in /opt/airflow/dags
[2026-02-21T18:47:09.066+0000] {manager.py:740} INFO - There are 0 files in /opt/airflow/dags
[2026-02-21T18:52:09.916+0000] {manager.py:737} INFO - Searching for files in /opt/airflow/dags
[2026-02-21T18:52:09.926+0000] {manager.py:740} INFO - There are 0 files in /opt/airflow/dags
[2026-02-21T18:57:09.973+0000] {manager.py:737} INFO - Searching for files in /opt/airflow/dags
[2026-02-21T18:57:09.982+0000] {manager.py:740} INFO - There are 0 files in /opt/airflow/dags
[2026-02-21T19:02:10.911+0000] {manager.py:737} INFO - Searching for files in /opt/airflow/dags
[2026-02-21T19:02:10.917+0000] {manager.py:740} INFO - There are 0 files in /opt/airflow/dags
[2026-02-21T19:07:10.971+0000] {manager.py:737} INFO - Searching for files in /opt/airflow/dags
[2026-02-21T19:07:10.976+0000] {manager.py:740} INFO - There are 0 files in /opt/airflow/dags
[2026-02-21T19:12:11.215+0000] {manager.py:737} INFO - Searching for files in /opt/airflow/dags
[2026-02-21T19:12:11.218+0000] {manager.py:740} INFO - There are 0 files in /opt/airflow/dags
[2026-02-21T19:17:11.712+0000] {manager.py:737} INFO - Searching for files in /opt/airflow/dags
[2026-02-21T19:17:11.718+0000] {manager.py:740} INFO - There are 0 files in /opt/airflow/dags
[2026-02-21T19:22:12.245+0000] {manager.py:737} INFO - Searching for files in /opt/airflow/dags
[2026-02-21T19:22:12.253+0000] {manager.py:740} INFO - There are 0 files in /opt/airflow/dags
[2026-02-21T19:27:12.648+0000] {manager.py:737} INFO - Searching for files in /opt/airflow/dags
[2026-02-21T19:27:12.655+0000] {manager.py:740} INFO - There are 0 files in /opt/airflow/dags
[2026-02-21T19:32:13.243+0000] {manager.py:737} INFO - Searching for files in /opt/airflow/dags
[2026-02-21T19:32:13.249+0000] {manager.py:740} INFO - There are 0 files in /opt/airflow/dags
[2026-02-21T19:37:13.709+0000] {manager.py:737} INFO - Searching for files in /opt/airflow/dags
[2026-02-21T19:37:13.712+0000] {manager.py:740} INFO - There are 0 files in /opt/airflow/dags
[2026-02-21T19:42:14.182+0000] {manager.py:737} INFO - Searching for files in /opt/airflow/dags
[2026-02-21T19:42:14.189+0000] {manager.py:740} INFO - There are 0 files in /opt/airflow/dags
[2026-02-21T19:47:14.603+0000] {manager.py:737} INFO - Searching for files in /opt/airflow/dags
[2026-02-21T19:47:14.613+0000] {manager.py:740} INFO - There are 0 files in /opt/airflow/dags
[2026-02-21T19:52:15.127+0000] {manager.py:737} INFO - Searching for files in /opt/airflow/dags
[2026-02-21T19:52:15.133+0000] {manager.py:740} INFO - There are 0 files in /opt/airflow/dags
[2026-02-21T19:57:15.932+0000] {manager.py:737} INFO - Searching for files in /opt/airflow/dags
[2026-02-21T19:57:15.941+0000] {manager.py:740} INFO - There are 0 files in /opt/airflow/dags
[2026-02-21T20:02:16.555+0000] {manager.py:737} INFO - Searching for files in /opt/airflow/dags
[2026-02-21T20:02:16.562+0000] {manager.py:740} INFO - There are 0 files in /opt/airflow/dags
[2026-02-21T20:07:17.189+0000] {manager.py:737} INFO - Searching for files in /opt/airflow/dags
[2026-02-21T20:07:17.199+0000] {manager.py:740} INFO - There are 0 files in /opt/airflow/dags
[2026-02-21T20:12:17.711+0000] {manager.py:737} INFO - Searching for files in /opt/airflow/dags
[2026-02-21T20:12:17.721+0000] {manager.py:740} INFO - There are 0 files in /opt/airflow/dags
[2026-02-21T20:17:18.180+0000] {manager.py:737} INFO - Searching for files in /opt/airflow/dags
[2026-02-21T20:17:18.184+0000] {manager.py:740} INFO - There are 0 files in /opt/airflow/dags
[2026-02-21T20:22:18.628+0000] {manager.py:737} INFO - Searching for files in /opt/airflow/dags
[2026-02-21T20:22:18.637+0000] {manager.py:740} INFO - There are 0 files in /opt/airflow/dags
[2026-02-21T20:27:19.101+0000] {manager.py:737} INFO - Searching for files in /opt/airflow/dags
[2026-02-21T20:27:19.111+0000] {manager.py:740} INFO - There are 0 files in /opt/airflow/dags
[2026-02-21T20:32:19.548+0000] {manager.py:737} INFO - Searching for files in /opt/airflow/dags
[2026-02-21T20:32:19.559+0000] {manager.py:740} INFO - There are 0 files in /opt/airflow/dags
[2026-02-21T20:37:19.979+0000] {manager.py:737} INFO - Searching for files in /opt/airflow/dags
[2026-02-21T20:37:19.991+0000] {manager.py:740} INFO - There are 0 files in /opt/airflow/dags
[2026-02-21T20:42:20.334+0000] {manager.py:737} INFO - Searching for files in /opt/airflow/dags
[2026-02-21T20:42:20.340+0000] {manager.py:740} INFO - There are 0 files in /opt/airflow/dags
[2026-02-21T20:47:20.571+0000] {manager.py:737} INFO - Searching for files in /opt/airflow/dags
[2026-02-21T20:47:20.579+0000] {manager.py:740} INFO - There are 0 files in /opt/airflow/dags
[2026-02-21T20:52:20.952+0000] {manager.py:737} INFO - Searching for files in /opt/airflow/dags
[2026-02-21T20:52:20.959+0000] {manager.py:740} INFO - There are 0 files in /opt/airflow/dags
[2026-02-21T20:57:21.254+0000] {manager.py:737} INFO - Searching for files in /opt/airflow/dags
[2026-02-21T20:57:21.260+0000] {manager.py:740} INFO - There are 0 files in /opt/airflow/dags
[2026-02-21T21:02:21.650+0000] {manager.py:737} INFO - Searching for files in /opt/airflow/dags
[2026-02-21T21:02:21.656+0000] {manager.py:740} INFO - There are 0 files in /opt/airflow/dags
[2026-02-21T21:07:21.962+0000] {manager.py:737} INFO - Searching for files in /opt/airflow/dags
[2026-02-21T21:07:21.970+0000] {manager.py:740} INFO - There are 0 files in /opt/airflow/dags
[2026-02-21T21:12:22.451+0000] {manager.py:737} INFO - Searching for files in /opt/airflow/dags
[2026-02-21T21:12:22.459+0000] {manager.py:740} INFO - There are 0 files in /opt/airflow/dags
[2026-02-21T22:01:23.545+0000] {manager.py:737} INFO - Searching for files in /opt/airflow/dags
[2026-02-21T22:01:23.548+0000] {manager.py:740} INFO - There are 0 files in /opt/airflow/dags
[2026-02-21T22:18:02.001+0000] {manager.py:737} INFO - Searching for files in /opt/airflow/dags
[2026-02-21T22:18:02.005+0000] {manager.py:740} INFO - There are 0 files in /opt/airflow/dags
[2026-02-21T22:25:43.401+0000] {manager.py:737} INFO - Searching for files in /opt/airflow/dags
[2026-02-21T22:25:43.405+0000] {manager.py:740} INFO - There are 0 files in /opt/airflow/dags
[2026-02-21T22:30:44.351+0000] {manager.py:737} INFO - Searching for files in /opt/airflow/dags
[2026-02-21T22:30:44.360+0000] {manager.py:740} INFO - There are 0 files in /opt/airflow/dags
[2026-02-21T22:35:45.184+0000] {manager.py:737} INFO - Searching for files in /opt/airflow/dags
[2026-02-21T22:35:45.193+0000] {manager.py:740} INFO - There are 0 files in /opt/airflow/dags
[2026-02-21T22:40:45.894+0000] {manager.py:737} INFO - Searching for files in /opt/airflow/dags
[2026-02-21T22:40:45.901+0000] {manager.py:740} INFO - There are 0 files in /opt/airflow/dags
[2026-02-21T22:45:46.490+0000] {manager.py:737} INFO - Searching for files in /opt/airflow/dags
[2026-02-21T22:45:46.497+0000] {manager.py:740} INFO - There are 0 files in /opt/airflow/dags
[2026-02-21T22:50:47.209+0000] {manager.py:737} INFO - Searching for files in /opt/airflow/dags
[2026-02-21T22:50:47.221+0000] {manager.py:740} INFO - There are 0 files in /opt/airflow/dags
[2026-02-21T22:55:47.264+0000] {manager.py:737} INFO - Searching for files in /opt/airflow/dags
[2026-02-21T22:55:47.271+0000] {manager.py:740} INFO - There are 0 files in /opt/airflow/dags
[2026-02-21T23:00:47.394+0000] {manager.py:737} INFO - Searching for files in /opt/airflow/dags
[2026-02-21T23:00:47.398+0000] {manager.py:740} INFO - There are 0 files in /opt/airflow/dags
[2026-02-21T23:05:48.215+0000] {manager.py:737} INFO - Searching for files in /opt/airflow/dags
[2026-02-21T23:05:48.235+0000] {manager.py:740} INFO - There are 0 files in /opt/airflow/dags
[2026-02-21T23:10:17.711+0000] {manager.py:470} INFO - Processing files using up to 2 processes at a time 
[2026-02-21T23:10:17.713+0000] {manager.py:471} INFO - Process each file at most once every 30 seconds
[2026-02-21T23:10:17.714+0000] {manager.py:472} INFO - Checking for new files in /opt/airflow/dags every 300 seconds
[2026-02-21T23:10:17.714+0000] {manager.py:737} INFO - Searching for files in /opt/airflow/dags
[2026-02-21T23:10:17.719+0000] {manager.py:740} INFO - There are 0 files in /opt/airflow/dags
[2026-02-21T23:15:17.738+0000] {manager.py:737} INFO - Searching for files in /opt/airflow/dags
[2026-02-21T23:15:17.743+0000] {manager.py:740} INFO - There are 0 files in /opt/airflow/dags
[2026-02-21T23:20:18.446+0000] {manager.py:737} INFO - Searching for files in /opt/airflow/dags
[2026-02-21T23:20:18.451+0000] {manager.py:740} INFO - There are 0 files in /opt/airflow/dags
[2026-02-21T23:25:18.831+0000] {manager.py:737} INFO - Searching for files in /opt/airflow/dags
[2026-02-21T23:25:18.838+0000] {manager.py:740} INFO - There are 0 files in /opt/airflow/dags
[2026-02-21T23:31:16.125+0000] {manager.py:470} INFO - Processing files using up to 2 processes at a time 
[2026-02-21T23:31:16.128+0000] {manager.py:471} INFO - Process each file at most once every 30 seconds
[2026-02-21T23:31:16.135+0000] {manager.py:472} INFO - Checking for new files in /opt/airflow/dags every 300 seconds
[2026-02-21T23:31:16.142+0000] {manager.py:737} INFO - Searching for files in /opt/airflow/dags
[2026-02-21T23:31:16.144+0000] {manager.py:740} INFO - There are 0 files in /opt/airflow/dags
[2026-02-21T23:36:16.147+0000] {manager.py:737} INFO - Searching for files in /opt/airflow/dags
[2026-02-21T23:36:16.169+0000] {manager.py:740} INFO - There are 0 files in /opt/airflow/dags
[2026-02-21T23:41:16.687+0000] {manager.py:737} INFO - Searching for files in /opt/airflow/dags
[2026-02-21T23:41:16.692+0000] {manager.py:740} INFO - There are 0 files in /opt/airflow/dags
[2026-02-21T23:46:17.017+0000] {manager.py:737} INFO - Searching for files in /opt/airflow/dags
[2026-02-21T23:46:17.026+0000] {manager.py:740} INFO - There are 0 files in /opt/airflow/dags
[2026-02-21T23:51:17.077+0000] {manager.py:737} INFO - Searching for files in /opt/airflow/dags
[2026-02-21T23:51:17.081+0000] {manager.py:740} INFO - There are 0 files in /opt/airflow/dags
[2026-02-21T23:56:17.755+0000] {manager.py:737} INFO - Searching for files in /opt/airflow/dags
[2026-02-21T23:56:17.763+0000] {manager.py:740} INFO - There are 0 files in /opt/airflow/dags
[2026-02-22T00:01:18.149+0000] {manager.py:737} INFO - Searching for files in /opt/airflow/dags
[2026-02-22T00:01:18.156+0000] {manager.py:740} INFO - There are 0 files in /opt/airflow/dags
[2026-02-22T00:06:18.682+0000] {manager.py:737} INFO - Searching for files in /opt/airflow/dags
[2026-02-22T00:06:18.690+0000] {manager.py:740} INFO - There are 0 files in /opt/airflow/dags
[2026-02-22T00:11:19.239+0000] {manager.py:737} INFO - Searching for files in /opt/airflow/dags
[2026-02-22T00:11:19.244+0000] {manager.py:740} INFO - There are 0 files in /opt/airflow/dags
[2026-02-22T00:16:19.871+0000] {manager.py:737} INFO - Searching for files in /opt/airflow/dags
[2026-02-22T00:16:19.876+0000] {manager.py:740} INFO - There are 0 files in /opt/airflow/dags
[2026-02-22T00:21:20.474+0000] {manager.py:737} INFO - Searching for files in /opt/airflow/dags
[2026-02-22T00:21:20.480+0000] {manager.py:740} INFO - There are 0 files in /opt/airflow/dags
[2026-02-22T00:26:21.394+0000] {manager.py:737} INFO - Searching for files in /opt/airflow/dags
[2026-02-22T00:26:21.398+0000] {manager.py:740} INFO - There are 0 files in /opt/airflow/dags
[2026-02-22T00:31:22.058+0000] {manager.py:737} INFO - Searching for files in /opt/airflow/dags
[2026-02-22T00:31:22.061+0000] {manager.py:740} INFO - There are 0 files in /opt/airflow/dags
[2026-02-22T00:36:22.799+0000] {manager.py:737} INFO - Searching for files in /opt/airflow/dags
[2026-02-22T00:36:22.804+0000] {manager.py:740} INFO - There are 0 files in /opt/airflow/dags
[2026-02-22T00:41:23.201+0000] {manager.py:737} INFO - Searching for files in /opt/airflow/dags
[2026-02-22T00:41:23.208+0000] {manager.py:740} INFO - There are 0 files in /opt/airflow/dags
[2026-02-22T00:46:23.556+0000] {manager.py:737} INFO - Searching for files in /opt/airflow/dags
[2026-02-22T00:46:23.560+0000] {manager.py:740} INFO - There are 0 files in /opt/airflow/dags
[2026-02-22T00:51:23.997+0000] {manager.py:737} INFO - Searching for files in /opt/airflow/dags
[2026-02-22T00:51:24.008+0000] {manager.py:740} INFO - There are 0 files in /opt/airflow/dags
[2026-02-22T00:56:24.727+0000] {manager.py:737} INFO - Searching for files in /opt/airflow/dags
[2026-02-22T00:56:24.736+0000] {manager.py:740} INFO - There are 0 files in /opt/airflow/dags
[2026-02-22T01:01:25.511+0000] {manager.py:737} INFO - Searching for files in /opt/airflow/dags
[2026-02-22T01:01:25.517+0000] {manager.py:740} INFO - There are 0 files in /opt/airflow/dags
[2026-02-22T01:06:25.620+0000] {manager.py:737} INFO - Searching for files in /opt/airflow/dags
[2026-02-22T01:06:25.624+0000] {manager.py:740} INFO - There are 0 files in /opt/airflow/dags
[2026-02-22T01:11:26.129+0000] {manager.py:737} INFO - Searching for files in /opt/airflow/dags
[2026-02-22T01:11:26.143+0000] {manager.py:740} INFO - There are 0 files in /opt/airflow/dags
[2026-02-22T01:16:26.836+0000] {manager.py:737} INFO - Searching for files in /opt/airflow/dags
[2026-02-22T01:16:26.852+0000] {manager.py:740} INFO - There are 0 files in /opt/airflow/dags
[2026-02-22T01:21:27.510+0000] {manager.py:737} INFO - Searching for files in /opt/airflow/dags
[2026-02-22T01:21:27.522+0000] {manager.py:740} INFO - There are 0 files in /opt/airflow/dags
[2026-02-22T01:26:28.409+0000] {manager.py:737} INFO - Searching for files in /opt/airflow/dags
[2026-02-22T01:26:28.415+0000] {manager.py:740} INFO - There are 0 files in /opt/airflow/dags
[2026-02-22T01:31:28.585+0000] {manager.py:737} INFO - Searching for files in /opt/airflow/dags
[2026-02-22T01:31:28.603+0000] {manager.py:740} INFO - There are 0 files in /opt/airflow/dags
[2026-02-22T01:36:28.953+0000] {manager.py:737} INFO - Searching for files in /opt/airflow/dags
[2026-02-22T01:36:28.961+0000] {manager.py:740} INFO - There are 0 files in /opt/airflow/dags
[2026-02-22T01:41:29.679+0000] {manager.py:737} INFO - Searching for files in /opt/airflow/dags
[2026-02-22T01:41:29.685+0000] {manager.py:740} INFO - There are 0 files in /opt/airflow/dags
[2026-02-22T01:46:30.198+0000] {manager.py:737} INFO - Searching for files in /opt/airflow/dags
[2026-02-22T01:46:30.205+0000] {manager.py:740} INFO - There are 0 files in /opt/airflow/dags
[2026-02-22T01:51:30.753+0000] {manager.py:737} INFO - Searching for files in /opt/airflow/dags
[2026-02-22T01:51:30.760+0000] {manager.py:740} INFO - There are 0 files in /opt/airflow/dags
[2026-02-22T01:56:31.963+0000] {manager.py:737} INFO - Searching for files in /opt/airflow/dags
[2026-02-22T01:56:32.326+0000] {manager.py:740} INFO - There are 0 files in /opt/airflow/dags
[2026-02-22T02:01:32.082+0000] {manager.py:737} INFO - Searching for files in /opt/airflow/dags
[2026-02-22T02:01:32.091+0000] {manager.py:740} INFO - There are 0 files in /opt/airflow/dags
[2026-02-22T02:06:32.160+0000] {manager.py:737} INFO - Searching for files in /opt/airflow/dags
[2026-02-22T02:06:32.167+0000] {manager.py:740} INFO - There are 0 files in /opt/airflow/dags
[2026-02-22T02:11:32.255+0000] {manager.py:737} INFO - Searching for files in /opt/airflow/dags
[2026-02-22T02:11:32.267+0000] {manager.py:740} INFO - There are 0 files in /opt/airflow/dags
[2026-02-22T02:16:32.599+0000] {manager.py:737} INFO - Searching for files in /opt/airflow/dags
[2026-02-22T02:16:32.609+0000] {manager.py:740} INFO - There are 0 files in /opt/airflow/dags
[2026-02-22T02:21:33.202+0000] {manager.py:737} INFO - Searching for files in /opt/airflow/dags
[2026-02-22T02:21:33.214+0000] {manager.py:740} INFO - There are 0 files in /opt/airflow/dags
[2026-02-22T02:26:33.973+0000] {manager.py:737} INFO - Searching for files in /opt/airflow/dags
[2026-02-22T02:26:33.983+0000] {manager.py:740} INFO - There are 0 files in /opt/airflow/dags
[2026-02-22T02:31:34.610+0000] {manager.py:737} INFO - Searching for files in /opt/airflow/dags
[2026-02-22T02:31:34.618+0000] {manager.py:740} INFO - There are 0 files in /opt/airflow/dags
[2026-02-22T02:36:35.249+0000] {manager.py:737} INFO - Searching for files in /opt/airflow/dags
[2026-02-22T02:36:35.262+0000] {manager.py:740} INFO - There are 0 files in /opt/airflow/dags
[2026-02-22T02:41:35.664+0000] {manager.py:737} INFO - Searching for files in /opt/airflow/dags
[2026-02-22T02:41:35.673+0000] {manager.py:740} INFO - There are 0 files in /opt/airflow/dags
[2026-02-22T02:46:36.433+0000] {manager.py:737} INFO - Searching for files in /opt/airflow/dags
[2026-02-22T02:46:36.444+0000] {manager.py:740} INFO - There are 0 files in /opt/airflow/dags
[2026-02-22T02:51:37.096+0000] {manager.py:737} INFO - Searching for files in /opt/airflow/dags
[2026-02-22T02:51:37.102+0000] {manager.py:740} INFO - There are 0 files in /opt/airflow/dags
[2026-02-22T02:56:38.230+0000] {manager.py:737} INFO - Searching for files in /opt/airflow/dags
[2026-02-22T02:56:38.868+0000] {manager.py:740} INFO - There are 0 files in /opt/airflow/dags
[2026-02-22T03:01:39.015+0000] {manager.py:737} INFO - Searching for files in /opt/airflow/dags
[2026-02-22T03:01:39.025+0000] {manager.py:740} INFO - There are 0 files in /opt/airflow/dags
[2026-02-22T03:06:39.356+0000] {manager.py:737} INFO - Searching for files in /opt/airflow/dags
[2026-02-22T03:06:39.363+0000] {manager.py:740} INFO - There are 0 files in /opt/airflow/dags
[2026-02-22T03:11:39.626+0000] {manager.py:737} INFO - Searching for files in /opt/airflow/dags
[2026-02-22T03:11:39.635+0000] {manager.py:740} INFO - There are 0 files in /opt/airflow/dags
[2026-02-23T01:21:03.011+0000] {manager.py:470} INFO - Processing files using up to 2 processes at a time 
[2026-02-23T01:21:03.012+0000] {manager.py:471} INFO - Process each file at most once every 30 seconds
[2026-02-23T01:21:03.012+0000] {manager.py:472} INFO - Checking for new files in /opt/airflow/dags every 300 seconds
[2026-02-23T01:21:03.013+0000] {manager.py:737} INFO - Searching for files in /opt/airflow/dags
[2026-02-23T01:21:03.016+0000] {manager.py:740} INFO - There are 1 files in /opt/airflow/dags
[2026-02-23T01:21:25.209+0000] {manager.py:878} INFO - 
================================================================================
DAG File Processing Stats

File Path                                           PID    Runtime      # DAGs    # Errors  Last Runtime    Last Run
--------------------------------------------------  -----  ---------  --------  ----------  --------------  -------------------
/opt/airflow/dags/DAG_001_datalake_to_snowflake.py                           0           0  1.90s           2026-02-23T01:21:04
================================================================================
[2026-02-23T01:21:55.463+0000] {manager.py:878} INFO - 
================================================================================
DAG File Processing Stats

File Path                                           PID    Runtime      # DAGs    # Errors  Last Runtime    Last Run
--------------------------------------------------  -----  ---------  --------  ----------  --------------  -------------------
/opt/airflow/dags/DAG_001_datalake_to_snowflake.py                           0           0  0.46s           2026-02-23T01:21:35
================================================================================
[2026-02-23T01:22:25.777+0000] {manager.py:878} INFO - 
================================================================================
DAG File Processing Stats

File Path                                           PID    Runtime      # DAGs    # Errors  Last Runtime    Last Run
--------------------------------------------------  -----  ---------  --------  ----------  --------------  -------------------
/opt/airflow/dags/DAG_001_datalake_to_snowflake.py                           0           0  0.60s           2026-02-23T01:22:06
================================================================================
[2026-02-23T01:22:56.164+0000] {manager.py:878} INFO - 
================================================================================
DAG File Processing Stats

File Path                                           PID    Runtime      # DAGs    # Errors  Last Runtime    Last Run
--------------------------------------------------  -----  ---------  --------  ----------  --------------  -------------------
/opt/airflow/dags/DAG_001_datalake_to_snowflake.py                           0           0  0.47s           2026-02-23T01:22:37
================================================================================
[2026-02-23T01:23:26.190+0000] {manager.py:878} INFO - 
================================================================================
DAG File Processing Stats

File Path                                           PID    Runtime      # DAGs    # Errors  Last Runtime    Last Run
--------------------------------------------------  -----  ---------  --------  ----------  --------------  -------------------
/opt/airflow/dags/DAG_001_datalake_to_snowflake.py                           0           0  0.42s           2026-02-23T01:23:08
================================================================================
[2026-02-23T01:23:56.487+0000] {manager.py:878} INFO - 
================================================================================
DAG File Processing Stats

File Path                                           PID    Runtime      # DAGs    # Errors  Last Runtime    Last Run
--------------------------------------------------  -----  ---------  --------  ----------  --------------  -------------------
/opt/airflow/dags/DAG_001_datalake_to_snowflake.py                           0           0  0.43s           2026-02-23T01:23:38
================================================================================
[2026-02-23T01:24:26.631+0000] {manager.py:878} INFO - 
================================================================================
DAG File Processing Stats

File Path                                           PID    Runtime      # DAGs    # Errors  Last Runtime    Last Run
--------------------------------------------------  -----  ---------  --------  ----------  --------------  -------------------
/opt/airflow/dags/DAG_001_datalake_to_snowflake.py                           0           0  0.41s           2026-02-23T01:24:09
================================================================================
[2026-02-23T01:24:56.938+0000] {manager.py:878} INFO - 
================================================================================
DAG File Processing Stats

File Path                                           PID    Runtime      # DAGs    # Errors  Last Runtime    Last Run
--------------------------------------------------  -----  ---------  --------  ----------  --------------  -------------------
/opt/airflow/dags/DAG_001_datalake_to_snowflake.py                           0           0  0.53s           2026-02-23T01:24:40
================================================================================
[2026-02-23T01:25:27.130+0000] {manager.py:878} INFO - 
================================================================================
DAG File Processing Stats

File Path                                           PID    Runtime      # DAGs    # Errors  Last Runtime    Last Run
--------------------------------------------------  -----  ---------  --------  ----------  --------------  -------------------
/opt/airflow/dags/DAG_001_datalake_to_snowflake.py                           0           0  0.41s           2026-02-23T01:25:11
================================================================================
[2026-02-23T01:25:57.407+0000] {manager.py:878} INFO - 
================================================================================
DAG File Processing Stats

File Path                                           PID    Runtime      # DAGs    # Errors  Last Runtime    Last Run
--------------------------------------------------  -----  ---------  --------  ----------  --------------  -------------------
/opt/airflow/dags/DAG_001_datalake_to_snowflake.py                           0           0  0.39s           2026-02-23T01:25:41
================================================================================
[2026-02-23T01:26:03.463+0000] {manager.py:737} INFO - Searching for files in /opt/airflow/dags
[2026-02-23T01:26:03.471+0000] {manager.py:740} INFO - There are 1 files in /opt/airflow/dags
[2026-02-23T01:26:27.498+0000] {manager.py:878} INFO - 
================================================================================
DAG File Processing Stats

File Path                                           PID    Runtime      # DAGs    # Errors  Last Runtime    Last Run
--------------------------------------------------  -----  ---------  --------  ----------  --------------  -------------------
/opt/airflow/dags/DAG_001_datalake_to_snowflake.py                           0           0  0.45s           2026-02-23T01:26:12
================================================================================
[2026-02-23T01:26:57.837+0000] {manager.py:878} INFO - 
================================================================================
DAG File Processing Stats

File Path                                           PID    Runtime      # DAGs    # Errors  Last Runtime    Last Run
--------------------------------------------------  -----  ---------  --------  ----------  --------------  -------------------
/opt/airflow/dags/DAG_001_datalake_to_snowflake.py                           0           0  0.41s           2026-02-23T01:26:43
================================================================================
[2026-02-23T01:27:27.931+0000] {manager.py:878} INFO - 
================================================================================
DAG File Processing Stats

File Path                                           PID    Runtime      # DAGs    # Errors  Last Runtime    Last Run
--------------------------------------------------  -----  ---------  --------  ----------  --------------  -------------------
/opt/airflow/dags/DAG_001_datalake_to_snowflake.py                           0           0  0.42s           2026-02-23T01:27:13
================================================================================
[2026-02-23T01:27:58.225+0000] {manager.py:878} INFO - 
================================================================================
DAG File Processing Stats

File Path                                           PID    Runtime      # DAGs    # Errors  Last Runtime    Last Run
--------------------------------------------------  -----  ---------  --------  ----------  --------------  -------------------
/opt/airflow/dags/DAG_001_datalake_to_snowflake.py                           0           0  0.38s           2026-02-23T01:27:44
================================================================================
[2026-02-23T01:28:28.547+0000] {manager.py:878} INFO - 
================================================================================
DAG File Processing Stats

File Path                                           PID    Runtime      # DAGs    # Errors  Last Runtime    Last Run
--------------------------------------------------  -----  ---------  --------  ----------  --------------  -------------------
/opt/airflow/dags/DAG_001_datalake_to_snowflake.py                           0           0  0.45s           2026-02-23T01:28:15
================================================================================
[2026-02-23T01:28:58.883+0000] {manager.py:878} INFO - 
================================================================================
DAG File Processing Stats

File Path                                           PID    Runtime      # DAGs    # Errors  Last Runtime    Last Run
--------------------------------------------------  -----  ---------  --------  ----------  --------------  -------------------
/opt/airflow/dags/DAG_001_datalake_to_snowflake.py                           0           0  0.44s           2026-02-23T01:28:46
================================================================================
[2026-02-23T01:29:29.102+0000] {manager.py:878} INFO - 
================================================================================
DAG File Processing Stats

File Path                                           PID    Runtime      # DAGs    # Errors  Last Runtime    Last Run
--------------------------------------------------  -----  ---------  --------  ----------  --------------  -------------------
/opt/airflow/dags/DAG_001_datalake_to_snowflake.py                           0           0  0.43s           2026-02-23T01:29:16
================================================================================
[2026-02-23T01:29:59.394+0000] {manager.py:878} INFO - 
================================================================================
DAG File Processing Stats

File Path                                           PID    Runtime      # DAGs    # Errors  Last Runtime    Last Run
--------------------------------------------------  -----  ---------  --------  ----------  --------------  -------------------
/opt/airflow/dags/DAG_001_datalake_to_snowflake.py                           0           0  0.52s           2026-02-23T01:29:47
================================================================================
[2026-02-23T01:30:29.794+0000] {manager.py:878} INFO - 
================================================================================
DAG File Processing Stats

File Path                                           PID    Runtime      # DAGs    # Errors  Last Runtime    Last Run
--------------------------------------------------  -----  ---------  --------  ----------  --------------  -------------------
/opt/airflow/dags/DAG_001_datalake_to_snowflake.py                           0           0  0.46s           2026-02-23T01:30:18
================================================================================
[2026-02-23T01:31:00.177+0000] {manager.py:878} INFO - 
================================================================================
DAG File Processing Stats

File Path                                           PID    Runtime      # DAGs    # Errors  Last Runtime    Last Run
--------------------------------------------------  -----  ---------  --------  ----------  --------------  -------------------
/opt/airflow/dags/DAG_001_datalake_to_snowflake.py                           0           0  0.41s           2026-02-23T01:30:49
================================================================================
[2026-02-23T01:31:03.646+0000] {manager.py:737} INFO - Searching for files in /opt/airflow/dags
[2026-02-23T01:31:03.649+0000] {manager.py:740} INFO - There are 1 files in /opt/airflow/dags
[2026-02-23T01:31:30.367+0000] {manager.py:878} INFO - 
================================================================================
DAG File Processing Stats

File Path                                           PID    Runtime      # DAGs    # Errors  Last Runtime    Last Run
--------------------------------------------------  -----  ---------  --------  ----------  --------------  -------------------
/opt/airflow/dags/DAG_001_datalake_to_snowflake.py                           0           0  0.39s           2026-02-23T01:31:20
================================================================================
[2026-02-23T01:32:00.639+0000] {manager.py:878} INFO - 
================================================================================
DAG File Processing Stats

File Path                                           PID    Runtime      # DAGs    # Errors  Last Runtime    Last Run
--------------------------------------------------  -----  ---------  --------  ----------  --------------  -------------------
/opt/airflow/dags/DAG_001_datalake_to_snowflake.py                           0           0  0.42s           2026-02-23T01:31:50
================================================================================
[2026-02-23T01:32:30.862+0000] {manager.py:878} INFO - 
================================================================================
DAG File Processing Stats

File Path                                           PID    Runtime      # DAGs    # Errors  Last Runtime    Last Run
--------------------------------------------------  -----  ---------  --------  ----------  --------------  -------------------
/opt/airflow/dags/DAG_001_datalake_to_snowflake.py                           0           0  0.44s           2026-02-23T01:32:21
================================================================================
[2026-02-23T01:33:01.193+0000] {manager.py:878} INFO - 
================================================================================
DAG File Processing Stats

File Path                                           PID    Runtime      # DAGs    # Errors  Last Runtime    Last Run
--------------------------------------------------  -----  ---------  --------  ----------  --------------  -------------------
/opt/airflow/dags/DAG_001_datalake_to_snowflake.py                           0           0  1.36s           2026-02-23T01:32:53
================================================================================
[2026-02-23T01:33:31.800+0000] {manager.py:878} INFO - 
================================================================================
DAG File Processing Stats

File Path                                           PID    Runtime      # DAGs    # Errors  Last Runtime    Last Run
--------------------------------------------------  -----  ---------  --------  ----------  --------------  -------------------
/opt/airflow/dags/DAG_001_datalake_to_snowflake.py                           0           0  0.66s           2026-02-23T01:33:24
================================================================================
[2026-02-23T01:34:01.979+0000] {manager.py:878} INFO - 
================================================================================
DAG File Processing Stats

File Path                                           PID    Runtime      # DAGs    # Errors  Last Runtime    Last Run
--------------------------------------------------  -----  ---------  --------  ----------  --------------  -------------------
/opt/airflow/dags/DAG_001_datalake_to_snowflake.py                           0           0  0.50s           2026-02-23T01:33:54
================================================================================
[2026-02-23T01:34:32.874+0000] {manager.py:878} INFO - 
================================================================================
DAG File Processing Stats

File Path                                           PID    Runtime      # DAGs    # Errors  Last Runtime    Last Run
--------------------------------------------------  -----  ---------  --------  ----------  --------------  -------------------
/opt/airflow/dags/DAG_001_datalake_to_snowflake.py                           0           0  0.71s           2026-02-23T01:34:25
================================================================================
[2026-02-23T01:35:03.245+0000] {manager.py:878} INFO - 
================================================================================
DAG File Processing Stats

File Path                                           PID    Runtime      # DAGs    # Errors  Last Runtime    Last Run
--------------------------------------------------  -----  ---------  --------  ----------  --------------  -------------------
/opt/airflow/dags/DAG_001_datalake_to_snowflake.py                           0           0  0.68s           2026-02-23T01:34:56
================================================================================
[2026-02-23T01:35:33.469+0000] {manager.py:878} INFO - 
================================================================================
DAG File Processing Stats

File Path                                           PID    Runtime      # DAGs    # Errors  Last Runtime    Last Run
--------------------------------------------------  -----  ---------  --------  ----------  --------------  -------------------
/opt/airflow/dags/DAG_001_datalake_to_snowflake.py                           0           0  0.51s           2026-02-23T01:35:27
================================================================================
[2026-02-23T01:36:03.859+0000] {manager.py:737} INFO - Searching for files in /opt/airflow/dags
[2026-02-23T01:36:03.863+0000] {manager.py:740} INFO - There are 1 files in /opt/airflow/dags
[2026-02-23T01:36:03.869+0000] {manager.py:878} INFO - 
================================================================================
DAG File Processing Stats

File Path                                           PID    Runtime      # DAGs    # Errors  Last Runtime    Last Run
--------------------------------------------------  -----  ---------  --------  ----------  --------------  -------------------
/opt/airflow/dags/DAG_001_datalake_to_snowflake.py                           0           0  0.58s           2026-02-23T01:35:58
================================================================================
[2026-02-23T01:36:34.071+0000] {manager.py:878} INFO - 
================================================================================
DAG File Processing Stats

File Path                                           PID    Runtime      # DAGs    # Errors  Last Runtime    Last Run
--------------------------------------------------  -----  ---------  --------  ----------  --------------  -------------------
/opt/airflow/dags/DAG_001_datalake_to_snowflake.py                           0           0  0.66s           2026-02-23T01:36:29
================================================================================
[2026-02-23T01:37:04.434+0000] {manager.py:878} INFO - 
================================================================================
DAG File Processing Stats

File Path                                           PID    Runtime      # DAGs    # Errors  Last Runtime    Last Run
--------------------------------------------------  -----  ---------  --------  ----------  --------------  -------------------
/opt/airflow/dags/DAG_001_datalake_to_snowflake.py                           0           0  0.41s           2026-02-23T01:36:59
================================================================================
[2026-02-23T01:37:34.553+0000] {manager.py:878} INFO - 
================================================================================
DAG File Processing Stats

File Path                                           PID    Runtime      # DAGs    # Errors  Last Runtime    Last Run
--------------------------------------------------  -----  ---------  --------  ----------  --------------  -------------------
/opt/airflow/dags/DAG_001_datalake_to_snowflake.py                           0           0  0.54s           2026-02-23T01:37:30
================================================================================
[2026-02-23T01:38:04.873+0000] {manager.py:878} INFO - 
================================================================================
DAG File Processing Stats

File Path                                           PID    Runtime      # DAGs    # Errors  Last Runtime    Last Run
--------------------------------------------------  -----  ---------  --------  ----------  --------------  -------------------
/opt/airflow/dags/DAG_001_datalake_to_snowflake.py                           0           0  0.45s           2026-02-23T01:38:01
================================================================================
[2026-02-23T01:38:34.976+0000] {manager.py:878} INFO - 
================================================================================
DAG File Processing Stats

File Path                                           PID    Runtime      # DAGs    # Errors  Last Runtime    Last Run
--------------------------------------------------  -----  ---------  --------  ----------  --------------  -------------------
/opt/airflow/dags/DAG_001_datalake_to_snowflake.py                           0           0  0.44s           2026-02-23T01:38:31
================================================================================
[2026-02-23T01:39:05.179+0000] {manager.py:878} INFO - 
================================================================================
DAG File Processing Stats

File Path                                           PID    Runtime      # DAGs    # Errors  Last Runtime    Last Run
--------------------------------------------------  -----  ---------  --------  ----------  --------------  -------------------
/opt/airflow/dags/DAG_001_datalake_to_snowflake.py                           0           0  0.91s           2026-02-23T01:39:03
================================================================================
[2026-02-23T01:39:35.412+0000] {manager.py:878} INFO - 
================================================================================
DAG File Processing Stats

File Path                                           PID    Runtime      # DAGs    # Errors  Last Runtime    Last Run
--------------------------------------------------  -----  ---------  --------  ----------  --------------  -------------------
/opt/airflow/dags/DAG_001_datalake_to_snowflake.py                           0           0  0.54s           2026-02-23T01:39:33
================================================================================
[2026-02-23T01:40:05.607+0000] {manager.py:878} INFO - 
================================================================================
DAG File Processing Stats

File Path                                           PID    Runtime      # DAGs    # Errors  Last Runtime    Last Run
--------------------------------------------------  -----  ---------  --------  ----------  --------------  -------------------
/opt/airflow/dags/DAG_001_datalake_to_snowflake.py                           0           0  0.39s           2026-02-23T01:40:04
================================================================================
[2026-02-23T01:40:35.809+0000] {manager.py:878} INFO - 
================================================================================
DAG File Processing Stats

File Path                                           PID    Runtime      # DAGs    # Errors  Last Runtime    Last Run
--------------------------------------------------  -----  ---------  --------  ----------  --------------  -------------------
/opt/airflow/dags/DAG_001_datalake_to_snowflake.py                           0           0  0.42s           2026-02-23T01:40:35
================================================================================
[2026-02-23T01:41:04.038+0000] {manager.py:737} INFO - Searching for files in /opt/airflow/dags
[2026-02-23T01:41:04.045+0000] {manager.py:740} INFO - There are 1 files in /opt/airflow/dags
[2026-02-23T01:41:05.905+0000] {manager.py:878} INFO - 
================================================================================
DAG File Processing Stats

File Path                                           PID    Runtime      # DAGs    # Errors  Last Runtime    Last Run
--------------------------------------------------  -----  ---------  --------  ----------  --------------  -------------------
/opt/airflow/dags/DAG_001_datalake_to_snowflake.py                           0           0  0.44s           2026-02-23T01:41:05
================================================================================
[2026-02-23T01:41:36.146+0000] {manager.py:878} INFO - 
================================================================================
DAG File Processing Stats

File Path                                             PID  Runtime      # DAGs    # Errors  Last Runtime    Last Run
--------------------------------------------------  -----  ---------  --------  ----------  --------------  -------------------
/opt/airflow/dags/DAG_001_datalake_to_snowflake.py    225  0.00s             0           0  0.44s           2026-02-23T01:41:05
================================================================================
[2026-02-23T01:42:06.404+0000] {manager.py:878} INFO - 
================================================================================
DAG File Processing Stats

File Path                                           PID    Runtime      # DAGs    # Errors  Last Runtime    Last Run
--------------------------------------------------  -----  ---------  --------  ----------  --------------  -------------------
/opt/airflow/dags/DAG_001_datalake_to_snowflake.py                           0           0  0.43s           2026-02-23T01:41:36
================================================================================
[2026-02-23T01:42:36.685+0000] {manager.py:878} INFO - 
================================================================================
DAG File Processing Stats

File Path                                           PID    Runtime      # DAGs    # Errors  Last Runtime    Last Run
--------------------------------------------------  -----  ---------  --------  ----------  --------------  -------------------
/opt/airflow/dags/DAG_001_datalake_to_snowflake.py                           0           0  0.68s           2026-02-23T01:42:07
================================================================================
[2026-02-23T01:43:06.993+0000] {manager.py:878} INFO - 
================================================================================
DAG File Processing Stats

File Path                                           PID    Runtime      # DAGs    # Errors  Last Runtime    Last Run
--------------------------------------------------  -----  ---------  --------  ----------  --------------  -------------------
/opt/airflow/dags/DAG_001_datalake_to_snowflake.py                           0           0  1.08s           2026-02-23T01:42:38
================================================================================
[2026-02-23T01:43:37.251+0000] {manager.py:878} INFO - 
================================================================================
DAG File Processing Stats

File Path                                           PID    Runtime      # DAGs    # Errors  Last Runtime    Last Run
--------------------------------------------------  -----  ---------  --------  ----------  --------------  -------------------
/opt/airflow/dags/DAG_001_datalake_to_snowflake.py                           0           0  0.61s           2026-02-23T01:43:09
================================================================================
[2026-02-23T01:44:07.418+0000] {manager.py:878} INFO - 
================================================================================
DAG File Processing Stats

File Path                                           PID    Runtime      # DAGs    # Errors  Last Runtime    Last Run
--------------------------------------------------  -----  ---------  --------  ----------  --------------  -------------------
/opt/airflow/dags/DAG_001_datalake_to_snowflake.py                           0           0  0.36s           2026-02-23T01:43:40
================================================================================
[2026-02-23T01:44:37.680+0000] {manager.py:878} INFO - 
================================================================================
DAG File Processing Stats

File Path                                           PID    Runtime      # DAGs    # Errors  Last Runtime    Last Run
--------------------------------------------------  -----  ---------  --------  ----------  --------------  -------------------
/opt/airflow/dags/DAG_001_datalake_to_snowflake.py                           0           0  0.36s           2026-02-23T01:44:10
================================================================================
[2026-02-23T01:45:08.260+0000] {manager.py:878} INFO - 
================================================================================
DAG File Processing Stats

File Path                                           PID    Runtime      # DAGs    # Errors  Last Runtime    Last Run
--------------------------------------------------  -----  ---------  --------  ----------  --------------  -------------------
/opt/airflow/dags/DAG_001_datalake_to_snowflake.py                           0           0  0.36s           2026-02-23T01:44:41
================================================================================
[2026-02-23T01:45:38.907+0000] {manager.py:878} INFO - 
================================================================================
DAG File Processing Stats

File Path                                           PID    Runtime      # DAGs    # Errors  Last Runtime    Last Run
--------------------------------------------------  -----  ---------  --------  ----------  --------------  -------------------
/opt/airflow/dags/DAG_001_datalake_to_snowflake.py                           0           0  0.38s           2026-02-23T01:45:12
================================================================================
[2026-02-23T01:46:04.381+0000] {manager.py:737} INFO - Searching for files in /opt/airflow/dags
[2026-02-23T01:46:04.386+0000] {manager.py:740} INFO - There are 1 files in /opt/airflow/dags
[2026-02-23T01:46:09.424+0000] {manager.py:878} INFO - 
================================================================================
DAG File Processing Stats

File Path                                           PID    Runtime      # DAGs    # Errors  Last Runtime    Last Run
--------------------------------------------------  -----  ---------  --------  ----------  --------------  -------------------
/opt/airflow/dags/DAG_001_datalake_to_snowflake.py                           0           0  0.38s           2026-02-23T01:45:42
================================================================================
[2026-02-23T01:46:39.444+0000] {manager.py:878} INFO - 
================================================================================
DAG File Processing Stats

File Path                                           PID    Runtime      # DAGs    # Errors  Last Runtime    Last Run
--------------------------------------------------  -----  ---------  --------  ----------  --------------  -------------------
/opt/airflow/dags/DAG_001_datalake_to_snowflake.py                           0           0  0.40s           2026-02-23T01:46:13
================================================================================
[2026-02-23T01:47:09.665+0000] {manager.py:878} INFO - 
================================================================================
DAG File Processing Stats

File Path                                           PID    Runtime      # DAGs    # Errors  Last Runtime    Last Run
--------------------------------------------------  -----  ---------  --------  ----------  --------------  -------------------
/opt/airflow/dags/DAG_001_datalake_to_snowflake.py                           0           0  0.37s           2026-02-23T01:46:43
================================================================================
[2026-02-23T01:47:39.675+0000] {manager.py:878} INFO - 
================================================================================
DAG File Processing Stats

File Path                                           PID    Runtime      # DAGs    # Errors  Last Runtime    Last Run
--------------------------------------------------  -----  ---------  --------  ----------  --------------  -------------------
/opt/airflow/dags/DAG_001_datalake_to_snowflake.py                           0           0  0.42s           2026-02-23T01:47:14
================================================================================
[2026-02-23T01:48:09.892+0000] {manager.py:878} INFO - 
================================================================================
DAG File Processing Stats

File Path                                           PID    Runtime      # DAGs    # Errors  Last Runtime    Last Run
--------------------------------------------------  -----  ---------  --------  ----------  --------------  -------------------
/opt/airflow/dags/DAG_001_datalake_to_snowflake.py                           0           0  0.37s           2026-02-23T01:47:45
================================================================================
[2026-02-23T01:48:39.911+0000] {manager.py:878} INFO - 
================================================================================
DAG File Processing Stats

File Path                                           PID    Runtime      # DAGs    # Errors  Last Runtime    Last Run
--------------------------------------------------  -----  ---------  --------  ----------  --------------  -------------------
/opt/airflow/dags/DAG_001_datalake_to_snowflake.py                           0           0  0.43s           2026-02-23T01:48:15
================================================================================
[2026-02-23T01:49:10.200+0000] {manager.py:878} INFO - 
================================================================================
DAG File Processing Stats

File Path                                           PID    Runtime      # DAGs    # Errors  Last Runtime    Last Run
--------------------------------------------------  -----  ---------  --------  ----------  --------------  -------------------
/opt/airflow/dags/DAG_001_datalake_to_snowflake.py                           0           0  0.46s           2026-02-23T01:48:46
================================================================================
[2026-02-23T01:49:40.405+0000] {manager.py:878} INFO - 
================================================================================
DAG File Processing Stats

File Path                                           PID    Runtime      # DAGs    # Errors  Last Runtime    Last Run
--------------------------------------------------  -----  ---------  --------  ----------  --------------  -------------------
/opt/airflow/dags/DAG_001_datalake_to_snowflake.py                           0           0  0.45s           2026-02-23T01:49:17
================================================================================
[2026-02-23T02:23:29.765+0000] {manager.py:737} INFO - Searching for files in /opt/airflow/dags
[2026-02-23T02:23:29.769+0000] {manager.py:740} INFO - There are 1 files in /opt/airflow/dags
[2026-02-23T02:23:44.323+0000] {manager.py:878} INFO - 
================================================================================
DAG File Processing Stats

File Path                                           PID    Runtime      # DAGs    # Errors  Last Runtime    Last Run
--------------------------------------------------  -----  ---------  --------  ----------  --------------  -------------------
/opt/airflow/dags/DAG_001_datalake_to_snowflake.py                           0           0  0.38s           2026-02-23T02:23:30
================================================================================
[2026-02-23T02:25:41.514+0000] {manager.py:878} INFO - 
================================================================================
DAG File Processing Stats

File Path                                           PID    Runtime      # DAGs    # Errors  Last Runtime    Last Run
--------------------------------------------------  -----  ---------  --------  ----------  --------------  -------------------
/opt/airflow/dags/DAG_001_datalake_to_snowflake.py                           0           0  0.70s           2026-02-23T02:25:27
================================================================================
[2026-02-23T02:26:11.543+0000] {manager.py:878} INFO - 
================================================================================
DAG File Processing Stats

File Path                                           PID    Runtime      # DAGs    # Errors  Last Runtime    Last Run
--------------------------------------------------  -----  ---------  --------  ----------  --------------  -------------------
/opt/airflow/dags/DAG_001_datalake_to_snowflake.py                           0           0  0.69s           2026-02-23T02:25:58
================================================================================
[2026-02-23T02:26:42.100+0000] {manager.py:878} INFO - 
================================================================================
DAG File Processing Stats

File Path                                           PID    Runtime      # DAGs    # Errors  Last Runtime    Last Run
--------------------------------------------------  -----  ---------  --------  ----------  --------------  -------------------
/opt/airflow/dags/DAG_001_datalake_to_snowflake.py                           0           0  0.68s           2026-02-23T02:26:29
================================================================================
[2026-02-23T02:27:12.287+0000] {manager.py:878} INFO - 
================================================================================
DAG File Processing Stats

File Path                                           PID    Runtime      # DAGs    # Errors  Last Runtime    Last Run
--------------------------------------------------  -----  ---------  --------  ----------  --------------  -------------------
/opt/airflow/dags/DAG_001_datalake_to_snowflake.py                           0           0  0.58s           2026-02-23T02:27:00
================================================================================
[2026-02-23T02:27:42.509+0000] {manager.py:878} INFO - 
================================================================================
DAG File Processing Stats

File Path                                           PID    Runtime      # DAGs    # Errors  Last Runtime    Last Run
--------------------------------------------------  -----  ---------  --------  ----------  --------------  -------------------
/opt/airflow/dags/DAG_001_datalake_to_snowflake.py                           0           0  0.35s           2026-02-23T02:27:30
================================================================================
[2026-02-23T02:28:12.808+0000] {manager.py:878} INFO - 
================================================================================
DAG File Processing Stats

File Path                                           PID    Runtime      # DAGs    # Errors  Last Runtime    Last Run
--------------------------------------------------  -----  ---------  --------  ----------  --------------  -------------------
/opt/airflow/dags/DAG_001_datalake_to_snowflake.py                           0           0  0.68s           2026-02-23T02:28:01
================================================================================
[2026-02-23T02:28:30.030+0000] {manager.py:737} INFO - Searching for files in /opt/airflow/dags
[2026-02-23T02:28:30.041+0000] {manager.py:740} INFO - There are 1 files in /opt/airflow/dags
[2026-02-23T02:28:43.188+0000] {manager.py:878} INFO - 
================================================================================
DAG File Processing Stats

File Path                                           PID    Runtime      # DAGs    # Errors  Last Runtime    Last Run
--------------------------------------------------  -----  ---------  --------  ----------  --------------  -------------------
/opt/airflow/dags/DAG_001_datalake_to_snowflake.py                           0           0  0.60s           2026-02-23T02:28:32
================================================================================
[2026-02-23T02:29:13.449+0000] {manager.py:878} INFO - 
================================================================================
DAG File Processing Stats

File Path                                           PID    Runtime      # DAGs    # Errors  Last Runtime    Last Run
--------------------------------------------------  -----  ---------  --------  ----------  --------------  -------------------
/opt/airflow/dags/DAG_001_datalake_to_snowflake.py                           0           0  0.48s           2026-02-23T02:29:03
================================================================================
[2026-02-23T02:29:43.437+0000] {manager.py:878} INFO - 
================================================================================
DAG File Processing Stats

File Path                                           PID    Runtime      # DAGs    # Errors  Last Runtime    Last Run
--------------------------------------------------  -----  ---------  --------  ----------  --------------  -------------------
/opt/airflow/dags/DAG_001_datalake_to_snowflake.py                           0           0  0.72s           2026-02-23T02:29:34
================================================================================
[2026-02-23T02:30:14.020+0000] {manager.py:878} INFO - 
================================================================================
DAG File Processing Stats

File Path                                           PID    Runtime      # DAGs    # Errors  Last Runtime    Last Run
--------------------------------------------------  -----  ---------  --------  ----------  --------------  -------------------
/opt/airflow/dags/DAG_001_datalake_to_snowflake.py                           0           0  0.37s           2026-02-23T02:30:04
================================================================================
[2026-02-23T02:30:44.311+0000] {manager.py:878} INFO - 
================================================================================
DAG File Processing Stats

File Path                                           PID    Runtime      # DAGs    # Errors  Last Runtime    Last Run
--------------------------------------------------  -----  ---------  --------  ----------  --------------  -------------------
/opt/airflow/dags/DAG_001_datalake_to_snowflake.py                           0           0  0.64s           2026-02-23T02:30:35
================================================================================
[2026-02-23T02:31:14.558+0000] {manager.py:878} INFO - 
================================================================================
DAG File Processing Stats

File Path                                           PID    Runtime      # DAGs    # Errors  Last Runtime    Last Run
--------------------------------------------------  -----  ---------  --------  ----------  --------------  -------------------
/opt/airflow/dags/DAG_001_datalake_to_snowflake.py                           0           0  0.44s           2026-02-23T02:31:06
================================================================================
[2026-02-23T02:32:17.830+0000] {manager.py:878} INFO - 
================================================================================
DAG File Processing Stats

File Path                                           PID    Runtime      # DAGs    # Errors  Last Runtime    Last Run
--------------------------------------------------  -----  ---------  --------  ----------  --------------  -------------------
/opt/airflow/dags/DAG_001_datalake_to_snowflake.py                           0           0  0.56s           2026-02-23T02:32:01
================================================================================
[2026-02-23T02:32:47.912+0000] {manager.py:878} INFO - 
================================================================================
DAG File Processing Stats

File Path                                           PID    Runtime      # DAGs    # Errors  Last Runtime    Last Run
--------------------------------------------------  -----  ---------  --------  ----------  --------------  -------------------
/opt/airflow/dags/DAG_001_datalake_to_snowflake.py                           0           0  0.37s           2026-02-23T02:32:31
================================================================================
[2026-02-23T02:33:18.829+0000] {manager.py:878} INFO - 
================================================================================
DAG File Processing Stats

File Path                                           PID    Runtime      # DAGs    # Errors  Last Runtime    Last Run
--------------------------------------------------  -----  ---------  --------  ----------  --------------  -------------------
/opt/airflow/dags/DAG_001_datalake_to_snowflake.py                           0           0  0.65s           2026-02-23T02:33:02
================================================================================
[2026-02-23T03:05:15.383+0000] {manager.py:737} INFO - Searching for files in /opt/airflow/dags
[2026-02-23T03:05:15.388+0000] {manager.py:740} INFO - There are 1 files in /opt/airflow/dags
[2026-02-23T03:05:34.639+0000] {manager.py:878} INFO - 
================================================================================
DAG File Processing Stats

File Path                                           PID    Runtime      # DAGs    # Errors  Last Runtime    Last Run
--------------------------------------------------  -----  ---------  --------  ----------  --------------  -------------------
/opt/airflow/dags/DAG_001_datalake_to_snowflake.py                           0           0  0.48s           2026-02-23T03:05:15
================================================================================
[2026-02-23T03:45:57.665+0000] {manager.py:737} INFO - Searching for files in /opt/airflow/dags
[2026-02-23T03:45:57.669+0000] {manager.py:740} INFO - There are 1 files in /opt/airflow/dags
[2026-02-23T03:46:17.912+0000] {manager.py:878} INFO - 
================================================================================
DAG File Processing Stats

File Path                                           PID    Runtime      # DAGs    # Errors  Last Runtime    Last Run
--------------------------------------------------  -----  ---------  --------  ----------  --------------  -------------------
/opt/airflow/dags/DAG_001_datalake_to_snowflake.py                           0           0  1.05s           2026-02-23T03:45:58
================================================================================
[2026-02-23T03:46:48.306+0000] {manager.py:878} INFO - 
================================================================================
DAG File Processing Stats

File Path                                           PID    Runtime      # DAGs    # Errors  Last Runtime    Last Run
--------------------------------------------------  -----  ---------  --------  ----------  --------------  -------------------
/opt/airflow/dags/DAG_001_datalake_to_snowflake.py                           0           0  0.35s           2026-02-23T03:46:29
================================================================================
[2026-02-23T03:47:23.248+0000] {manager.py:878} INFO - 
================================================================================
DAG File Processing Stats

File Path                                           PID    Runtime      # DAGs    # Errors  Last Runtime    Last Run
--------------------------------------------------  -----  ---------  --------  ----------  --------------  -------------------
/opt/airflow/dags/DAG_001_datalake_to_snowflake.py                           0           0  0.35s           2026-02-23T03:47:02
================================================================================
[2026-02-23T03:51:02.831+0000] {manager.py:737} INFO - Searching for files in /opt/airflow/dags
[2026-02-23T03:51:02.835+0000] {manager.py:740} INFO - There are 1 files in /opt/airflow/dags
[2026-02-23T03:51:23.466+0000] {manager.py:878} INFO - 
================================================================================
DAG File Processing Stats

File Path                                           PID    Runtime      # DAGs    # Errors  Last Runtime    Last Run
--------------------------------------------------  -----  ---------  --------  ----------  --------------  -------------------
/opt/airflow/dags/DAG_001_datalake_to_snowflake.py                           0           0  0.55s           2026-02-23T03:51:03
================================================================================
[2026-02-23T03:51:53.876+0000] {manager.py:878} INFO - 
================================================================================
DAG File Processing Stats

File Path                                           PID    Runtime      # DAGs    # Errors  Last Runtime    Last Run
--------------------------------------------------  -----  ---------  --------  ----------  --------------  -------------------
/opt/airflow/dags/DAG_001_datalake_to_snowflake.py                           0           0  0.35s           2026-02-23T03:51:33
================================================================================
[2026-02-23T03:52:24.389+0000] {manager.py:878} INFO - 
================================================================================
DAG File Processing Stats

File Path                                           PID    Runtime      # DAGs    # Errors  Last Runtime    Last Run
--------------------------------------------------  -----  ---------  --------  ----------  --------------  -------------------
/opt/airflow/dags/DAG_001_datalake_to_snowflake.py                           0           0  0.36s           2026-02-23T03:52:04
================================================================================
[2026-02-23T03:52:54.698+0000] {manager.py:878} INFO - 
================================================================================
DAG File Processing Stats

File Path                                           PID    Runtime      # DAGs    # Errors  Last Runtime    Last Run
--------------------------------------------------  -----  ---------  --------  ----------  --------------  -------------------
/opt/airflow/dags/DAG_001_datalake_to_snowflake.py                           0           0  0.34s           2026-02-23T03:52:34
================================================================================
[2026-02-23T03:53:25.294+0000] {manager.py:878} INFO - 
================================================================================
DAG File Processing Stats

File Path                                           PID    Runtime      # DAGs    # Errors  Last Runtime    Last Run
--------------------------------------------------  -----  ---------  --------  ----------  --------------  -------------------
/opt/airflow/dags/DAG_001_datalake_to_snowflake.py                           0           0  0.34s           2026-02-23T03:53:05
================================================================================
[2026-02-23T03:53:55.971+0000] {manager.py:878} INFO - 
================================================================================
DAG File Processing Stats

File Path                                           PID    Runtime      # DAGs    # Errors  Last Runtime    Last Run
--------------------------------------------------  -----  ---------  --------  ----------  --------------  -------------------
/opt/airflow/dags/DAG_001_datalake_to_snowflake.py                           0           0  0.34s           2026-02-23T03:53:36
================================================================================
[2026-02-23T03:54:26.477+0000] {manager.py:878} INFO - 
================================================================================
DAG File Processing Stats

File Path                                           PID    Runtime      # DAGs    # Errors  Last Runtime    Last Run
--------------------------------------------------  -----  ---------  --------  ----------  --------------  -------------------
/opt/airflow/dags/DAG_001_datalake_to_snowflake.py                           0           0  0.63s           2026-02-23T03:54:06
================================================================================
[2026-02-23T03:54:56.513+0000] {manager.py:878} INFO - 
================================================================================
DAG File Processing Stats

File Path                                           PID    Runtime      # DAGs    # Errors  Last Runtime    Last Run
--------------------------------------------------  -----  ---------  --------  ----------  --------------  -------------------
/opt/airflow/dags/DAG_001_datalake_to_snowflake.py                           0           0  0.36s           2026-02-23T03:54:37
================================================================================
[2026-02-23T03:55:26.807+0000] {manager.py:878} INFO - 
================================================================================
DAG File Processing Stats

File Path                                           PID    Runtime      # DAGs    # Errors  Last Runtime    Last Run
--------------------------------------------------  -----  ---------  --------  ----------  --------------  -------------------
/opt/airflow/dags/DAG_001_datalake_to_snowflake.py                           0           0  0.36s           2026-02-23T03:55:07
================================================================================
[2026-02-23T03:55:56.865+0000] {manager.py:878} INFO - 
================================================================================
DAG File Processing Stats

File Path                                           PID    Runtime      # DAGs    # Errors  Last Runtime    Last Run
--------------------------------------------------  -----  ---------  --------  ----------  --------------  -------------------
/opt/airflow/dags/DAG_001_datalake_to_snowflake.py                           0           0  0.36s           2026-02-23T03:55:38
================================================================================
[2026-02-23T03:56:02.931+0000] {manager.py:737} INFO - Searching for files in /opt/airflow/dags
[2026-02-23T03:56:02.939+0000] {manager.py:740} INFO - There are 1 files in /opt/airflow/dags
[2026-02-23T03:56:27.202+0000] {manager.py:878} INFO - 
================================================================================
DAG File Processing Stats

File Path                                           PID    Runtime      # DAGs    # Errors  Last Runtime    Last Run
--------------------------------------------------  -----  ---------  --------  ----------  --------------  -------------------
/opt/airflow/dags/DAG_001_datalake_to_snowflake.py                           0           0  0.35s           2026-02-23T03:56:09
================================================================================
[2026-02-23T03:56:57.286+0000] {manager.py:878} INFO - 
================================================================================
DAG File Processing Stats

File Path                                           PID    Runtime      # DAGs    # Errors  Last Runtime    Last Run
--------------------------------------------------  -----  ---------  --------  ----------  --------------  -------------------
/opt/airflow/dags/DAG_001_datalake_to_snowflake.py                           0           0  0.46s           2026-02-23T03:56:40
================================================================================
[2026-02-23T03:57:27.572+0000] {manager.py:878} INFO - 
================================================================================
DAG File Processing Stats

File Path                                           PID    Runtime      # DAGs    # Errors  Last Runtime    Last Run
--------------------------------------------------  -----  ---------  --------  ----------  --------------  -------------------
/opt/airflow/dags/DAG_001_datalake_to_snowflake.py                           0           0  0.37s           2026-02-23T03:57:10
================================================================================
[2026-02-23T03:57:58.122+0000] {manager.py:878} INFO - 
================================================================================
DAG File Processing Stats

File Path                                           PID    Runtime      # DAGs    # Errors  Last Runtime    Last Run
--------------------------------------------------  -----  ---------  --------  ----------  --------------  -------------------
/opt/airflow/dags/DAG_001_datalake_to_snowflake.py                           0           0  0.34s           2026-02-23T03:57:41
================================================================================
[2026-02-23T03:58:28.130+0000] {manager.py:878} INFO - 
================================================================================
DAG File Processing Stats

File Path                                           PID    Runtime      # DAGs    # Errors  Last Runtime    Last Run
--------------------------------------------------  -----  ---------  --------  ----------  --------------  -------------------
/opt/airflow/dags/DAG_001_datalake_to_snowflake.py                           0           0  0.35s           2026-02-23T03:58:11
================================================================================
[2026-02-23T03:58:58.472+0000] {manager.py:878} INFO - 
================================================================================
DAG File Processing Stats

File Path                                           PID    Runtime      # DAGs    # Errors  Last Runtime    Last Run
--------------------------------------------------  -----  ---------  --------  ----------  --------------  -------------------
/opt/airflow/dags/DAG_001_datalake_to_snowflake.py                           0           0  0.34s           2026-02-23T03:58:42
================================================================================
[2026-02-23T03:59:28.493+0000] {manager.py:878} INFO - 
================================================================================
DAG File Processing Stats

File Path                                           PID    Runtime      # DAGs    # Errors  Last Runtime    Last Run
--------------------------------------------------  -----  ---------  --------  ----------  --------------  -------------------
/opt/airflow/dags/DAG_001_datalake_to_snowflake.py                           0           0  0.37s           2026-02-23T03:59:13
================================================================================
[2026-02-23T03:59:58.785+0000] {manager.py:878} INFO - 
================================================================================
DAG File Processing Stats

File Path                                           PID    Runtime      # DAGs    # Errors  Last Runtime    Last Run
--------------------------------------------------  -----  ---------  --------  ----------  --------------  -------------------
/opt/airflow/dags/DAG_001_datalake_to_snowflake.py                           0           0  0.35s           2026-02-23T03:59:43
================================================================================
[2026-02-23T04:00:29.458+0000] {manager.py:878} INFO - 
================================================================================
DAG File Processing Stats

File Path                                           PID    Runtime      # DAGs    # Errors  Last Runtime    Last Run
--------------------------------------------------  -----  ---------  --------  ----------  --------------  -------------------
/opt/airflow/dags/DAG_001_datalake_to_snowflake.py                           0           0  0.33s           2026-02-23T04:00:14
================================================================================
[2026-02-23T04:01:00.097+0000] {manager.py:878} INFO - 
================================================================================
DAG File Processing Stats

File Path                                           PID    Runtime      # DAGs    # Errors  Last Runtime    Last Run
--------------------------------------------------  -----  ---------  --------  ----------  --------------  -------------------
/opt/airflow/dags/DAG_001_datalake_to_snowflake.py                           0           0  0.36s           2026-02-23T04:00:45
================================================================================
[2026-02-23T04:01:03.136+0000] {manager.py:737} INFO - Searching for files in /opt/airflow/dags
[2026-02-23T04:01:03.140+0000] {manager.py:740} INFO - There are 1 files in /opt/airflow/dags
[2026-02-23T04:01:30.775+0000] {manager.py:878} INFO - 
================================================================================
DAG File Processing Stats

File Path                                           PID    Runtime      # DAGs    # Errors  Last Runtime    Last Run
--------------------------------------------------  -----  ---------  --------  ----------  --------------  -------------------
/opt/airflow/dags/DAG_001_datalake_to_snowflake.py                           0           0  0.34s           2026-02-23T04:01:15
================================================================================
[2026-02-23T04:02:01.427+0000] {manager.py:878} INFO - 
================================================================================
DAG File Processing Stats

File Path                                           PID    Runtime      # DAGs    # Errors  Last Runtime    Last Run
--------------------------------------------------  -----  ---------  --------  ----------  --------------  -------------------
/opt/airflow/dags/DAG_001_datalake_to_snowflake.py                           0           0  0.35s           2026-02-23T04:02:00
================================================================================
[2026-02-23T04:02:31.434+0000] {manager.py:878} INFO - 
================================================================================
DAG File Processing Stats

File Path                                           PID    Runtime      # DAGs    # Errors  Last Runtime    Last Run
--------------------------------------------------  -----  ---------  --------  ----------  --------------  -------------------
/opt/airflow/dags/DAG_001_datalake_to_snowflake.py                           0           0  0.33s           2026-02-23T04:02:31
================================================================================
[2026-02-23T04:03:01.450+0000] {manager.py:878} INFO - 
================================================================================
DAG File Processing Stats

File Path                                             PID  Runtime      # DAGs    # Errors  Last Runtime    Last Run
--------------------------------------------------  -----  ---------  --------  ----------  --------------  -------------------
/opt/airflow/dags/DAG_001_datalake_to_snowflake.py    530  0.00s             0           0  0.33s           2026-02-23T04:02:31
================================================================================
[2026-02-23T04:03:32.027+0000] {manager.py:878} INFO - 
================================================================================
DAG File Processing Stats

File Path                                             PID  Runtime      # DAGs    # Errors  Last Runtime    Last Run
--------------------------------------------------  -----  ---------  --------  ----------  --------------  -------------------
/opt/airflow/dags/DAG_001_datalake_to_snowflake.py    535  0.00s             0           0  0.36s           2026-02-23T04:03:01
================================================================================
[2026-02-23T04:04:02.368+0000] {manager.py:878} INFO - 
================================================================================
DAG File Processing Stats

File Path                                           PID    Runtime      # DAGs    # Errors  Last Runtime    Last Run
--------------------------------------------------  -----  ---------  --------  ----------  --------------  -------------------
/opt/airflow/dags/DAG_001_datalake_to_snowflake.py                           0           0  0.38s           2026-02-23T04:03:32
================================================================================
[2026-02-23T04:04:32.974+0000] {manager.py:878} INFO - 
================================================================================
DAG File Processing Stats

File Path                                           PID    Runtime      # DAGs    # Errors  Last Runtime    Last Run
--------------------------------------------------  -----  ---------  --------  ----------  --------------  -------------------
/opt/airflow/dags/DAG_001_datalake_to_snowflake.py                           0           0  0.35s           2026-02-23T04:04:03
================================================================================
[2026-02-23T04:05:03.673+0000] {manager.py:878} INFO - 
================================================================================
DAG File Processing Stats

File Path                                           PID    Runtime      # DAGs    # Errors  Last Runtime    Last Run
--------------------------------------------------  -----  ---------  --------  ----------  --------------  -------------------
/opt/airflow/dags/DAG_001_datalake_to_snowflake.py                           0           0  0.34s           2026-02-23T04:04:33
================================================================================
[2026-02-23T04:05:34.237+0000] {manager.py:878} INFO - 
================================================================================
DAG File Processing Stats

File Path                                           PID    Runtime      # DAGs    # Errors  Last Runtime    Last Run
--------------------------------------------------  -----  ---------  --------  ----------  --------------  -------------------
/opt/airflow/dags/DAG_001_datalake_to_snowflake.py                           0           0  0.35s           2026-02-23T04:05:04
================================================================================
[2026-02-23T04:06:03.315+0000] {manager.py:737} INFO - Searching for files in /opt/airflow/dags
[2026-02-23T04:06:03.321+0000] {manager.py:740} INFO - There are 1 files in /opt/airflow/dags
[2026-02-23T04:06:04.342+0000] {manager.py:878} INFO - 
================================================================================
DAG File Processing Stats

File Path                                           PID    Runtime      # DAGs    # Errors  Last Runtime    Last Run
--------------------------------------------------  -----  ---------  --------  ----------  --------------  -------------------
/opt/airflow/dags/DAG_001_datalake_to_snowflake.py                           0           0  0.43s           2026-02-23T04:05:35
================================================================================
[2026-02-23T04:06:34.644+0000] {manager.py:878} INFO - 
================================================================================
DAG File Processing Stats

File Path                                           PID    Runtime      # DAGs    # Errors  Last Runtime    Last Run
--------------------------------------------------  -----  ---------  --------  ----------  --------------  -------------------
/opt/airflow/dags/DAG_001_datalake_to_snowflake.py                           0           0  0.40s           2026-02-23T04:06:05
================================================================================
[2026-02-23T04:07:04.665+0000] {manager.py:878} INFO - 
================================================================================
DAG File Processing Stats

File Path                                           PID    Runtime      # DAGs    # Errors  Last Runtime    Last Run
--------------------------------------------------  -----  ---------  --------  ----------  --------------  -------------------
/opt/airflow/dags/DAG_001_datalake_to_snowflake.py                           0           0  0.36s           2026-02-23T04:06:36
================================================================================
[2026-02-23T04:07:34.987+0000] {manager.py:878} INFO - 
================================================================================
DAG File Processing Stats

File Path                                           PID    Runtime      # DAGs    # Errors  Last Runtime    Last Run
--------------------------------------------------  -----  ---------  --------  ----------  --------------  -------------------
/opt/airflow/dags/DAG_001_datalake_to_snowflake.py                           0           0  0.40s           2026-02-23T04:07:07
================================================================================
[2026-02-23T04:08:05.663+0000] {manager.py:878} INFO - 
================================================================================
DAG File Processing Stats

File Path                                           PID    Runtime      # DAGs    # Errors  Last Runtime    Last Run
--------------------------------------------------  -----  ---------  --------  ----------  --------------  -------------------
/opt/airflow/dags/DAG_001_datalake_to_snowflake.py                           0           0  0.34s           2026-02-23T04:07:37
================================================================================
[2026-02-23T04:08:36.301+0000] {manager.py:878} INFO - 
================================================================================
DAG File Processing Stats

File Path                                           PID    Runtime      # DAGs    # Errors  Last Runtime    Last Run
--------------------------------------------------  -----  ---------  --------  ----------  --------------  -------------------
/opt/airflow/dags/DAG_001_datalake_to_snowflake.py                           0           0  0.37s           2026-02-23T04:08:08
================================================================================
[2026-02-23T04:09:06.380+0000] {manager.py:878} INFO - 
================================================================================
DAG File Processing Stats

File Path                                           PID    Runtime      # DAGs    # Errors  Last Runtime    Last Run
--------------------------------------------------  -----  ---------  --------  ----------  --------------  -------------------
/opt/airflow/dags/DAG_001_datalake_to_snowflake.py                           0           0  0.44s           2026-02-23T04:08:39
================================================================================
[2026-02-23T04:09:36.686+0000] {manager.py:878} INFO - 
================================================================================
DAG File Processing Stats

File Path                                           PID    Runtime      # DAGs    # Errors  Last Runtime    Last Run
--------------------------------------------------  -----  ---------  --------  ----------  --------------  -------------------
/opt/airflow/dags/DAG_001_datalake_to_snowflake.py                           0           0  0.42s           2026-02-23T04:09:09
================================================================================
[2026-02-23T04:10:06.753+0000] {manager.py:878} INFO - 
================================================================================
DAG File Processing Stats

File Path                                           PID    Runtime      # DAGs    # Errors  Last Runtime    Last Run
--------------------------------------------------  -----  ---------  --------  ----------  --------------  -------------------
/opt/airflow/dags/DAG_001_datalake_to_snowflake.py                           0           0  0.35s           2026-02-23T04:09:40
================================================================================
[2026-02-23T04:10:37.047+0000] {manager.py:878} INFO - 
================================================================================
DAG File Processing Stats

File Path                                           PID    Runtime      # DAGs    # Errors  Last Runtime    Last Run
--------------------------------------------------  -----  ---------  --------  ----------  --------------  -------------------
/opt/airflow/dags/DAG_001_datalake_to_snowflake.py                           0           0  0.40s           2026-02-23T04:10:10
================================================================================
[2026-02-23T04:11:03.382+0000] {manager.py:737} INFO - Searching for files in /opt/airflow/dags
[2026-02-23T04:11:03.386+0000] {manager.py:740} INFO - There are 1 files in /opt/airflow/dags
[2026-02-23T04:11:07.437+0000] {manager.py:878} INFO - 
================================================================================
DAG File Processing Stats

File Path                                           PID    Runtime      # DAGs    # Errors  Last Runtime    Last Run
--------------------------------------------------  -----  ---------  --------  ----------  --------------  -------------------
/opt/airflow/dags/DAG_001_datalake_to_snowflake.py                           0           0  0.37s           2026-02-23T04:10:41
================================================================================
[2026-02-23T04:11:38.029+0000] {manager.py:878} INFO - 
================================================================================
DAG File Processing Stats

File Path                                           PID    Runtime      # DAGs    # Errors  Last Runtime    Last Run
--------------------------------------------------  -----  ---------  --------  ----------  --------------  -------------------
/opt/airflow/dags/DAG_001_datalake_to_snowflake.py                           0           0  0.34s           2026-02-23T04:11:11
================================================================================
[2026-02-23T04:12:08.360+0000] {manager.py:878} INFO - 
================================================================================
DAG File Processing Stats

File Path                                           PID    Runtime      # DAGs    # Errors  Last Runtime    Last Run
--------------------------------------------------  -----  ---------  --------  ----------  --------------  -------------------
/opt/airflow/dags/DAG_001_datalake_to_snowflake.py                           0           0  0.40s           2026-02-23T04:11:42
================================================================================
[2026-02-23T04:12:38.947+0000] {manager.py:878} INFO - 
================================================================================
DAG File Processing Stats

File Path                                           PID    Runtime      # DAGs    # Errors  Last Runtime    Last Run
--------------------------------------------------  -----  ---------  --------  ----------  --------------  -------------------
/opt/airflow/dags/DAG_001_datalake_to_snowflake.py                           0           0  0.34s           2026-02-23T04:12:13
================================================================================
[2026-02-23T04:13:09.216+0000] {manager.py:878} INFO - 
================================================================================
DAG File Processing Stats

File Path                                           PID    Runtime      # DAGs    # Errors  Last Runtime    Last Run
--------------------------------------------------  -----  ---------  --------  ----------  --------------  -------------------
/opt/airflow/dags/DAG_001_datalake_to_snowflake.py                           0           0  0.36s           2026-02-23T04:12:40
================================================================================
[2026-02-23T04:13:39.949+0000] {manager.py:878} INFO - 
================================================================================
DAG File Processing Stats

File Path                                           PID    Runtime      # DAGs    # Errors  Last Runtime    Last Run
--------------------------------------------------  -----  ---------  --------  ----------  --------------  -------------------
/opt/airflow/dags/DAG_001_datalake_to_snowflake.py                           0           0  0.33s           2026-02-23T04:13:10
================================================================================
[2026-02-23T04:14:10.583+0000] {manager.py:878} INFO - 
================================================================================
DAG File Processing Stats

File Path                                           PID    Runtime      # DAGs    # Errors  Last Runtime    Last Run
--------------------------------------------------  -----  ---------  --------  ----------  --------------  -------------------
/opt/airflow/dags/DAG_001_datalake_to_snowflake.py                           0           0  0.34s           2026-02-23T04:13:41
================================================================================
[2026-02-23T04:14:40.920+0000] {manager.py:878} INFO - 
================================================================================
DAG File Processing Stats

File Path                                           PID    Runtime      # DAGs    # Errors  Last Runtime    Last Run
--------------------------------------------------  -----  ---------  --------  ----------  --------------  -------------------
/opt/airflow/dags/DAG_001_datalake_to_snowflake.py                           0           0  0.33s           2026-02-23T04:14:11
================================================================================
[2026-02-23T04:15:11.519+0000] {manager.py:878} INFO - 
================================================================================
DAG File Processing Stats

File Path                                           PID    Runtime      # DAGs    # Errors  Last Runtime    Last Run
--------------------------------------------------  -----  ---------  --------  ----------  --------------  -------------------
/opt/airflow/dags/DAG_001_datalake_to_snowflake.py                           0           0  0.37s           2026-02-23T04:14:42
================================================================================
[2026-02-23T04:15:41.865+0000] {manager.py:878} INFO - 
================================================================================
DAG File Processing Stats

File Path                                           PID    Runtime      # DAGs    # Errors  Last Runtime    Last Run
--------------------------------------------------  -----  ---------  --------  ----------  --------------  -------------------
/opt/airflow/dags/DAG_001_datalake_to_snowflake.py                           0           0  0.38s           2026-02-23T04:15:12
================================================================================
[2026-02-23T04:16:03.443+0000] {manager.py:737} INFO - Searching for files in /opt/airflow/dags
[2026-02-23T04:16:03.449+0000] {manager.py:740} INFO - There are 1 files in /opt/airflow/dags
[2026-02-23T04:16:12.552+0000] {manager.py:878} INFO - 
================================================================================
DAG File Processing Stats

File Path                                           PID    Runtime      # DAGs    # Errors  Last Runtime    Last Run
--------------------------------------------------  -----  ---------  --------  ----------  --------------  -------------------
/opt/airflow/dags/DAG_001_datalake_to_snowflake.py                           0           0  0.35s           2026-02-23T04:15:43
================================================================================
[2026-02-23T04:16:43.013+0000] {manager.py:878} INFO - 
================================================================================
DAG File Processing Stats

File Path                                           PID    Runtime      # DAGs    # Errors  Last Runtime    Last Run
--------------------------------------------------  -----  ---------  --------  ----------  --------------  -------------------
/opt/airflow/dags/DAG_001_datalake_to_snowflake.py                           0           0  0.35s           2026-02-23T04:16:13
================================================================================
[2026-02-23T04:17:13.493+0000] {manager.py:878} INFO - 
================================================================================
DAG File Processing Stats

File Path                                           PID    Runtime      # DAGs    # Errors  Last Runtime    Last Run
--------------------------------------------------  -----  ---------  --------  ----------  --------------  -------------------
/opt/airflow/dags/DAG_001_datalake_to_snowflake.py                           0           0  0.36s           2026-02-23T04:16:44
================================================================================
[2026-02-23T04:17:44.029+0000] {manager.py:878} INFO - 
================================================================================
DAG File Processing Stats

File Path                                           PID    Runtime      # DAGs    # Errors  Last Runtime    Last Run
--------------------------------------------------  -----  ---------  --------  ----------  --------------  -------------------
/opt/airflow/dags/DAG_001_datalake_to_snowflake.py                           0           0  0.39s           2026-02-23T04:17:14
================================================================================
[2026-02-23T04:18:14.480+0000] {manager.py:878} INFO - 
================================================================================
DAG File Processing Stats

File Path                                           PID    Runtime      # DAGs    # Errors  Last Runtime    Last Run
--------------------------------------------------  -----  ---------  --------  ----------  --------------  -------------------
/opt/airflow/dags/DAG_001_datalake_to_snowflake.py                           0           0  0.35s           2026-02-23T04:17:45
================================================================================
[2026-02-23T04:18:44.977+0000] {manager.py:878} INFO - 
================================================================================
DAG File Processing Stats

File Path                                           PID    Runtime      # DAGs    # Errors  Last Runtime    Last Run
--------------------------------------------------  -----  ---------  --------  ----------  --------------  -------------------
/opt/airflow/dags/DAG_001_datalake_to_snowflake.py                           0           0  0.34s           2026-02-23T04:18:15
================================================================================
[2026-02-23T04:19:15.358+0000] {manager.py:878} INFO - 
================================================================================
DAG File Processing Stats

File Path                                           PID    Runtime      # DAGs    # Errors  Last Runtime    Last Run
--------------------------------------------------  -----  ---------  --------  ----------  --------------  -------------------
/opt/airflow/dags/DAG_001_datalake_to_snowflake.py                           0           0  0.35s           2026-02-23T04:18:46
================================================================================
[2026-02-23T04:19:45.957+0000] {manager.py:878} INFO - 
================================================================================
DAG File Processing Stats

File Path                                           PID    Runtime      # DAGs    # Errors  Last Runtime    Last Run
--------------------------------------------------  -----  ---------  --------  ----------  --------------  -------------------
/opt/airflow/dags/DAG_001_datalake_to_snowflake.py                           0           0  0.35s           2026-02-23T04:19:16
================================================================================
[2026-02-23T04:20:16.301+0000] {manager.py:878} INFO - 
================================================================================
DAG File Processing Stats

File Path                                           PID    Runtime      # DAGs    # Errors  Last Runtime    Last Run
--------------------------------------------------  -----  ---------  --------  ----------  --------------  -------------------
/opt/airflow/dags/DAG_001_datalake_to_snowflake.py                           0           0  0.34s           2026-02-23T04:19:47
================================================================================
[2026-02-23T04:20:46.886+0000] {manager.py:878} INFO - 
================================================================================
DAG File Processing Stats

File Path                                           PID    Runtime      # DAGs    # Errors  Last Runtime    Last Run
--------------------------------------------------  -----  ---------  --------  ----------  --------------  -------------------
/opt/airflow/dags/DAG_001_datalake_to_snowflake.py                           0           0  0.33s           2026-02-23T04:20:17
================================================================================
[2026-02-23T04:21:04.085+0000] {manager.py:737} INFO - Searching for files in /opt/airflow/dags
[2026-02-23T04:21:04.092+0000] {manager.py:740} INFO - There are 1 files in /opt/airflow/dags
[2026-02-23T04:21:17.255+0000] {manager.py:878} INFO - 
================================================================================
DAG File Processing Stats

File Path                                           PID    Runtime      # DAGs    # Errors  Last Runtime    Last Run
--------------------------------------------------  -----  ---------  --------  ----------  --------------  -------------------
/opt/airflow/dags/DAG_001_datalake_to_snowflake.py                           0           0  0.33s           2026-02-23T04:20:48
================================================================================
[2026-02-23T04:21:47.826+0000] {manager.py:878} INFO - 
================================================================================
DAG File Processing Stats

File Path                                           PID    Runtime      # DAGs    # Errors  Last Runtime    Last Run
--------------------------------------------------  -----  ---------  --------  ----------  --------------  -------------------
/opt/airflow/dags/DAG_001_datalake_to_snowflake.py                           0           0  0.35s           2026-02-23T04:21:18
================================================================================
[2026-02-23T04:22:18.204+0000] {manager.py:878} INFO - 
================================================================================
DAG File Processing Stats

File Path                                           PID    Runtime      # DAGs    # Errors  Last Runtime    Last Run
--------------------------------------------------  -----  ---------  --------  ----------  --------------  -------------------
/opt/airflow/dags/DAG_001_datalake_to_snowflake.py                           0           0  0.42s           2026-02-23T04:21:49
================================================================================
[2026-02-23T04:22:48.863+0000] {manager.py:878} INFO - 
================================================================================
DAG File Processing Stats

File Path                                           PID    Runtime      # DAGs    # Errors  Last Runtime    Last Run
--------------------------------------------------  -----  ---------  --------  ----------  --------------  -------------------
/opt/airflow/dags/DAG_001_datalake_to_snowflake.py                           0           0  0.33s           2026-02-23T04:22:19
================================================================================
[2026-02-23T04:23:19.404+0000] {manager.py:878} INFO - 
================================================================================
DAG File Processing Stats

File Path                                           PID    Runtime      # DAGs    # Errors  Last Runtime    Last Run
--------------------------------------------------  -----  ---------  --------  ----------  --------------  -------------------
/opt/airflow/dags/DAG_001_datalake_to_snowflake.py                           0           0  0.34s           2026-02-23T04:22:50
================================================================================
[2026-02-23T04:23:49.669+0000] {manager.py:878} INFO - 
================================================================================
DAG File Processing Stats

File Path                                           PID    Runtime      # DAGs    # Errors  Last Runtime    Last Run
--------------------------------------------------  -----  ---------  --------  ----------  --------------  -------------------
/opt/airflow/dags/DAG_001_datalake_to_snowflake.py                           0           0  0.33s           2026-02-23T04:23:20
================================================================================
[2026-02-23T04:24:20.348+0000] {manager.py:878} INFO - 
================================================================================
DAG File Processing Stats

File Path                                           PID    Runtime      # DAGs    # Errors  Last Runtime    Last Run
--------------------------------------------------  -----  ---------  --------  ----------  --------------  -------------------
/opt/airflow/dags/DAG_001_datalake_to_snowflake.py                           0           0  0.34s           2026-02-23T04:23:51
================================================================================
[2026-02-23T04:24:50.999+0000] {manager.py:878} INFO - 
================================================================================
DAG File Processing Stats

File Path                                           PID    Runtime      # DAGs    # Errors  Last Runtime    Last Run
--------------------------------------------------  -----  ---------  --------  ----------  --------------  -------------------
/opt/airflow/dags/DAG_001_datalake_to_snowflake.py                           0           0  0.34s           2026-02-23T04:24:22
================================================================================
[2026-02-23T04:25:21.040+0000] {manager.py:878} INFO - 
================================================================================
DAG File Processing Stats

File Path                                           PID    Runtime      # DAGs    # Errors  Last Runtime    Last Run
--------------------------------------------------  -----  ---------  --------  ----------  --------------  -------------------
/opt/airflow/dags/DAG_001_datalake_to_snowflake.py                           0           0  0.52s           2026-02-23T04:24:52
================================================================================
[2026-02-23T04:25:51.853+0000] {manager.py:878} INFO - 
================================================================================
DAG File Processing Stats

File Path                                           PID    Runtime      # DAGs    # Errors  Last Runtime    Last Run
--------------------------------------------------  -----  ---------  --------  ----------  --------------  -------------------
/opt/airflow/dags/DAG_001_datalake_to_snowflake.py                           0           0  0.54s           2026-02-23T04:25:23
================================================================================
[2026-02-23T04:26:04.399+0000] {manager.py:737} INFO - Searching for files in /opt/airflow/dags
[2026-02-23T04:26:04.410+0000] {manager.py:740} INFO - There are 1 files in /opt/airflow/dags
[2026-02-23T04:26:22.165+0000] {manager.py:878} INFO - 
================================================================================
DAG File Processing Stats

File Path                                           PID    Runtime      # DAGs    # Errors  Last Runtime    Last Run
--------------------------------------------------  -----  ---------  --------  ----------  --------------  -------------------
/opt/airflow/dags/DAG_001_datalake_to_snowflake.py                           0           0  0.44s           2026-02-23T04:25:54
================================================================================
[2026-02-23T04:26:52.488+0000] {manager.py:878} INFO - 
================================================================================
DAG File Processing Stats

File Path                                           PID    Runtime      # DAGs    # Errors  Last Runtime    Last Run
--------------------------------------------------  -----  ---------  --------  ----------  --------------  -------------------
/opt/airflow/dags/DAG_001_datalake_to_snowflake.py                           0           0  0.59s           2026-02-23T04:26:25
================================================================================
[2026-02-23T04:27:22.862+0000] {manager.py:878} INFO - 
================================================================================
DAG File Processing Stats

File Path                                           PID    Runtime      # DAGs    # Errors  Last Runtime    Last Run
--------------------------------------------------  -----  ---------  --------  ----------  --------------  -------------------
/opt/airflow/dags/DAG_001_datalake_to_snowflake.py                           0           0  0.67s           2026-02-23T04:26:56
================================================================================
[2026-02-23T04:27:53.127+0000] {manager.py:878} INFO - 
================================================================================
DAG File Processing Stats

File Path                                           PID    Runtime      # DAGs    # Errors  Last Runtime    Last Run
--------------------------------------------------  -----  ---------  --------  ----------  --------------  -------------------
/opt/airflow/dags/DAG_001_datalake_to_snowflake.py                           0           0  0.36s           2026-02-23T04:27:26
================================================================================
[2026-02-23T04:28:23.443+0000] {manager.py:878} INFO - 
================================================================================
DAG File Processing Stats

File Path                                           PID    Runtime      # DAGs    # Errors  Last Runtime    Last Run
--------------------------------------------------  -----  ---------  --------  ----------  --------------  -------------------
/opt/airflow/dags/DAG_001_datalake_to_snowflake.py                           0           0  0.39s           2026-02-23T04:27:57
================================================================================
[2026-02-23T04:28:53.743+0000] {manager.py:878} INFO - 
================================================================================
DAG File Processing Stats

File Path                                           PID    Runtime      # DAGs    # Errors  Last Runtime    Last Run
--------------------------------------------------  -----  ---------  --------  ----------  --------------  -------------------
/opt/airflow/dags/DAG_001_datalake_to_snowflake.py                           0           0  0.59s           2026-02-23T04:28:28
================================================================================
[2026-02-23T04:29:24.062+0000] {manager.py:878} INFO - 
================================================================================
DAG File Processing Stats

File Path                                           PID    Runtime      # DAGs    # Errors  Last Runtime    Last Run
--------------------------------------------------  -----  ---------  --------  ----------  --------------  -------------------
/opt/airflow/dags/DAG_001_datalake_to_snowflake.py                           0           0  0.39s           2026-02-23T04:28:59
================================================================================
[2026-02-23T04:29:54.259+0000] {manager.py:878} INFO - 
================================================================================
DAG File Processing Stats

File Path                                           PID    Runtime      # DAGs    # Errors  Last Runtime    Last Run
--------------------------------------------------  -----  ---------  --------  ----------  --------------  -------------------
/opt/airflow/dags/DAG_001_datalake_to_snowflake.py                           0           0  0.49s           2026-02-23T04:29:30
================================================================================
[2026-02-23T04:30:24.551+0000] {manager.py:878} INFO - 
================================================================================
DAG File Processing Stats

File Path                                           PID    Runtime      # DAGs    # Errors  Last Runtime    Last Run
--------------------------------------------------  -----  ---------  --------  ----------  --------------  -------------------
/opt/airflow/dags/DAG_001_datalake_to_snowflake.py                           0           0  0.37s           2026-02-23T04:30:00
================================================================================
[2026-02-23T04:30:54.587+0000] {manager.py:878} INFO - 
================================================================================
DAG File Processing Stats

File Path                                           PID    Runtime      # DAGs    # Errors  Last Runtime    Last Run
--------------------------------------------------  -----  ---------  --------  ----------  --------------  -------------------
/opt/airflow/dags/DAG_001_datalake_to_snowflake.py                           0           0  0.39s           2026-02-23T04:30:31
================================================================================
[2026-02-23T04:31:04.711+0000] {manager.py:737} INFO - Searching for files in /opt/airflow/dags
[2026-02-23T04:31:04.715+0000] {manager.py:740} INFO - There are 1 files in /opt/airflow/dags
[2026-02-23T04:31:24.926+0000] {manager.py:878} INFO - 
================================================================================
DAG File Processing Stats

File Path                                           PID    Runtime      # DAGs    # Errors  Last Runtime    Last Run
--------------------------------------------------  -----  ---------  --------  ----------  --------------  -------------------
/opt/airflow/dags/DAG_001_datalake_to_snowflake.py                           0           0  0.37s           2026-02-23T04:31:02
================================================================================
[2026-02-23T04:31:54.955+0000] {manager.py:878} INFO - 
================================================================================
DAG File Processing Stats

File Path                                           PID    Runtime      # DAGs    # Errors  Last Runtime    Last Run
--------------------------------------------------  -----  ---------  --------  ----------  --------------  -------------------
/opt/airflow/dags/DAG_001_datalake_to_snowflake.py                           0           0  0.43s           2026-02-23T04:31:32
================================================================================
[2026-02-23T04:32:25.244+0000] {manager.py:878} INFO - 
================================================================================
DAG File Processing Stats

File Path                                           PID    Runtime      # DAGs    # Errors  Last Runtime    Last Run
--------------------------------------------------  -----  ---------  --------  ----------  --------------  -------------------
/opt/airflow/dags/DAG_001_datalake_to_snowflake.py                           0           0  0.40s           2026-02-23T04:32:03
================================================================================
[2026-02-23T04:32:56.103+0000] {manager.py:878} INFO - 
================================================================================
DAG File Processing Stats

File Path                                           PID    Runtime      # DAGs    # Errors  Last Runtime    Last Run
--------------------------------------------------  -----  ---------  --------  ----------  --------------  -------------------
/opt/airflow/dags/DAG_001_datalake_to_snowflake.py                           0           0  1.11s           2026-02-23T04:32:34
================================================================================
[2026-02-23T04:33:26.157+0000] {manager.py:878} INFO - 
================================================================================
DAG File Processing Stats

File Path                                           PID    Runtime      # DAGs    # Errors  Last Runtime    Last Run
--------------------------------------------------  -----  ---------  --------  ----------  --------------  -------------------
/opt/airflow/dags/DAG_001_datalake_to_snowflake.py                           0           0  0.72s           2026-02-23T04:33:05
================================================================================
[2026-02-23T04:33:56.881+0000] {manager.py:878} INFO - 
================================================================================
DAG File Processing Stats

File Path                                           PID    Runtime      # DAGs    # Errors  Last Runtime    Last Run
--------------------------------------------------  -----  ---------  --------  ----------  --------------  -------------------
/opt/airflow/dags/DAG_001_datalake_to_snowflake.py                           0           0  0.43s           2026-02-23T04:33:36
================================================================================
[2026-02-23T04:34:27.239+0000] {manager.py:878} INFO - 
================================================================================
DAG File Processing Stats

File Path                                           PID    Runtime      # DAGs    # Errors  Last Runtime    Last Run
--------------------------------------------------  -----  ---------  --------  ----------  --------------  -------------------
/opt/airflow/dags/DAG_001_datalake_to_snowflake.py                           0           0  0.65s           2026-02-23T04:34:07
================================================================================
[2026-02-23T04:34:57.723+0000] {manager.py:878} INFO - 
================================================================================
DAG File Processing Stats

File Path                                           PID    Runtime      # DAGs    # Errors  Last Runtime    Last Run
--------------------------------------------------  -----  ---------  --------  ----------  --------------  -------------------
/opt/airflow/dags/DAG_001_datalake_to_snowflake.py                           0           0  0.69s           2026-02-23T04:34:38
================================================================================
[2026-02-23T04:35:28.160+0000] {manager.py:878} INFO - 
================================================================================
DAG File Processing Stats

File Path                                           PID    Runtime      # DAGs    # Errors  Last Runtime    Last Run
--------------------------------------------------  -----  ---------  --------  ----------  --------------  -------------------
/opt/airflow/dags/DAG_001_datalake_to_snowflake.py                           0           0  0.66s           2026-02-23T04:35:09
================================================================================
[2026-02-23T04:35:58.329+0000] {manager.py:878} INFO - 
================================================================================
DAG File Processing Stats

File Path                                           PID    Runtime      # DAGs    # Errors  Last Runtime    Last Run
--------------------------------------------------  -----  ---------  --------  ----------  --------------  -------------------
/opt/airflow/dags/DAG_001_datalake_to_snowflake.py                           0           0  0.34s           2026-02-23T04:35:40
================================================================================
[2026-02-23T04:36:05.103+0000] {manager.py:737} INFO - Searching for files in /opt/airflow/dags
[2026-02-23T04:36:05.109+0000] {manager.py:740} INFO - There are 1 files in /opt/airflow/dags
[2026-02-23T04:36:28.612+0000] {manager.py:878} INFO - 
================================================================================
DAG File Processing Stats

File Path                                           PID    Runtime      # DAGs    # Errors  Last Runtime    Last Run
--------------------------------------------------  -----  ---------  --------  ----------  --------------  -------------------
/opt/airflow/dags/DAG_001_datalake_to_snowflake.py                           0           0  0.36s           2026-02-23T04:36:10
================================================================================
[2026-02-23T04:36:58.957+0000] {manager.py:878} INFO - 
================================================================================
DAG File Processing Stats

File Path                                           PID    Runtime      # DAGs    # Errors  Last Runtime    Last Run
--------------------------------------------------  -----  ---------  --------  ----------  --------------  -------------------
/opt/airflow/dags/DAG_001_datalake_to_snowflake.py                           0           0  0.35s           2026-02-23T04:36:41
================================================================================
[2026-02-23T04:37:29.528+0000] {manager.py:878} INFO - 
================================================================================
DAG File Processing Stats

File Path                                           PID    Runtime      # DAGs    # Errors  Last Runtime    Last Run
--------------------------------------------------  -----  ---------  --------  ----------  --------------  -------------------
/opt/airflow/dags/DAG_001_datalake_to_snowflake.py                           0           0  0.34s           2026-02-23T04:37:11
================================================================================
[2026-02-23T04:37:59.553+0000] {manager.py:878} INFO - 
================================================================================
DAG File Processing Stats

File Path                                           PID    Runtime      # DAGs    # Errors  Last Runtime    Last Run
--------------------------------------------------  -----  ---------  --------  ----------  --------------  -------------------
/opt/airflow/dags/DAG_001_datalake_to_snowflake.py                           0           0  0.35s           2026-02-23T04:37:42
================================================================================
[2026-02-23T04:38:29.896+0000] {manager.py:878} INFO - 
================================================================================
DAG File Processing Stats

File Path                                           PID    Runtime      # DAGs    # Errors  Last Runtime    Last Run
--------------------------------------------------  -----  ---------  --------  ----------  --------------  -------------------
/opt/airflow/dags/DAG_001_datalake_to_snowflake.py                           0           0  0.35s           2026-02-23T04:38:12
================================================================================
[2026-02-23T04:39:00.235+0000] {manager.py:878} INFO - 
================================================================================
DAG File Processing Stats

File Path                                           PID    Runtime      # DAGs    # Errors  Last Runtime    Last Run
--------------------------------------------------  -----  ---------  --------  ----------  --------------  -------------------
/opt/airflow/dags/DAG_001_datalake_to_snowflake.py                           0           0  0.36s           2026-02-23T04:38:43
================================================================================
[2026-02-23T04:39:30.254+0000] {manager.py:878} INFO - 
================================================================================
DAG File Processing Stats

File Path                                           PID    Runtime      # DAGs    # Errors  Last Runtime    Last Run
--------------------------------------------------  -----  ---------  --------  ----------  --------------  -------------------
/opt/airflow/dags/DAG_001_datalake_to_snowflake.py                           0           0  0.38s           2026-02-23T04:39:14
================================================================================
[2026-02-23T04:40:00.545+0000] {manager.py:878} INFO - 
================================================================================
DAG File Processing Stats

File Path                                           PID    Runtime      # DAGs    # Errors  Last Runtime    Last Run
--------------------------------------------------  -----  ---------  --------  ----------  --------------  -------------------
/opt/airflow/dags/DAG_001_datalake_to_snowflake.py                           0           0  0.39s           2026-02-23T04:39:44
================================================================================
[2026-02-23T04:40:31.267+0000] {manager.py:878} INFO - 
================================================================================
DAG File Processing Stats

File Path                                           PID    Runtime      # DAGs    # Errors  Last Runtime    Last Run
--------------------------------------------------  -----  ---------  --------  ----------  --------------  -------------------
/opt/airflow/dags/DAG_001_datalake_to_snowflake.py                           0           0  0.34s           2026-02-23T04:40:15
================================================================================
[2026-02-23T04:41:01.898+0000] {manager.py:878} INFO - 
================================================================================
DAG File Processing Stats

File Path                                           PID    Runtime      # DAGs    # Errors  Last Runtime    Last Run
--------------------------------------------------  -----  ---------  --------  ----------  --------------  -------------------
/opt/airflow/dags/DAG_001_datalake_to_snowflake.py                           0           0  0.34s           2026-02-23T04:40:45
================================================================================
[2026-02-23T04:41:05.953+0000] {manager.py:737} INFO - Searching for files in /opt/airflow/dags
[2026-02-23T04:41:05.957+0000] {manager.py:740} INFO - There are 1 files in /opt/airflow/dags
[2026-02-23T04:41:32.324+0000] {manager.py:878} INFO - 
================================================================================
DAG File Processing Stats

File Path                                           PID    Runtime      # DAGs    # Errors  Last Runtime    Last Run
--------------------------------------------------  -----  ---------  --------  ----------  --------------  -------------------
/opt/airflow/dags/DAG_001_datalake_to_snowflake.py                           0           0  0.34s           2026-02-23T04:41:16
================================================================================
[2026-02-23T04:42:02.954+0000] {manager.py:878} INFO - 
================================================================================
DAG File Processing Stats

File Path                                           PID    Runtime      # DAGs    # Errors  Last Runtime    Last Run
--------------------------------------------------  -----  ---------  --------  ----------  --------------  -------------------
/opt/airflow/dags/DAG_001_datalake_to_snowflake.py                           0           0  0.33s           2026-02-23T04:41:46
================================================================================
[2026-02-23T04:42:33.272+0000] {manager.py:878} INFO - 
================================================================================
DAG File Processing Stats

File Path                                           PID    Runtime      # DAGs    # Errors  Last Runtime    Last Run
--------------------------------------------------  -----  ---------  --------  ----------  --------------  -------------------
/opt/airflow/dags/DAG_001_datalake_to_snowflake.py                           0           0  0.33s           2026-02-23T04:42:17
================================================================================
[2026-02-23T04:43:03.951+0000] {manager.py:878} INFO - 
================================================================================
DAG File Processing Stats

File Path                                           PID    Runtime      # DAGs    # Errors  Last Runtime    Last Run
--------------------------------------------------  -----  ---------  --------  ----------  --------------  -------------------
/opt/airflow/dags/DAG_001_datalake_to_snowflake.py                           0           0  0.33s           2026-02-23T04:42:48
================================================================================
[2026-02-23T04:43:34.663+0000] {manager.py:878} INFO - 
================================================================================
DAG File Processing Stats

File Path                                           PID    Runtime      # DAGs    # Errors  Last Runtime    Last Run
--------------------------------------------------  -----  ---------  --------  ----------  --------------  -------------------
/opt/airflow/dags/DAG_001_datalake_to_snowflake.py                           0           0  0.35s           2026-02-23T04:43:18
================================================================================
[2026-02-23T04:44:05.055+0000] {manager.py:878} INFO - 
================================================================================
DAG File Processing Stats

File Path                                           PID    Runtime      # DAGs    # Errors  Last Runtime    Last Run
--------------------------------------------------  -----  ---------  --------  ----------  --------------  -------------------
/opt/airflow/dags/DAG_001_datalake_to_snowflake.py                           0           0  0.34s           2026-02-23T04:43:49
================================================================================
[2026-02-23T04:44:35.718+0000] {manager.py:878} INFO - 
================================================================================
DAG File Processing Stats

File Path                                           PID    Runtime      # DAGs    # Errors  Last Runtime    Last Run
--------------------------------------------------  -----  ---------  --------  ----------  --------------  -------------------
/opt/airflow/dags/DAG_001_datalake_to_snowflake.py                           0           0  0.35s           2026-02-23T04:44:19
================================================================================
[2026-02-23T04:45:06.119+0000] {manager.py:878} INFO - 
================================================================================
DAG File Processing Stats

File Path                                           PID    Runtime      # DAGs    # Errors  Last Runtime    Last Run
--------------------------------------------------  -----  ---------  --------  ----------  --------------  -------------------
/opt/airflow/dags/DAG_001_datalake_to_snowflake.py                           0           0  0.34s           2026-02-23T04:44:50
================================================================================
[2026-02-23T04:45:36.186+0000] {manager.py:878} INFO - 
================================================================================
DAG File Processing Stats

File Path                                           PID    Runtime      # DAGs    # Errors  Last Runtime    Last Run
--------------------------------------------------  -----  ---------  --------  ----------  --------------  -------------------
/opt/airflow/dags/DAG_001_datalake_to_snowflake.py                           0           0  0.66s           2026-02-23T04:45:20
================================================================================
[2026-02-23T04:46:06.246+0000] {manager.py:737} INFO - Searching for files in /opt/airflow/dags
[2026-02-23T04:46:06.253+0000] {manager.py:740} INFO - There are 1 files in /opt/airflow/dags
[2026-02-23T04:46:06.263+0000] {manager.py:878} INFO - 
================================================================================
DAG File Processing Stats

File Path                                           PID    Runtime      # DAGs    # Errors  Last Runtime    Last Run
--------------------------------------------------  -----  ---------  --------  ----------  --------------  -------------------
/opt/airflow/dags/DAG_001_datalake_to_snowflake.py                           0           0  0.36s           2026-02-23T04:45:51
================================================================================
[2026-02-23T04:46:36.909+0000] {manager.py:878} INFO - 
================================================================================
DAG File Processing Stats

File Path                                           PID    Runtime      # DAGs    # Errors  Last Runtime    Last Run
--------------------------------------------------  -----  ---------  --------  ----------  --------------  -------------------
/opt/airflow/dags/DAG_001_datalake_to_snowflake.py                           0           0  0.36s           2026-02-23T04:46:21
================================================================================
[2026-02-23T04:47:07.377+0000] {manager.py:878} INFO - 
================================================================================
DAG File Processing Stats

File Path                                           PID    Runtime      # DAGs    # Errors  Last Runtime    Last Run
--------------------------------------------------  -----  ---------  --------  ----------  --------------  -------------------
/opt/airflow/dags/DAG_001_datalake_to_snowflake.py                           0           0  0.35s           2026-02-23T04:46:52
================================================================================
[2026-02-23T04:47:38.057+0000] {manager.py:878} INFO - 
================================================================================
DAG File Processing Stats

File Path                                           PID    Runtime      # DAGs    # Errors  Last Runtime    Last Run
--------------------------------------------------  -----  ---------  --------  ----------  --------------  -------------------
/opt/airflow/dags/DAG_001_datalake_to_snowflake.py                           0           0  0.35s           2026-02-23T04:47:22
================================================================================
[2026-02-23T04:48:08.480+0000] {manager.py:878} INFO - 
================================================================================
DAG File Processing Stats

File Path                                           PID    Runtime      # DAGs    # Errors  Last Runtime    Last Run
--------------------------------------------------  -----  ---------  --------  ----------  --------------  -------------------
/opt/airflow/dags/DAG_001_datalake_to_snowflake.py                           0           0  0.34s           2026-02-23T04:47:53
================================================================================
[2026-02-23T04:48:39.080+0000] {manager.py:878} INFO - 
================================================================================
DAG File Processing Stats

File Path                                           PID    Runtime      # DAGs    # Errors  Last Runtime    Last Run
--------------------------------------------------  -----  ---------  --------  ----------  --------------  -------------------
/opt/airflow/dags/DAG_001_datalake_to_snowflake.py                           0           0  0.35s           2026-02-23T04:48:24
================================================================================
[2026-02-23T04:49:09.547+0000] {manager.py:878} INFO - 
================================================================================
DAG File Processing Stats

File Path                                           PID    Runtime      # DAGs    # Errors  Last Runtime    Last Run
--------------------------------------------------  -----  ---------  --------  ----------  --------------  -------------------
/opt/airflow/dags/DAG_001_datalake_to_snowflake.py                           0           0  0.44s           2026-02-23T04:48:54
================================================================================
[2026-02-23T04:49:40.237+0000] {manager.py:878} INFO - 
================================================================================
DAG File Processing Stats

File Path                                           PID    Runtime      # DAGs    # Errors  Last Runtime    Last Run
--------------------------------------------------  -----  ---------  --------  ----------  --------------  -------------------
/opt/airflow/dags/DAG_001_datalake_to_snowflake.py                           0           0  0.37s           2026-02-23T04:49:25
================================================================================
[2026-02-23T04:50:10.561+0000] {manager.py:878} INFO - 
================================================================================
DAG File Processing Stats

File Path                                           PID    Runtime      # DAGs    # Errors  Last Runtime    Last Run
--------------------------------------------------  -----  ---------  --------  ----------  --------------  -------------------
/opt/airflow/dags/DAG_001_datalake_to_snowflake.py                           0           0  0.35s           2026-02-23T04:49:55
================================================================================
[2026-02-23T04:50:40.685+0000] {manager.py:878} INFO - 
================================================================================
DAG File Processing Stats

File Path                                           PID    Runtime      # DAGs    # Errors  Last Runtime    Last Run
--------------------------------------------------  -----  ---------  --------  ----------  --------------  -------------------
/opt/airflow/dags/DAG_001_datalake_to_snowflake.py                           0           0  0.36s           2026-02-23T04:50:26
================================================================================
[2026-02-23T04:51:06.331+0000] {manager.py:737} INFO - Searching for files in /opt/airflow/dags
[2026-02-23T04:51:06.337+0000] {manager.py:740} INFO - There are 1 files in /opt/airflow/dags
[2026-02-23T04:51:11.067+0000] {manager.py:878} INFO - 
================================================================================
DAG File Processing Stats

File Path                                           PID    Runtime      # DAGs    # Errors  Last Runtime    Last Run
--------------------------------------------------  -----  ---------  --------  ----------  --------------  -------------------
/opt/airflow/dags/DAG_001_datalake_to_snowflake.py                           0           0  0.34s           2026-02-23T04:50:57
================================================================================
[2026-02-23T04:51:41.782+0000] {manager.py:878} INFO - 
================================================================================
DAG File Processing Stats

File Path                                           PID    Runtime      # DAGs    # Errors  Last Runtime    Last Run
--------------------------------------------------  -----  ---------  --------  ----------  --------------  -------------------
/opt/airflow/dags/DAG_001_datalake_to_snowflake.py                           0           0  0.35s           2026-02-23T04:51:27
================================================================================
[2026-02-23T04:52:12.168+0000] {manager.py:878} INFO - 
================================================================================
DAG File Processing Stats

File Path                                           PID    Runtime      # DAGs    # Errors  Last Runtime    Last Run
--------------------------------------------------  -----  ---------  --------  ----------  --------------  -------------------
/opt/airflow/dags/DAG_001_datalake_to_snowflake.py                           0           0  0.35s           2026-02-23T04:51:58
================================================================================
[2026-02-23T04:52:42.310+0000] {manager.py:878} INFO - 
================================================================================
DAG File Processing Stats

File Path                                           PID    Runtime      # DAGs    # Errors  Last Runtime    Last Run
--------------------------------------------------  -----  ---------  --------  ----------  --------------  -------------------
/opt/airflow/dags/DAG_001_datalake_to_snowflake.py                           0           0  0.35s           2026-02-23T04:52:29
================================================================================
[2026-02-23T04:53:12.716+0000] {manager.py:878} INFO - 
================================================================================
DAG File Processing Stats

File Path                                           PID    Runtime      # DAGs    # Errors  Last Runtime    Last Run
--------------------------------------------------  -----  ---------  --------  ----------  --------------  -------------------
/opt/airflow/dags/DAG_001_datalake_to_snowflake.py                           0           0  0.41s           2026-02-23T04:52:59
================================================================================
[2026-02-23T04:53:43.159+0000] {manager.py:878} INFO - 
================================================================================
DAG File Processing Stats

File Path                                           PID    Runtime      # DAGs    # Errors  Last Runtime    Last Run
--------------------------------------------------  -----  ---------  --------  ----------  --------------  -------------------
/opt/airflow/dags/DAG_001_datalake_to_snowflake.py                           0           0  0.37s           2026-02-23T04:53:30
================================================================================
[2026-02-23T04:54:13.904+0000] {manager.py:878} INFO - 
================================================================================
DAG File Processing Stats

File Path                                           PID    Runtime      # DAGs    # Errors  Last Runtime    Last Run
--------------------------------------------------  -----  ---------  --------  ----------  --------------  -------------------
/opt/airflow/dags/DAG_001_datalake_to_snowflake.py                           0           0  0.37s           2026-02-23T04:54:00
================================================================================
[2026-02-23T04:54:44.288+0000] {manager.py:878} INFO - 
================================================================================
DAG File Processing Stats

File Path                                           PID    Runtime      # DAGs    # Errors  Last Runtime    Last Run
--------------------------------------------------  -----  ---------  --------  ----------  --------------  -------------------
/opt/airflow/dags/DAG_001_datalake_to_snowflake.py                           0           0  0.35s           2026-02-23T04:54:31
================================================================================
[2026-02-23T04:55:14.338+0000] {manager.py:878} INFO - 
================================================================================
DAG File Processing Stats

File Path                                           PID    Runtime      # DAGs    # Errors  Last Runtime    Last Run
--------------------------------------------------  -----  ---------  --------  ----------  --------------  -------------------
/opt/airflow/dags/DAG_001_datalake_to_snowflake.py                           0           0  0.36s           2026-02-23T04:55:02
================================================================================
[2026-02-23T04:55:44.781+0000] {manager.py:878} INFO - 
================================================================================
DAG File Processing Stats

File Path                                           PID    Runtime      # DAGs    # Errors  Last Runtime    Last Run
--------------------------------------------------  -----  ---------  --------  ----------  --------------  -------------------
/opt/airflow/dags/DAG_001_datalake_to_snowflake.py                           0           0  0.36s           2026-02-23T04:55:32
================================================================================
[2026-02-23T05:03:03.420+0000] {manager.py:737} INFO - Searching for files in /opt/airflow/dags
[2026-02-23T05:03:03.431+0000] {manager.py:740} INFO - There are 1 files in /opt/airflow/dags
[2026-02-23T05:03:14.923+0000] {manager.py:878} INFO - 
================================================================================
DAG File Processing Stats

File Path                                           PID    Runtime      # DAGs    # Errors  Last Runtime    Last Run
--------------------------------------------------  -----  ---------  --------  ----------  --------------  -------------------
/opt/airflow/dags/DAG_001_datalake_to_snowflake.py                           0           0  0.38s           2026-02-23T05:03:03
================================================================================
[2026-02-23T05:03:45.323+0000] {manager.py:878} INFO - 
================================================================================
DAG File Processing Stats

File Path                                           PID    Runtime      # DAGs    # Errors  Last Runtime    Last Run
--------------------------------------------------  -----  ---------  --------  ----------  --------------  -------------------
/opt/airflow/dags/DAG_001_datalake_to_snowflake.py                           0           0  0.37s           2026-02-23T05:03:34
================================================================================
[2026-02-23T05:04:15.996+0000] {manager.py:878} INFO - 
================================================================================
DAG File Processing Stats

File Path                                           PID    Runtime      # DAGs    # Errors  Last Runtime    Last Run
--------------------------------------------------  -----  ---------  --------  ----------  --------------  -------------------
/opt/airflow/dags/DAG_001_datalake_to_snowflake.py                           0           0  0.35s           2026-02-23T05:04:04
================================================================================
[2026-02-23T05:04:46.726+0000] {manager.py:878} INFO - 
================================================================================
DAG File Processing Stats

File Path                                           PID    Runtime      # DAGs    # Errors  Last Runtime    Last Run
--------------------------------------------------  -----  ---------  --------  ----------  --------------  -------------------
/opt/airflow/dags/DAG_001_datalake_to_snowflake.py                           0           0  0.33s           2026-02-23T05:04:35
================================================================================
[2026-02-23T05:40:13.703+0000] {manager.py:737} INFO - Searching for files in /opt/airflow/dags
[2026-02-23T05:40:13.709+0000] {manager.py:740} INFO - There are 1 files in /opt/airflow/dags
[2026-02-23T05:40:26.888+0000] {manager.py:878} INFO - 
================================================================================
DAG File Processing Stats

File Path                                           PID    Runtime      # DAGs    # Errors  Last Runtime    Last Run
--------------------------------------------------  -----  ---------  --------  ----------  --------------  -------------------
/opt/airflow/dags/DAG_001_datalake_to_snowflake.py                           0           0  0.40s           2026-02-23T05:40:14
================================================================================
[2026-02-23T05:48:31.297+0000] {manager.py:737} INFO - Searching for files in /opt/airflow/dags
[2026-02-23T05:48:31.305+0000] {manager.py:740} INFO - There are 1 files in /opt/airflow/dags
[2026-02-23T05:48:45.186+0000] {manager.py:878} INFO - 
================================================================================
DAG File Processing Stats

File Path                                           PID    Runtime      # DAGs    # Errors  Last Runtime    Last Run
--------------------------------------------------  -----  ---------  --------  ----------  --------------  -------------------
/opt/airflow/dags/DAG_001_datalake_to_snowflake.py                           0           0  0.71s           2026-02-23T05:48:32
================================================================================
[2026-02-23T05:49:15.536+0000] {manager.py:878} INFO - 
================================================================================
DAG File Processing Stats

File Path                                           PID    Runtime      # DAGs    # Errors  Last Runtime    Last Run
--------------------------------------------------  -----  ---------  --------  ----------  --------------  -------------------
/opt/airflow/dags/DAG_001_datalake_to_snowflake.py                           0           0  0.36s           2026-02-23T05:49:02
================================================================================
[2026-02-23T05:49:46.193+0000] {manager.py:878} INFO - 
================================================================================
DAG File Processing Stats

File Path                                           PID    Runtime      # DAGs    # Errors  Last Runtime    Last Run
--------------------------------------------------  -----  ---------  --------  ----------  --------------  -------------------
/opt/airflow/dags/DAG_001_datalake_to_snowflake.py                           0           0  0.36s           2026-02-23T05:49:33
================================================================================
[2026-02-23T05:50:16.514+0000] {manager.py:878} INFO - 
================================================================================
DAG File Processing Stats

File Path                                           PID    Runtime      # DAGs    # Errors  Last Runtime    Last Run
--------------------------------------------------  -----  ---------  --------  ----------  --------------  -------------------
/opt/airflow/dags/DAG_001_datalake_to_snowflake.py                           0           0  1.92s           2026-02-23T05:50:05
================================================================================
[2026-02-23T05:50:46.948+0000] {manager.py:878} INFO - 
================================================================================
DAG File Processing Stats

File Path                                           PID    Runtime      # DAGs    # Errors  Last Runtime    Last Run
--------------------------------------------------  -----  ---------  --------  ----------  --------------  -------------------
/opt/airflow/dags/DAG_001_datalake_to_snowflake.py                           0           0  0.62s           2026-02-23T05:50:36
================================================================================
[2026-02-23T05:51:17.175+0000] {manager.py:878} INFO - 
================================================================================
DAG File Processing Stats

File Path                                           PID    Runtime      # DAGs    # Errors  Last Runtime    Last Run
--------------------------------------------------  -----  ---------  --------  ----------  --------------  -------------------
/opt/airflow/dags/DAG_001_datalake_to_snowflake.py                           0           0  0.36s           2026-02-23T05:51:07
================================================================================
[2026-02-23T05:51:47.480+0000] {manager.py:878} INFO - 
================================================================================
DAG File Processing Stats

File Path                                           PID    Runtime      # DAGs    # Errors  Last Runtime    Last Run
--------------------------------------------------  -----  ---------  --------  ----------  --------------  -------------------
/opt/airflow/dags/DAG_001_datalake_to_snowflake.py                           0           0  0.34s           2026-02-23T05:51:37
================================================================================
[2026-02-23T05:52:18.130+0000] {manager.py:878} INFO - 
================================================================================
DAG File Processing Stats

File Path                                           PID    Runtime      # DAGs    # Errors  Last Runtime    Last Run
--------------------------------------------------  -----  ---------  --------  ----------  --------------  -------------------
/opt/airflow/dags/DAG_001_datalake_to_snowflake.py                           0           0  0.35s           2026-02-23T05:52:08
================================================================================
[2026-02-23T05:52:48.780+0000] {manager.py:878} INFO - 
================================================================================
DAG File Processing Stats

File Path                                           PID    Runtime      # DAGs    # Errors  Last Runtime    Last Run
--------------------------------------------------  -----  ---------  --------  ----------  --------------  -------------------
/opt/airflow/dags/DAG_001_datalake_to_snowflake.py                           0           0  0.39s           2026-02-23T05:52:38
================================================================================
[2026-02-23T05:53:18.824+0000] {manager.py:878} INFO - 
================================================================================
DAG File Processing Stats

File Path                                           PID    Runtime      # DAGs    # Errors  Last Runtime    Last Run
--------------------------------------------------  -----  ---------  --------  ----------  --------------  -------------------
/opt/airflow/dags/DAG_001_datalake_to_snowflake.py                           0           0  0.62s           2026-02-23T05:53:09
================================================================================
[2026-02-23T05:53:31.361+0000] {manager.py:737} INFO - Searching for files in /opt/airflow/dags
[2026-02-23T05:53:31.368+0000] {manager.py:740} INFO - There are 1 files in /opt/airflow/dags
[2026-02-23T05:53:49.241+0000] {manager.py:878} INFO - 
================================================================================
DAG File Processing Stats

File Path                                           PID    Runtime      # DAGs    # Errors  Last Runtime    Last Run
--------------------------------------------------  -----  ---------  --------  ----------  --------------  -------------------
/opt/airflow/dags/DAG_001_datalake_to_snowflake.py                           0           0  0.35s           2026-02-23T05:53:40
================================================================================
[2026-02-23T05:54:19.808+0000] {manager.py:878} INFO - 
================================================================================
DAG File Processing Stats

File Path                                           PID    Runtime      # DAGs    # Errors  Last Runtime    Last Run
--------------------------------------------------  -----  ---------  --------  ----------  --------------  -------------------
/opt/airflow/dags/DAG_001_datalake_to_snowflake.py                           0           0  0.62s           2026-02-23T05:54:11
================================================================================
[2026-02-23T05:54:50.441+0000] {manager.py:878} INFO - 
================================================================================
DAG File Processing Stats

File Path                                           PID    Runtime      # DAGs    # Errors  Last Runtime    Last Run
--------------------------------------------------  -----  ---------  --------  ----------  --------------  -------------------
/opt/airflow/dags/DAG_001_datalake_to_snowflake.py                           0           0  0.34s           2026-02-23T05:54:41
================================================================================
[2026-02-23T05:55:20.501+0000] {manager.py:878} INFO - 
================================================================================
DAG File Processing Stats

File Path                                           PID    Runtime      # DAGs    # Errors  Last Runtime    Last Run
--------------------------------------------------  -----  ---------  --------  ----------  --------------  -------------------
/opt/airflow/dags/DAG_001_datalake_to_snowflake.py                           0           0  0.44s           2026-02-23T05:55:12
================================================================================
[2026-02-23T05:55:50.830+0000] {manager.py:878} INFO - 
================================================================================
DAG File Processing Stats

File Path                                           PID    Runtime      # DAGs    # Errors  Last Runtime    Last Run
--------------------------------------------------  -----  ---------  --------  ----------  --------------  -------------------
/opt/airflow/dags/DAG_001_datalake_to_snowflake.py                           0           0  0.37s           2026-02-23T05:55:43
================================================================================
[2026-02-23T05:56:21.504+0000] {manager.py:878} INFO - 
================================================================================
DAG File Processing Stats

File Path                                           PID    Runtime      # DAGs    # Errors  Last Runtime    Last Run
--------------------------------------------------  -----  ---------  --------  ----------  --------------  -------------------
/opt/airflow/dags/DAG_001_datalake_to_snowflake.py                           0           0  0.34s           2026-02-23T05:56:13
================================================================================
[2026-02-23T05:56:52.125+0000] {manager.py:878} INFO - 
================================================================================
DAG File Processing Stats

File Path                                           PID    Runtime      # DAGs    # Errors  Last Runtime    Last Run
--------------------------------------------------  -----  ---------  --------  ----------  --------------  -------------------
/opt/airflow/dags/DAG_001_datalake_to_snowflake.py                           0           0  0.36s           2026-02-23T05:56:44
================================================================================
[2026-02-23T05:57:22.463+0000] {manager.py:878} INFO - 
================================================================================
DAG File Processing Stats

File Path                                           PID    Runtime      # DAGs    # Errors  Last Runtime    Last Run
--------------------------------------------------  -----  ---------  --------  ----------  --------------  -------------------
/opt/airflow/dags/DAG_001_datalake_to_snowflake.py                           0           0  0.39s           2026-02-23T05:57:14
================================================================================
[2026-02-23T05:57:52.503+0000] {manager.py:878} INFO - 
================================================================================
DAG File Processing Stats

File Path                                           PID    Runtime      # DAGs    # Errors  Last Runtime    Last Run
--------------------------------------------------  -----  ---------  --------  ----------  --------------  -------------------
/opt/airflow/dags/DAG_001_datalake_to_snowflake.py                           0           0  0.35s           2026-02-23T05:57:45
================================================================================
[2026-02-23T05:58:22.835+0000] {manager.py:878} INFO - 
================================================================================
DAG File Processing Stats

File Path                                           PID    Runtime      # DAGs    # Errors  Last Runtime    Last Run
--------------------------------------------------  -----  ---------  --------  ----------  --------------  -------------------
/opt/airflow/dags/DAG_001_datalake_to_snowflake.py                           0           0  0.33s           2026-02-23T05:58:16
================================================================================
[2026-02-23T05:58:31.932+0000] {manager.py:737} INFO - Searching for files in /opt/airflow/dags
[2026-02-23T05:58:31.938+0000] {manager.py:740} INFO - There are 1 files in /opt/airflow/dags
[2026-02-23T05:58:53.473+0000] {manager.py:878} INFO - 
================================================================================
DAG File Processing Stats

File Path                                           PID    Runtime      # DAGs    # Errors  Last Runtime    Last Run
--------------------------------------------------  -----  ---------  --------  ----------  --------------  -------------------
/opt/airflow/dags/DAG_001_datalake_to_snowflake.py                           0           0  0.35s           2026-02-23T05:58:46
================================================================================
[2026-02-23T05:59:23.807+0000] {manager.py:878} INFO - 
================================================================================
DAG File Processing Stats

File Path                                           PID    Runtime      # DAGs    # Errors  Last Runtime    Last Run
--------------------------------------------------  -----  ---------  --------  ----------  --------------  -------------------
/opt/airflow/dags/DAG_001_datalake_to_snowflake.py                           0           0  0.36s           2026-02-23T05:59:17
================================================================================
[2026-02-23T05:59:54.467+0000] {manager.py:878} INFO - 
================================================================================
DAG File Processing Stats

File Path                                           PID    Runtime      # DAGs    # Errors  Last Runtime    Last Run
--------------------------------------------------  -----  ---------  --------  ----------  --------------  -------------------
/opt/airflow/dags/DAG_001_datalake_to_snowflake.py                           0           0  0.35s           2026-02-23T05:59:47
================================================================================
[2026-02-23T06:00:24.562+0000] {manager.py:878} INFO - 
================================================================================
DAG File Processing Stats

File Path                                           PID    Runtime      # DAGs    # Errors  Last Runtime    Last Run
--------------------------------------------------  -----  ---------  --------  ----------  --------------  -------------------
/opt/airflow/dags/DAG_001_datalake_to_snowflake.py                           0           0  0.65s           2026-02-23T06:00:18
================================================================================
[2026-02-23T06:50:09.355+0000] {manager.py:737} INFO - Searching for files in /opt/airflow/dags
[2026-02-23T06:50:09.357+0000] {manager.py:740} INFO - There are 1 files in /opt/airflow/dags
[2026-02-23T06:50:32.685+0000] {manager.py:878} INFO - 
================================================================================
DAG File Processing Stats

File Path                                           PID    Runtime      # DAGs    # Errors  Last Runtime    Last Run
--------------------------------------------------  -----  ---------  --------  ----------  --------------  -------------------
/opt/airflow/dags/DAG_001_datalake_to_snowflake.py                           0           0  0.33s           2026-02-23T06:50:09
================================================================================
[2026-02-23T08:01:16.585+0000] {manager.py:737} INFO - Searching for files in /opt/airflow/dags
[2026-02-23T08:01:16.588+0000] {manager.py:740} INFO - There are 1 files in /opt/airflow/dags
[2026-02-23T08:01:40.214+0000] {manager.py:878} INFO - 
================================================================================
DAG File Processing Stats

File Path                                           PID    Runtime      # DAGs    # Errors  Last Runtime    Last Run
--------------------------------------------------  -----  ---------  --------  ----------  --------------  -------------------
/opt/airflow/dags/DAG_001_datalake_to_snowflake.py                           0           0  0.33s           2026-02-23T08:01:16
================================================================================
[2026-02-23T08:18:28.313+0000] {manager.py:737} INFO - Searching for files in /opt/airflow/dags
[2026-02-23T08:18:28.318+0000] {manager.py:740} INFO - There are 1 files in /opt/airflow/dags
[2026-02-23T08:18:51.879+0000] {manager.py:878} INFO - 
================================================================================
DAG File Processing Stats

File Path                                           PID    Runtime      # DAGs    # Errors  Last Runtime    Last Run
--------------------------------------------------  -----  ---------  --------  ----------  --------------  -------------------
/opt/airflow/dags/DAG_001_datalake_to_snowflake.py                           0           0  0.33s           2026-02-23T08:18:28
================================================================================
[2026-02-23T09:09:24.238+0000] {manager.py:737} INFO - Searching for files in /opt/airflow/dags
[2026-02-23T09:09:24.242+0000] {manager.py:740} INFO - There are 1 files in /opt/airflow/dags
[2026-02-23T09:09:48.548+0000] {manager.py:878} INFO - 
================================================================================
DAG File Processing Stats

File Path                                           PID    Runtime      # DAGs    # Errors  Last Runtime    Last Run
--------------------------------------------------  -----  ---------  --------  ----------  --------------  -------------------
/opt/airflow/dags/DAG_001_datalake_to_snowflake.py                           0           0  0.57s           2026-02-23T09:09:24
================================================================================
[2026-02-23T10:47:46.538+0000] {manager.py:737} INFO - Searching for files in /opt/airflow/dags
[2026-02-23T10:47:46.542+0000] {manager.py:740} INFO - There are 1 files in /opt/airflow/dags
[2026-02-23T10:48:10.885+0000] {manager.py:878} INFO - 
================================================================================
DAG File Processing Stats

File Path                                           PID    Runtime      # DAGs    # Errors  Last Runtime    Last Run
--------------------------------------------------  -----  ---------  --------  ----------  --------------  -------------------
/opt/airflow/dags/DAG_001_datalake_to_snowflake.py                           0           0  0.35s           2026-02-23T10:47:46
================================================================================
[2026-02-23T11:51:17.707+0000] {manager.py:737} INFO - Searching for files in /opt/airflow/dags
[2026-02-23T11:51:17.712+0000] {manager.py:740} INFO - There are 1 files in /opt/airflow/dags
[2026-02-23T11:51:42.194+0000] {manager.py:878} INFO - 
================================================================================
DAG File Processing Stats

File Path                                           PID    Runtime      # DAGs    # Errors  Last Runtime    Last Run
--------------------------------------------------  -----  ---------  --------  ----------  --------------  -------------------
/opt/airflow/dags/DAG_001_datalake_to_snowflake.py                           0           0  0.32s           2026-02-23T11:51:18
================================================================================
[2026-02-23T11:52:12.806+0000] {manager.py:878} INFO - 
================================================================================
DAG File Processing Stats

File Path                                           PID    Runtime      # DAGs    # Errors  Last Runtime    Last Run
--------------------------------------------------  -----  ---------  --------  ----------  --------------  -------------------
/opt/airflow/dags/DAG_001_datalake_to_snowflake.py                           0           0  0.33s           2026-02-23T11:51:48
================================================================================
[2026-02-23T12:00:12.772+0000] {manager.py:737} INFO - Searching for files in /opt/airflow/dags
[2026-02-23T12:00:12.779+0000] {manager.py:740} INFO - There are 1 files in /opt/airflow/dags
[2026-02-23T12:00:38.178+0000] {manager.py:878} INFO - 
================================================================================
DAG File Processing Stats

File Path                                           PID    Runtime      # DAGs    # Errors  Last Runtime    Last Run
--------------------------------------------------  -----  ---------  --------  ----------  --------------  -------------------
/opt/airflow/dags/DAG_001_datalake_to_snowflake.py                           0           0  0.53s           2026-02-23T12:00:13
================================================================================
[2026-02-23T12:16:46.267+0000] {manager.py:737} INFO - Searching for files in /opt/airflow/dags
[2026-02-23T12:16:46.271+0000] {manager.py:740} INFO - There are 1 files in /opt/airflow/dags
[2026-02-23T12:17:12.647+0000] {manager.py:878} INFO - 
================================================================================
DAG File Processing Stats

File Path                                           PID    Runtime      # DAGs    # Errors  Last Runtime    Last Run
--------------------------------------------------  -----  ---------  --------  ----------  --------------  -------------------
/opt/airflow/dags/DAG_001_datalake_to_snowflake.py                           0           0  0.34s           2026-02-23T12:16:46
================================================================================
[2026-02-23T13:57:10.500+0000] {manager.py:737} INFO - Searching for files in /opt/airflow/dags
[2026-02-23T13:57:10.505+0000] {manager.py:740} INFO - There are 1 files in /opt/airflow/dags
[2026-02-23T13:57:37.223+0000] {manager.py:878} INFO - 
================================================================================
DAG File Processing Stats

File Path                                           PID    Runtime      # DAGs    # Errors  Last Runtime    Last Run
--------------------------------------------------  -----  ---------  --------  ----------  --------------  -------------------
/opt/airflow/dags/DAG_001_datalake_to_snowflake.py                           0           0  0.38s           2026-02-23T13:57:10
================================================================================
[2026-02-23T14:18:27.037+0000] {manager.py:737} INFO - Searching for files in /opt/airflow/dags
[2026-02-23T14:18:27.041+0000] {manager.py:740} INFO - There are 1 files in /opt/airflow/dags
[2026-02-23T14:18:53.391+0000] {manager.py:878} INFO - 
================================================================================
DAG File Processing Stats

File Path                                           PID    Runtime      # DAGs    # Errors  Last Runtime    Last Run
--------------------------------------------------  -----  ---------  --------  ----------  --------------  -------------------
/opt/airflow/dags/DAG_001_datalake_to_snowflake.py                           0           0  0.40s           2026-02-23T14:18:27
================================================================================
[2026-02-23T14:46:18.303+0000] {manager.py:737} INFO - Searching for files in /opt/airflow/dags
[2026-02-23T14:46:18.307+0000] {manager.py:740} INFO - There are 1 files in /opt/airflow/dags
[2026-02-23T14:46:45.165+0000] {manager.py:878} INFO - 
================================================================================
DAG File Processing Stats

File Path                                           PID    Runtime      # DAGs    # Errors  Last Runtime    Last Run
--------------------------------------------------  -----  ---------  --------  ----------  --------------  -------------------
/opt/airflow/dags/DAG_001_datalake_to_snowflake.py                           0           0  0.52s           2026-02-23T14:46:18
================================================================================
[2026-02-23T15:02:02.090+0000] {manager.py:737} INFO - Searching for files in /opt/airflow/dags
[2026-02-23T15:02:02.095+0000] {manager.py:740} INFO - There are 1 files in /opt/airflow/dags
[2026-02-23T15:02:29.476+0000] {manager.py:878} INFO - 
================================================================================
DAG File Processing Stats

File Path                                           PID    Runtime      # DAGs    # Errors  Last Runtime    Last Run
--------------------------------------------------  -----  ---------  --------  ----------  --------------  -------------------
/opt/airflow/dags/DAG_001_datalake_to_snowflake.py                           0           0  0.34s           2026-02-23T15:02:02
================================================================================
[2026-02-23T15:03:00.045+0000] {manager.py:878} INFO - 
================================================================================
DAG File Processing Stats

File Path                                           PID    Runtime      # DAGs    # Errors  Last Runtime    Last Run
--------------------------------------------------  -----  ---------  --------  ----------  --------------  -------------------
/opt/airflow/dags/DAG_001_datalake_to_snowflake.py                           0           0  0.34s           2026-02-23T15:02:32
================================================================================
[2026-02-23T15:36:46.508+0000] {manager.py:737} INFO - Searching for files in /opt/airflow/dags
[2026-02-23T15:36:46.512+0000] {manager.py:740} INFO - There are 1 files in /opt/airflow/dags
[2026-02-23T15:37:14.990+0000] {manager.py:878} INFO - 
================================================================================
DAG File Processing Stats

File Path                                           PID    Runtime      # DAGs    # Errors  Last Runtime    Last Run
--------------------------------------------------  -----  ---------  --------  ----------  --------------  -------------------
/opt/airflow/dags/DAG_001_datalake_to_snowflake.py                           0           0  0.34s           2026-02-23T15:36:46
================================================================================
[2026-02-23T15:37:45.497+0000] {manager.py:878} INFO - 
================================================================================
DAG File Processing Stats

File Path                                           PID    Runtime      # DAGs    # Errors  Last Runtime    Last Run
--------------------------------------------------  -----  ---------  --------  ----------  --------------  -------------------
/opt/airflow/dags/DAG_001_datalake_to_snowflake.py                           0           0  0.43s           2026-02-23T15:37:17
================================================================================
[2026-02-23T15:52:47.282+0000] {manager.py:737} INFO - Searching for files in /opt/airflow/dags
[2026-02-23T15:52:47.287+0000] {manager.py:740} INFO - There are 1 files in /opt/airflow/dags
[2026-02-23T15:53:16.922+0000] {manager.py:878} INFO - 
================================================================================
DAG File Processing Stats

File Path                                           PID    Runtime      # DAGs    # Errors  Last Runtime    Last Run
--------------------------------------------------  -----  ---------  --------  ----------  --------------  -------------------
/opt/airflow/dags/DAG_001_datalake_to_snowflake.py                           0           0  0.37s           2026-02-23T15:52:47
================================================================================
[2026-02-23T15:57:47.421+0000] {manager.py:737} INFO - Searching for files in /opt/airflow/dags
[2026-02-23T15:57:47.426+0000] {manager.py:740} INFO - There are 1 files in /opt/airflow/dags
[2026-02-23T15:58:16.809+0000] {manager.py:878} INFO - 
================================================================================
DAG File Processing Stats

File Path                                           PID    Runtime      # DAGs    # Errors  Last Runtime    Last Run
--------------------------------------------------  -----  ---------  --------  ----------  --------------  -------------------
/opt/airflow/dags/DAG_001_datalake_to_snowflake.py                           0           0  0.35s           2026-02-23T15:57:47
================================================================================
[2026-02-23T15:59:08.812+0000] {manager.py:878} INFO - 
================================================================================
DAG File Processing Stats

File Path                                             PID  Runtime      # DAGs    # Errors  Last Runtime    Last Run
--------------------------------------------------  -----  ---------  --------  ----------  --------------  -------------------
/opt/airflow/dags/DAG_001_datalake_to_snowflake.py   1295  0.03s             0           0  0.34s           2026-02-23T15:58:18
================================================================================
[2026-02-23T15:59:39.767+0000] {manager.py:878} INFO - 
================================================================================
DAG File Processing Stats

File Path                                             PID  Runtime      # DAGs    # Errors  Last Runtime    Last Run
--------------------------------------------------  -----  ---------  --------  ----------  --------------  -------------------
/opt/airflow/dags/DAG_001_datalake_to_snowflake.py   1300  0.01s             0           0  0.60s           2026-02-23T15:59:09
================================================================================
[2026-02-23T16:00:10.172+0000] {manager.py:878} INFO - 
================================================================================
DAG File Processing Stats

File Path                                             PID  Runtime      # DAGs    # Errors  Last Runtime    Last Run
--------------------------------------------------  -----  ---------  --------  ----------  --------------  -------------------
/opt/airflow/dags/DAG_001_datalake_to_snowflake.py   1305  0.00s             0           0  0.35s           2026-02-23T15:59:40
================================================================================
[2026-02-23T16:03:08.306+0000] {manager.py:737} INFO - Searching for files in /opt/airflow/dags
[2026-02-23T16:03:08.314+0000] {manager.py:740} INFO - There are 1 files in /opt/airflow/dags
[2026-02-23T16:03:09.689+0000] {manager.py:878} INFO - 
================================================================================
DAG File Processing Stats

File Path                                           PID    Runtime      # DAGs    # Errors  Last Runtime    Last Run
--------------------------------------------------  -----  ---------  --------  ----------  --------------  -------------------
/opt/airflow/dags/DAG_001_datalake_to_snowflake.py                           0           0  0.35s           2026-02-23T16:03:08
================================================================================
[2026-02-23T16:03:40.055+0000] {manager.py:878} INFO - 
================================================================================
DAG File Processing Stats

File Path                                           PID    Runtime      # DAGs    # Errors  Last Runtime    Last Run
--------------------------------------------------  -----  ---------  --------  ----------  --------------  -------------------
/opt/airflow/dags/DAG_001_datalake_to_snowflake.py                           0           0  0.44s           2026-02-23T16:03:39
================================================================================
[2026-02-23T16:19:05.178+0000] {manager.py:737} INFO - Searching for files in /opt/airflow/dags
[2026-02-23T16:19:05.181+0000] {manager.py:740} INFO - There are 1 files in /opt/airflow/dags
[2026-02-23T16:19:07.216+0000] {manager.py:878} INFO - 
================================================================================
DAG File Processing Stats

File Path                                           PID    Runtime      # DAGs    # Errors  Last Runtime    Last Run
--------------------------------------------------  -----  ---------  --------  ----------  --------------  -------------------
/opt/airflow/dags/DAG_001_datalake_to_snowflake.py                           0           0  0.34s           2026-02-23T16:19:05
================================================================================
[2026-02-23T16:19:37.423+0000] {manager.py:878} INFO - 
================================================================================
DAG File Processing Stats

File Path                                           PID    Runtime      # DAGs    # Errors  Last Runtime    Last Run
--------------------------------------------------  -----  ---------  --------  ----------  --------------  -------------------
/opt/airflow/dags/DAG_001_datalake_to_snowflake.py                           0           0  0.61s           2026-02-23T16:19:36
================================================================================
[2026-02-23T16:20:07.702+0000] {manager.py:878} INFO - 
================================================================================
DAG File Processing Stats

File Path                                           PID    Runtime      # DAGs    # Errors  Last Runtime    Last Run
--------------------------------------------------  -----  ---------  --------  ----------  --------------  -------------------
/opt/airflow/dags/DAG_001_datalake_to_snowflake.py                           0           0  0.32s           2026-02-23T16:20:07
================================================================================
[2026-02-23T16:20:38.274+0000] {manager.py:878} INFO - 
================================================================================
DAG File Processing Stats

File Path                                           PID    Runtime      # DAGs    # Errors  Last Runtime    Last Run
--------------------------------------------------  -----  ---------  --------  ----------  --------------  -------------------
/opt/airflow/dags/DAG_001_datalake_to_snowflake.py                           0           0  0.32s           2026-02-23T16:20:37
================================================================================
[2026-02-23T16:21:08.799+0000] {manager.py:878} INFO - 
================================================================================
DAG File Processing Stats

File Path                                           PID    Runtime      # DAGs    # Errors  Last Runtime    Last Run
--------------------------------------------------  -----  ---------  --------  ----------  --------------  -------------------
/opt/airflow/dags/DAG_001_datalake_to_snowflake.py                           0           0  0.32s           2026-02-23T16:21:08
================================================================================
[2026-02-23T16:21:39.388+0000] {manager.py:878} INFO - 
================================================================================
DAG File Processing Stats

File Path                                           PID    Runtime      # DAGs    # Errors  Last Runtime    Last Run
--------------------------------------------------  -----  ---------  --------  ----------  --------------  -------------------
/opt/airflow/dags/DAG_001_datalake_to_snowflake.py                           0           0  0.33s           2026-02-23T16:21:38
================================================================================
[2026-02-23T16:22:10.023+0000] {manager.py:878} INFO - 
================================================================================
DAG File Processing Stats

File Path                                           PID    Runtime      # DAGs    # Errors  Last Runtime    Last Run
--------------------------------------------------  -----  ---------  --------  ----------  --------------  -------------------
/opt/airflow/dags/DAG_001_datalake_to_snowflake.py                           0           0  0.40s           2026-02-23T16:22:09
================================================================================
[2026-02-23T16:22:40.428+0000] {manager.py:878} INFO - 
================================================================================
DAG File Processing Stats

File Path                                           PID    Runtime      # DAGs    # Errors  Last Runtime    Last Run
--------------------------------------------------  -----  ---------  --------  ----------  --------------  -------------------
/opt/airflow/dags/DAG_001_datalake_to_snowflake.py                           0           0  0.37s           2026-02-23T16:22:39
================================================================================
[2026-02-23T16:23:10.513+0000] {manager.py:878} INFO - 
================================================================================
DAG File Processing Stats

File Path                                           PID    Runtime      # DAGs    # Errors  Last Runtime    Last Run
--------------------------------------------------  -----  ---------  --------  ----------  --------------  -------------------
/opt/airflow/dags/DAG_001_datalake_to_snowflake.py                           0           0  0.36s           2026-02-23T16:23:10
================================================================================
[2026-02-23T16:23:40.557+0000] {manager.py:878} INFO - 
================================================================================
DAG File Processing Stats

File Path                                             PID  Runtime      # DAGs    # Errors  Last Runtime    Last Run
--------------------------------------------------  -----  ---------  --------  ----------  --------------  -------------------
/opt/airflow/dags/DAG_001_datalake_to_snowflake.py   1365  0.00s             0           0  0.36s           2026-02-23T16:23:10
================================================================================
[2026-02-23T16:24:06.138+0000] {manager.py:737} INFO - Searching for files in /opt/airflow/dags
[2026-02-23T16:24:06.143+0000] {manager.py:740} INFO - There are 1 files in /opt/airflow/dags
[2026-02-23T16:24:11.232+0000] {manager.py:878} INFO - 
================================================================================
DAG File Processing Stats

File Path                                             PID  Runtime      # DAGs    # Errors  Last Runtime    Last Run
--------------------------------------------------  -----  ---------  --------  ----------  --------------  -------------------
/opt/airflow/dags/DAG_001_datalake_to_snowflake.py   1370  0.01s             0           0  0.35s           2026-02-23T16:23:40
================================================================================
[2026-02-23T16:24:41.582+0000] {manager.py:878} INFO - 
================================================================================
DAG File Processing Stats

File Path                                             PID  Runtime      # DAGs    # Errors  Last Runtime    Last Run
--------------------------------------------------  -----  ---------  --------  ----------  --------------  -------------------
/opt/airflow/dags/DAG_001_datalake_to_snowflake.py   1375  0.00s             0           0  0.35s           2026-02-23T16:24:11
================================================================================
[2026-02-23T16:25:12.300+0000] {manager.py:878} INFO - 
================================================================================
DAG File Processing Stats

File Path                                             PID  Runtime      # DAGs    # Errors  Last Runtime    Last Run
--------------------------------------------------  -----  ---------  --------  ----------  --------------  -------------------
/opt/airflow/dags/DAG_001_datalake_to_snowflake.py   1380  0.01s             0           0  0.35s           2026-02-23T16:24:41
================================================================================
[2026-02-23T16:39:51.852+0000] {manager.py:737} INFO - Searching for files in /opt/airflow/dags
[2026-02-23T16:39:51.857+0000] {manager.py:740} INFO - There are 1 files in /opt/airflow/dags
[2026-02-23T16:39:59.149+0000] {manager.py:878} INFO - 
================================================================================
DAG File Processing Stats

File Path                                           PID    Runtime      # DAGs    # Errors  Last Runtime    Last Run
--------------------------------------------------  -----  ---------  --------  ----------  --------------  -------------------
/opt/airflow/dags/DAG_001_datalake_to_snowflake.py                           0           0  0.43s           2026-02-23T16:39:52
================================================================================
[2026-02-23T16:40:29.638+0000] {manager.py:878} INFO - 
================================================================================
DAG File Processing Stats

File Path                                           PID    Runtime      # DAGs    # Errors  Last Runtime    Last Run
--------------------------------------------------  -----  ---------  --------  ----------  --------------  -------------------
/opt/airflow/dags/DAG_001_datalake_to_snowflake.py                           0           0  0.34s           2026-02-23T16:40:22
================================================================================
[2026-02-23T17:04:04.964+0000] {manager.py:737} INFO - Searching for files in /opt/airflow/dags
[2026-02-23T17:04:04.971+0000] {manager.py:740} INFO - There are 1 files in /opt/airflow/dags
[2026-02-23T17:04:13.172+0000] {manager.py:878} INFO - 
================================================================================
DAG File Processing Stats

File Path                                           PID    Runtime      # DAGs    # Errors  Last Runtime    Last Run
--------------------------------------------------  -----  ---------  --------  ----------  --------------  -------------------
/opt/airflow/dags/DAG_001_datalake_to_snowflake.py                           0           0  0.42s           2026-02-23T17:04:05
================================================================================
[2026-02-23T17:22:15.966+0000] {manager.py:737} INFO - Searching for files in /opt/airflow/dags
[2026-02-23T17:22:15.971+0000] {manager.py:740} INFO - There are 1 files in /opt/airflow/dags
[2026-02-23T17:22:25.385+0000] {manager.py:878} INFO - 
================================================================================
DAG File Processing Stats

File Path                                           PID    Runtime      # DAGs    # Errors  Last Runtime    Last Run
--------------------------------------------------  -----  ---------  --------  ----------  --------------  -------------------
/opt/airflow/dags/DAG_001_datalake_to_snowflake.py                           0           0  0.35s           2026-02-23T17:22:16
================================================================================
[2026-02-23T18:05:09.945+0000] {manager.py:737} INFO - Searching for files in /opt/airflow/dags
[2026-02-23T18:05:09.950+0000] {manager.py:740} INFO - There are 1 files in /opt/airflow/dags
[2026-02-23T18:05:19.064+0000] {manager.py:878} INFO - 
================================================================================
DAG File Processing Stats

File Path                                           PID    Runtime      # DAGs    # Errors  Last Runtime    Last Run
--------------------------------------------------  -----  ---------  --------  ----------  --------------  -------------------
/opt/airflow/dags/DAG_001_datalake_to_snowflake.py                           0           0  0.34s           2026-02-23T18:05:10
================================================================================
[2026-02-23T18:20:12.697+0000] {manager.py:737} INFO - Searching for files in /opt/airflow/dags
[2026-02-23T18:20:12.703+0000] {manager.py:740} INFO - There are 1 files in /opt/airflow/dags
[2026-02-23T18:20:22.966+0000] {manager.py:878} INFO - 
================================================================================
DAG File Processing Stats

File Path                                           PID    Runtime      # DAGs    # Errors  Last Runtime    Last Run
--------------------------------------------------  -----  ---------  --------  ----------  --------------  -------------------
/opt/airflow/dags/DAG_001_datalake_to_snowflake.py                           0           0  0.34s           2026-02-23T18:20:13
================================================================================
[2026-02-23T18:38:35.117+0000] {manager.py:737} INFO - Searching for files in /opt/airflow/dags
[2026-02-23T18:38:35.123+0000] {manager.py:740} INFO - There are 1 files in /opt/airflow/dags
[2026-02-23T18:38:45.293+0000] {manager.py:878} INFO - 
================================================================================
DAG File Processing Stats

File Path                                           PID    Runtime      # DAGs    # Errors  Last Runtime    Last Run
--------------------------------------------------  -----  ---------  --------  ----------  --------------  -------------------
/opt/airflow/dags/DAG_001_datalake_to_snowflake.py                           0           0  0.33s           2026-02-23T18:38:35
================================================================================
[2026-02-23T19:06:16.065+0000] {manager.py:737} INFO - Searching for files in /opt/airflow/dags
[2026-02-23T19:06:16.071+0000] {manager.py:740} INFO - There are 1 files in /opt/airflow/dags
[2026-02-23T19:06:27.409+0000] {manager.py:878} INFO - 
================================================================================
DAG File Processing Stats

File Path                                           PID    Runtime      # DAGs    # Errors  Last Runtime    Last Run
--------------------------------------------------  -----  ---------  --------  ----------  --------------  -------------------
/opt/airflow/dags/DAG_001_datalake_to_snowflake.py                           0           0  0.33s           2026-02-23T19:06:16
================================================================================
[2026-02-23T19:35:46.900+0000] {manager.py:737} INFO - Searching for files in /opt/airflow/dags
[2026-02-23T19:35:46.906+0000] {manager.py:740} INFO - There are 1 files in /opt/airflow/dags
[2026-02-23T19:35:58.048+0000] {manager.py:878} INFO - 
================================================================================
DAG File Processing Stats

File Path                                           PID    Runtime      # DAGs    # Errors  Last Runtime    Last Run
--------------------------------------------------  -----  ---------  --------  ----------  --------------  -------------------
/opt/airflow/dags/DAG_001_datalake_to_snowflake.py                           0           0  0.34s           2026-02-23T19:35:47
================================================================================
[2026-02-23T19:37:10.946+0000] {manager.py:878} INFO - 
================================================================================
DAG File Processing Stats

File Path                                           PID    Runtime      # DAGs    # Errors  Last Runtime    Last Run
--------------------------------------------------  -----  ---------  --------  ----------  --------------  -------------------
/opt/airflow/dags/DAG_001_datalake_to_snowflake.py                           0           0  0.35s           2026-02-23T19:36:58
================================================================================
[2026-02-23T20:06:58.809+0000] {manager.py:737} INFO - Searching for files in /opt/airflow/dags
[2026-02-23T20:06:58.815+0000] {manager.py:740} INFO - There are 1 files in /opt/airflow/dags
[2026-02-23T20:07:11.157+0000] {manager.py:878} INFO - 
================================================================================
DAG File Processing Stats

File Path                                           PID    Runtime      # DAGs    # Errors  Last Runtime    Last Run
--------------------------------------------------  -----  ---------  --------  ----------  --------------  -------------------
/opt/airflow/dags/DAG_001_datalake_to_snowflake.py                           0           0  3.11s           2026-02-23T20:07:01
================================================================================
[2026-02-23T20:07:41.493+0000] {manager.py:878} INFO - 
================================================================================
DAG File Processing Stats

File Path                                           PID    Runtime      # DAGs    # Errors  Last Runtime    Last Run
--------------------------------------------------  -----  ---------  --------  ----------  --------------  -------------------
/opt/airflow/dags/DAG_001_datalake_to_snowflake.py                           0           0  0.35s           2026-02-23T20:07:32
================================================================================
[2026-02-23T20:17:44.946+0000] {manager.py:737} INFO - Searching for files in /opt/airflow/dags
[2026-02-23T20:17:44.951+0000] {manager.py:740} INFO - There are 1 files in /opt/airflow/dags
[2026-02-23T20:17:58.475+0000] {manager.py:878} INFO - 
================================================================================
DAG File Processing Stats

File Path                                           PID    Runtime      # DAGs    # Errors  Last Runtime    Last Run
--------------------------------------------------  -----  ---------  --------  ----------  --------------  -------------------
/opt/airflow/dags/DAG_001_datalake_to_snowflake.py                           0           0  0.33s           2026-02-23T20:17:45
================================================================================
[2026-02-23T20:19:12.833+0000] {manager.py:878} INFO - 
================================================================================
DAG File Processing Stats

File Path                                           PID    Runtime      # DAGs    # Errors  Last Runtime    Last Run
--------------------------------------------------  -----  ---------  --------  ----------  --------------  -------------------
/opt/airflow/dags/DAG_001_datalake_to_snowflake.py                           0           0  0.33s           2026-02-23T20:18:59
================================================================================
[2026-02-23T20:25:45.042+0000] {manager.py:737} INFO - Searching for files in /opt/airflow/dags
[2026-02-23T20:25:45.047+0000] {manager.py:740} INFO - There are 1 files in /opt/airflow/dags
[2026-02-23T20:25:59.211+0000] {manager.py:878} INFO - 
================================================================================
DAG File Processing Stats

File Path                                           PID    Runtime      # DAGs    # Errors  Last Runtime    Last Run
--------------------------------------------------  -----  ---------  --------  ----------  --------------  -------------------
/opt/airflow/dags/DAG_001_datalake_to_snowflake.py                           0           0  0.33s           2026-02-23T20:25:45
================================================================================
[2026-02-23T20:26:29.829+0000] {manager.py:878} INFO - 
================================================================================
DAG File Processing Stats

File Path                                           PID    Runtime      # DAGs    # Errors  Last Runtime    Last Run
--------------------------------------------------  -----  ---------  --------  ----------  --------------  -------------------
/opt/airflow/dags/DAG_001_datalake_to_snowflake.py                           0           0  0.34s           2026-02-23T20:26:16
================================================================================
[2026-02-23T20:27:41.508+0000] {manager.py:878} INFO - 
================================================================================
DAG File Processing Stats

File Path                                           PID    Runtime      # DAGs    # Errors  Last Runtime    Last Run
--------------------------------------------------  -----  ---------  --------  ----------  --------------  -------------------
/opt/airflow/dags/DAG_001_datalake_to_snowflake.py                           0           0  0.34s           2026-02-23T20:27:26
================================================================================
[2026-02-23T21:08:01.884+0000] {manager.py:737} INFO - Searching for files in /opt/airflow/dags
[2026-02-23T21:08:01.889+0000] {manager.py:740} INFO - There are 1 files in /opt/airflow/dags
[2026-02-23T21:08:17.354+0000] {manager.py:878} INFO - 
================================================================================
DAG File Processing Stats

File Path                                           PID    Runtime      # DAGs    # Errors  Last Runtime    Last Run
--------------------------------------------------  -----  ---------  --------  ----------  --------------  -------------------
/opt/airflow/dags/DAG_001_datalake_to_snowflake.py                           0           0  0.34s           2026-02-23T21:08:02
================================================================================
[2026-02-23T21:59:30.917+0000] {manager.py:737} INFO - Searching for files in /opt/airflow/dags
[2026-02-23T21:59:30.919+0000] {manager.py:740} INFO - There are 1 files in /opt/airflow/dags
[2026-02-23T21:59:47.094+0000] {manager.py:878} INFO - 
================================================================================
DAG File Processing Stats

File Path                                           PID    Runtime      # DAGs    # Errors  Last Runtime    Last Run
--------------------------------------------------  -----  ---------  --------  ----------  --------------  -------------------
/opt/airflow/dags/DAG_001_datalake_to_snowflake.py                           0           0  0.31s           2026-02-23T21:59:31
================================================================================
[2026-02-23T22:02:45.639+0000] {manager.py:878} INFO - 
================================================================================
DAG File Processing Stats

File Path                                           PID    Runtime      # DAGs    # Errors  Last Runtime    Last Run
--------------------------------------------------  -----  ---------  --------  ----------  --------------  -------------------
/opt/airflow/dags/DAG_001_datalake_to_snowflake.py                           0           0  0.33s           2026-02-23T22:02:29
================================================================================
[2026-02-23T22:09:03.432+0000] {manager.py:737} INFO - Searching for files in /opt/airflow/dags
[2026-02-23T22:09:03.439+0000] {manager.py:740} INFO - There are 1 files in /opt/airflow/dags
[2026-02-23T22:09:20.682+0000] {manager.py:878} INFO - 
================================================================================
DAG File Processing Stats

File Path                                           PID    Runtime      # DAGs    # Errors  Last Runtime    Last Run
--------------------------------------------------  -----  ---------  --------  ----------  --------------  -------------------
/opt/airflow/dags/DAG_001_datalake_to_snowflake.py                           0           0  0.41s           2026-02-23T22:09:03
================================================================================
[2026-02-23T22:59:00.989+0000] {manager.py:737} INFO - Searching for files in /opt/airflow/dags
[2026-02-23T22:59:00.993+0000] {manager.py:740} INFO - There are 1 files in /opt/airflow/dags
[2026-02-23T22:59:18.557+0000] {manager.py:878} INFO - 
================================================================================
DAG File Processing Stats

File Path                                           PID    Runtime      # DAGs    # Errors  Last Runtime    Last Run
--------------------------------------------------  -----  ---------  --------  ----------  --------------  -------------------
/opt/airflow/dags/DAG_001_datalake_to_snowflake.py                           0           0  0.33s           2026-02-23T22:59:01
================================================================================
[2026-02-23T22:59:48.981+0000] {manager.py:878} INFO - 
================================================================================
DAG File Processing Stats

File Path                                           PID    Runtime      # DAGs    # Errors  Last Runtime    Last Run
--------------------------------------------------  -----  ---------  --------  ----------  --------------  -------------------
/opt/airflow/dags/DAG_001_datalake_to_snowflake.py                           0           0  0.35s           2026-02-23T22:59:32
================================================================================
[2026-02-23T23:05:17.057+0000] {manager.py:737} INFO - Searching for files in /opt/airflow/dags
[2026-02-23T23:05:17.066+0000] {manager.py:740} INFO - There are 1 files in /opt/airflow/dags
[2026-02-23T23:05:35.519+0000] {manager.py:878} INFO - 
================================================================================
DAG File Processing Stats

File Path                                           PID    Runtime      # DAGs    # Errors  Last Runtime    Last Run
--------------------------------------------------  -----  ---------  --------  ----------  --------------  -------------------
/opt/airflow/dags/DAG_001_datalake_to_snowflake.py                           0           0  0.54s           2026-02-23T23:05:17
================================================================================
[2026-02-23T23:06:06.218+0000] {manager.py:878} INFO - 
================================================================================
DAG File Processing Stats

File Path                                           PID    Runtime      # DAGs    # Errors  Last Runtime    Last Run
--------------------------------------------------  -----  ---------  --------  ----------  --------------  -------------------
/opt/airflow/dags/DAG_001_datalake_to_snowflake.py                           0           0  0.39s           2026-02-23T23:05:48
================================================================================
[2026-02-23T23:06:36.306+0000] {manager.py:878} INFO - 
================================================================================
DAG File Processing Stats

File Path                                           PID    Runtime      # DAGs    # Errors  Last Runtime    Last Run
--------------------------------------------------  -----  ---------  --------  ----------  --------------  -------------------
/opt/airflow/dags/DAG_001_datalake_to_snowflake.py                           0           0  0.64s           2026-02-23T23:06:19
================================================================================
[2026-02-23T23:07:07.240+0000] {manager.py:878} INFO - 
================================================================================
DAG File Processing Stats

File Path                                           PID    Runtime      # DAGs    # Errors  Last Runtime    Last Run
--------------------------------------------------  -----  ---------  --------  ----------  --------------  -------------------
/opt/airflow/dags/DAG_001_datalake_to_snowflake.py                           0           0  0.59s           2026-02-23T23:06:50
================================================================================
[2026-02-23T23:07:37.344+0000] {manager.py:878} INFO - 
================================================================================
DAG File Processing Stats

File Path                                           PID    Runtime      # DAGs    # Errors  Last Runtime    Last Run
--------------------------------------------------  -----  ---------  --------  ----------  --------------  -------------------
/opt/airflow/dags/DAG_001_datalake_to_snowflake.py                           0           0  0.77s           2026-02-23T23:07:21
================================================================================
[2026-02-23T23:08:07.927+0000] {manager.py:878} INFO - 
================================================================================
DAG File Processing Stats

File Path                                           PID    Runtime      # DAGs    # Errors  Last Runtime    Last Run
--------------------------------------------------  -----  ---------  --------  ----------  --------------  -------------------
/opt/airflow/dags/DAG_001_datalake_to_snowflake.py                           0           0  0.65s           2026-02-23T23:07:52
================================================================================
[2026-02-23T23:08:38.176+0000] {manager.py:878} INFO - 
================================================================================
DAG File Processing Stats

File Path                                           PID    Runtime      # DAGs    # Errors  Last Runtime    Last Run
--------------------------------------------------  -----  ---------  --------  ----------  --------------  -------------------
/opt/airflow/dags/DAG_001_datalake_to_snowflake.py                           0           0  0.51s           2026-02-23T23:08:23
================================================================================
[2026-02-23T23:09:08.300+0000] {manager.py:878} INFO - 
================================================================================
DAG File Processing Stats

File Path                                           PID    Runtime      # DAGs    # Errors  Last Runtime    Last Run
--------------------------------------------------  -----  ---------  --------  ----------  --------------  -------------------
/opt/airflow/dags/DAG_001_datalake_to_snowflake.py                           0           0  0.79s           2026-02-23T23:08:54
================================================================================
[2026-02-23T23:09:38.619+0000] {manager.py:878} INFO - 
================================================================================
DAG File Processing Stats

File Path                                           PID    Runtime      # DAGs    # Errors  Last Runtime    Last Run
--------------------------------------------------  -----  ---------  --------  ----------  --------------  -------------------
/opt/airflow/dags/DAG_001_datalake_to_snowflake.py                           0           0  0.36s           2026-02-23T23:09:24
================================================================================
[2026-02-23T23:10:09.072+0000] {manager.py:878} INFO - 
================================================================================
DAG File Processing Stats

File Path                                           PID    Runtime      # DAGs    # Errors  Last Runtime    Last Run
--------------------------------------------------  -----  ---------  --------  ----------  --------------  -------------------
/opt/airflow/dags/DAG_001_datalake_to_snowflake.py                           0           0  0.60s           2026-02-23T23:09:55
================================================================================
[2026-02-23T23:10:17.149+0000] {manager.py:737} INFO - Searching for files in /opt/airflow/dags
[2026-02-23T23:10:17.154+0000] {manager.py:740} INFO - There are 1 files in /opt/airflow/dags
[2026-02-23T23:10:39.360+0000] {manager.py:878} INFO - 
================================================================================
DAG File Processing Stats

File Path                                           PID    Runtime      # DAGs    # Errors  Last Runtime    Last Run
--------------------------------------------------  -----  ---------  --------  ----------  --------------  -------------------
/opt/airflow/dags/DAG_001_datalake_to_snowflake.py                           0           0  0.72s           2026-02-23T23:10:26
================================================================================
[2026-02-23T23:11:09.704+0000] {manager.py:878} INFO - 
================================================================================
DAG File Processing Stats

File Path                                           PID    Runtime      # DAGs    # Errors  Last Runtime    Last Run
--------------------------------------------------  -----  ---------  --------  ----------  --------------  -------------------
/opt/airflow/dags/DAG_001_datalake_to_snowflake.py                           0           0  1.22s           2026-02-23T23:10:57
================================================================================
[2026-02-23T23:11:40.179+0000] {manager.py:878} INFO - 
================================================================================
DAG File Processing Stats

File Path                                           PID    Runtime      # DAGs    # Errors  Last Runtime    Last Run
--------------------------------------------------  -----  ---------  --------  ----------  --------------  -------------------
/opt/airflow/dags/DAG_001_datalake_to_snowflake.py                           0           0  0.47s           2026-02-23T23:11:28
================================================================================
[2026-02-23T23:12:10.341+0000] {manager.py:878} INFO - 
================================================================================
DAG File Processing Stats

File Path                                           PID    Runtime      # DAGs    # Errors  Last Runtime    Last Run
--------------------------------------------------  -----  ---------  --------  ----------  --------------  -------------------
/opt/airflow/dags/DAG_001_datalake_to_snowflake.py                           0           0  0.55s           2026-02-23T23:11:59
================================================================================
[2026-02-23T23:12:40.667+0000] {manager.py:878} INFO - 
================================================================================
DAG File Processing Stats

File Path                                           PID    Runtime      # DAGs    # Errors  Last Runtime    Last Run
--------------------------------------------------  -----  ---------  --------  ----------  --------------  -------------------
/opt/airflow/dags/DAG_001_datalake_to_snowflake.py                           0           0  0.45s           2026-02-23T23:12:30
================================================================================
[2026-02-23T23:13:10.733+0000] {manager.py:878} INFO - 
================================================================================
DAG File Processing Stats

File Path                                           PID    Runtime      # DAGs    # Errors  Last Runtime    Last Run
--------------------------------------------------  -----  ---------  --------  ----------  --------------  -------------------
/opt/airflow/dags/DAG_001_datalake_to_snowflake.py                           0           0  0.37s           2026-02-23T23:13:00
================================================================================
[2026-02-23T23:13:41.674+0000] {manager.py:878} INFO - 
================================================================================
DAG File Processing Stats

File Path                                           PID    Runtime      # DAGs    # Errors  Last Runtime    Last Run
--------------------------------------------------  -----  ---------  --------  ----------  --------------  -------------------
/opt/airflow/dags/DAG_001_datalake_to_snowflake.py                           0           0  0.61s           2026-02-23T23:13:31
================================================================================
[2026-02-23T23:14:11.946+0000] {manager.py:878} INFO - 
================================================================================
DAG File Processing Stats

File Path                                           PID    Runtime      # DAGs    # Errors  Last Runtime    Last Run
--------------------------------------------------  -----  ---------  --------  ----------  --------------  -------------------
/opt/airflow/dags/DAG_001_datalake_to_snowflake.py                           0           0  0.58s           2026-02-23T23:14:02
================================================================================
[2026-02-23T23:14:42.193+0000] {manager.py:878} INFO - 
================================================================================
DAG File Processing Stats

File Path                                           PID    Runtime      # DAGs    # Errors  Last Runtime    Last Run
--------------------------------------------------  -----  ---------  --------  ----------  --------------  -------------------
/opt/airflow/dags/DAG_001_datalake_to_snowflake.py                           0           0  0.38s           2026-02-23T23:14:33
================================================================================
[2026-02-23T23:15:12.536+0000] {manager.py:878} INFO - 
================================================================================
DAG File Processing Stats

File Path                                           PID    Runtime      # DAGs    # Errors  Last Runtime    Last Run
--------------------------------------------------  -----  ---------  --------  ----------  --------------  -------------------
/opt/airflow/dags/DAG_001_datalake_to_snowflake.py                           0           0  0.35s           2026-02-23T23:15:03
================================================================================
[2026-02-23T23:15:17.589+0000] {manager.py:737} INFO - Searching for files in /opt/airflow/dags
[2026-02-23T23:15:17.592+0000] {manager.py:740} INFO - There are 1 files in /opt/airflow/dags
[2026-02-23T23:15:43.144+0000] {manager.py:878} INFO - 
================================================================================
DAG File Processing Stats

File Path                                           PID    Runtime      # DAGs    # Errors  Last Runtime    Last Run
--------------------------------------------------  -----  ---------  --------  ----------  --------------  -------------------
/opt/airflow/dags/DAG_001_datalake_to_snowflake.py                           0           0  0.63s           2026-02-23T23:15:34
================================================================================
[2026-02-23T23:16:13.764+0000] {manager.py:878} INFO - 
================================================================================
DAG File Processing Stats

File Path                                           PID    Runtime      # DAGs    # Errors  Last Runtime    Last Run
--------------------------------------------------  -----  ---------  --------  ----------  --------------  -------------------
/opt/airflow/dags/DAG_001_datalake_to_snowflake.py                           0           0  0.69s           2026-02-23T23:16:05
================================================================================
[2026-02-23T23:16:44.395+0000] {manager.py:878} INFO - 
================================================================================
DAG File Processing Stats

File Path                                           PID    Runtime      # DAGs    # Errors  Last Runtime    Last Run
--------------------------------------------------  -----  ---------  --------  ----------  --------------  -------------------
/opt/airflow/dags/DAG_001_datalake_to_snowflake.py                           0           0  0.40s           2026-02-23T23:16:36
================================================================================
[2026-02-23T23:17:14.785+0000] {manager.py:878} INFO - 
================================================================================
DAG File Processing Stats

File Path                                           PID    Runtime      # DAGs    # Errors  Last Runtime    Last Run
--------------------------------------------------  -----  ---------  --------  ----------  --------------  -------------------
/opt/airflow/dags/DAG_001_datalake_to_snowflake.py                           0           0  0.35s           2026-02-23T23:17:07
================================================================================
[2026-02-23T23:17:45.056+0000] {manager.py:878} INFO - 
================================================================================
DAG File Processing Stats

File Path                                           PID    Runtime      # DAGs    # Errors  Last Runtime    Last Run
--------------------------------------------------  -----  ---------  --------  ----------  --------------  -------------------
/opt/airflow/dags/DAG_001_datalake_to_snowflake.py                           0           0  0.69s           2026-02-23T23:17:38
================================================================================
[2026-02-23T23:18:15.386+0000] {manager.py:878} INFO - 
================================================================================
DAG File Processing Stats

File Path                                           PID    Runtime      # DAGs    # Errors  Last Runtime    Last Run
--------------------------------------------------  -----  ---------  --------  ----------  --------------  -------------------
/opt/airflow/dags/DAG_001_datalake_to_snowflake.py                           0           0  0.36s           2026-02-23T23:18:08
================================================================================
[2026-02-23T23:18:45.416+0000] {manager.py:878} INFO - 
================================================================================
DAG File Processing Stats

File Path                                           PID    Runtime      # DAGs    # Errors  Last Runtime    Last Run
--------------------------------------------------  -----  ---------  --------  ----------  --------------  -------------------
/opt/airflow/dags/DAG_001_datalake_to_snowflake.py                           0           0  0.37s           2026-02-23T23:18:39
================================================================================
[2026-02-23T23:19:15.676+0000] {manager.py:878} INFO - 
================================================================================
DAG File Processing Stats

File Path                                           PID    Runtime      # DAGs    # Errors  Last Runtime    Last Run
--------------------------------------------------  -----  ---------  --------  ----------  --------------  -------------------
/opt/airflow/dags/DAG_001_datalake_to_snowflake.py                           0           0  0.38s           2026-02-23T23:19:09
================================================================================
[2026-02-23T23:19:45.794+0000] {manager.py:878} INFO - 
================================================================================
DAG File Processing Stats

File Path                                           PID    Runtime      # DAGs    # Errors  Last Runtime    Last Run
--------------------------------------------------  -----  ---------  --------  ----------  --------------  -------------------
/opt/airflow/dags/DAG_001_datalake_to_snowflake.py                           0           0  0.45s           2026-02-23T23:19:40
================================================================================
[2026-02-23T23:20:16.141+0000] {manager.py:878} INFO - 
================================================================================
DAG File Processing Stats

File Path                                           PID    Runtime      # DAGs    # Errors  Last Runtime    Last Run
--------------------------------------------------  -----  ---------  --------  ----------  --------------  -------------------
/opt/airflow/dags/DAG_001_datalake_to_snowflake.py                           0           0  0.43s           2026-02-23T23:20:11
================================================================================
[2026-02-23T23:20:18.167+0000] {manager.py:737} INFO - Searching for files in /opt/airflow/dags
[2026-02-23T23:20:18.174+0000] {manager.py:740} INFO - There are 1 files in /opt/airflow/dags
[2026-02-23T23:20:46.246+0000] {manager.py:878} INFO - 
================================================================================
DAG File Processing Stats

File Path                                           PID    Runtime      # DAGs    # Errors  Last Runtime    Last Run
--------------------------------------------------  -----  ---------  --------  ----------  --------------  -------------------
/opt/airflow/dags/DAG_001_datalake_to_snowflake.py                           0           0  0.40s           2026-02-23T23:20:42
================================================================================
[2026-02-23T23:21:16.576+0000] {manager.py:878} INFO - 
================================================================================
DAG File Processing Stats

File Path                                           PID    Runtime      # DAGs    # Errors  Last Runtime    Last Run
--------------------------------------------------  -----  ---------  --------  ----------  --------------  -------------------
/opt/airflow/dags/DAG_001_datalake_to_snowflake.py                           0           0  0.38s           2026-02-23T23:21:12
================================================================================
[2026-02-23T23:21:46.736+0000] {manager.py:878} INFO - 
================================================================================
DAG File Processing Stats

File Path                                           PID    Runtime      # DAGs    # Errors  Last Runtime    Last Run
--------------------------------------------------  -----  ---------  --------  ----------  --------------  -------------------
/opt/airflow/dags/DAG_001_datalake_to_snowflake.py                           0           0  0.50s           2026-02-23T23:21:43
================================================================================
[2026-02-23T23:22:17.064+0000] {manager.py:878} INFO - 
================================================================================
DAG File Processing Stats

File Path                                           PID    Runtime      # DAGs    # Errors  Last Runtime    Last Run
--------------------------------------------------  -----  ---------  --------  ----------  --------------  -------------------
/opt/airflow/dags/DAG_001_datalake_to_snowflake.py                           0           0  0.42s           2026-02-23T23:22:14
================================================================================
[2026-02-23T23:22:47.395+0000] {manager.py:878} INFO - 
================================================================================
DAG File Processing Stats

File Path                                           PID    Runtime      # DAGs    # Errors  Last Runtime    Last Run
--------------------------------------------------  -----  ---------  --------  ----------  --------------  -------------------
/opt/airflow/dags/DAG_001_datalake_to_snowflake.py                           0           0  0.99s           2026-02-23T23:22:45
================================================================================
[2026-02-23T23:23:17.725+0000] {manager.py:878} INFO - 
================================================================================
DAG File Processing Stats

File Path                                           PID    Runtime      # DAGs    # Errors  Last Runtime    Last Run
--------------------------------------------------  -----  ---------  --------  ----------  --------------  -------------------
/opt/airflow/dags/DAG_001_datalake_to_snowflake.py                           0           0  0.60s           2026-02-23T23:23:16
================================================================================
[2026-02-23T23:23:48.065+0000] {manager.py:878} INFO - 
================================================================================
DAG File Processing Stats

File Path                                           PID    Runtime      # DAGs    # Errors  Last Runtime    Last Run
--------------------------------------------------  -----  ---------  --------  ----------  --------------  -------------------
/opt/airflow/dags/DAG_001_datalake_to_snowflake.py                           0           0  0.38s           2026-02-23T23:23:47
================================================================================
[2026-02-23T23:24:18.340+0000] {manager.py:878} INFO - 
================================================================================
DAG File Processing Stats

File Path                                             PID  Runtime      # DAGs    # Errors  Last Runtime    Last Run
--------------------------------------------------  -----  ---------  --------  ----------  --------------  -------------------
/opt/airflow/dags/DAG_001_datalake_to_snowflake.py   1685  0.60s             0           0  0.38s           2026-02-23T23:23:47
================================================================================
[2026-02-23T23:24:48.627+0000] {manager.py:878} INFO - 
================================================================================
DAG File Processing Stats

File Path                                             PID  Runtime      # DAGs    # Errors  Last Runtime    Last Run
--------------------------------------------------  -----  ---------  --------  ----------  --------------  -------------------
/opt/airflow/dags/DAG_001_datalake_to_snowflake.py   1690  0.01s             0           0  0.67s           2026-02-23T23:24:18
================================================================================
[2026-02-23T23:25:18.297+0000] {manager.py:737} INFO - Searching for files in /opt/airflow/dags
[2026-02-23T23:25:18.308+0000] {manager.py:740} INFO - There are 1 files in /opt/airflow/dags
[2026-02-23T23:25:18.942+0000] {manager.py:878} INFO - 
================================================================================
DAG File Processing Stats

File Path                                           PID    Runtime      # DAGs    # Errors  Last Runtime    Last Run
--------------------------------------------------  -----  ---------  --------  ----------  --------------  -------------------
/opt/airflow/dags/DAG_001_datalake_to_snowflake.py                           0           0  0.41s           2026-02-23T23:24:49
================================================================================
[2026-02-23T23:25:49.207+0000] {manager.py:878} INFO - 
================================================================================
DAG File Processing Stats

File Path                                           PID    Runtime      # DAGs    # Errors  Last Runtime    Last Run
--------------------------------------------------  -----  ---------  --------  ----------  --------------  -------------------
/opt/airflow/dags/DAG_001_datalake_to_snowflake.py                           0           0  0.69s           2026-02-23T23:25:20
================================================================================
[2026-02-23T23:26:19.540+0000] {manager.py:878} INFO - 
================================================================================
DAG File Processing Stats

File Path                                           PID    Runtime      # DAGs    # Errors  Last Runtime    Last Run
--------------------------------------------------  -----  ---------  --------  ----------  --------------  -------------------
/opt/airflow/dags/DAG_001_datalake_to_snowflake.py                           0           0  0.34s           2026-02-23T23:25:50
================================================================================
[2026-02-23T23:26:49.591+0000] {manager.py:878} INFO - 
================================================================================
DAG File Processing Stats

File Path                                           PID    Runtime      # DAGs    # Errors  Last Runtime    Last Run
--------------------------------------------------  -----  ---------  --------  ----------  --------------  -------------------
/opt/airflow/dags/DAG_001_datalake_to_snowflake.py                           0           0  0.47s           2026-02-23T23:26:21
================================================================================
[2026-02-23T23:27:19.906+0000] {manager.py:878} INFO - 
================================================================================
DAG File Processing Stats

File Path                                           PID    Runtime      # DAGs    # Errors  Last Runtime    Last Run
--------------------------------------------------  -----  ---------  --------  ----------  --------------  -------------------
/opt/airflow/dags/DAG_001_datalake_to_snowflake.py                           0           0  0.38s           2026-02-23T23:26:51
================================================================================
[2026-02-23T23:27:50.163+0000] {manager.py:878} INFO - 
================================================================================
DAG File Processing Stats

File Path                                           PID    Runtime      # DAGs    # Errors  Last Runtime    Last Run
--------------------------------------------------  -----  ---------  --------  ----------  --------------  -------------------
/opt/airflow/dags/DAG_001_datalake_to_snowflake.py                           0           0  0.80s           2026-02-23T23:27:23
================================================================================
[2026-02-23T23:28:20.210+0000] {manager.py:878} INFO - 
================================================================================
DAG File Processing Stats

File Path                                           PID    Runtime      # DAGs    # Errors  Last Runtime    Last Run
--------------------------------------------------  -----  ---------  --------  ----------  --------------  -------------------
/opt/airflow/dags/DAG_001_datalake_to_snowflake.py                           0           0  0.74s           2026-02-23T23:27:53
================================================================================
[2026-02-23T23:28:50.246+0000] {manager.py:878} INFO - 
================================================================================
DAG File Processing Stats

File Path                                           PID    Runtime      # DAGs    # Errors  Last Runtime    Last Run
--------------------------------------------------  -----  ---------  --------  ----------  --------------  -------------------
/opt/airflow/dags/DAG_001_datalake_to_snowflake.py                           0           0  0.66s           2026-02-23T23:28:24
================================================================================
[2026-02-23T23:29:20.358+0000] {manager.py:878} INFO - 
================================================================================
DAG File Processing Stats

File Path                                           PID    Runtime      # DAGs    # Errors  Last Runtime    Last Run
--------------------------------------------------  -----  ---------  --------  ----------  --------------  -------------------
/opt/airflow/dags/DAG_001_datalake_to_snowflake.py                           0           0  0.83s           2026-02-23T23:28:55
================================================================================
[2026-02-23T23:29:50.954+0000] {manager.py:878} INFO - 
================================================================================
DAG File Processing Stats

File Path                                           PID    Runtime      # DAGs    # Errors  Last Runtime    Last Run
--------------------------------------------------  -----  ---------  --------  ----------  --------------  -------------------
/opt/airflow/dags/DAG_001_datalake_to_snowflake.py                           0           0  0.62s           2026-02-23T23:29:27
================================================================================
[2026-02-23T23:30:18.495+0000] {manager.py:737} INFO - Searching for files in /opt/airflow/dags
[2026-02-23T23:30:18.504+0000] {manager.py:740} INFO - There are 1 files in /opt/airflow/dags
[2026-02-23T23:30:21.548+0000] {manager.py:878} INFO - 
================================================================================
DAG File Processing Stats

File Path                                           PID    Runtime      # DAGs    # Errors  Last Runtime    Last Run
--------------------------------------------------  -----  ---------  --------  ----------  --------------  -------------------
/opt/airflow/dags/DAG_001_datalake_to_snowflake.py                           0           0  0.41s           2026-02-23T23:29:57
================================================================================
[2026-02-23T23:30:51.666+0000] {manager.py:878} INFO - 
================================================================================
DAG File Processing Stats

File Path                                           PID    Runtime      # DAGs    # Errors  Last Runtime    Last Run
--------------------------------------------------  -----  ---------  --------  ----------  --------------  -------------------
/opt/airflow/dags/DAG_001_datalake_to_snowflake.py                           0           0  0.46s           2026-02-23T23:30:28
================================================================================
[2026-02-23T23:31:21.996+0000] {manager.py:878} INFO - 
================================================================================
DAG File Processing Stats

File Path                                           PID    Runtime      # DAGs    # Errors  Last Runtime    Last Run
--------------------------------------------------  -----  ---------  --------  ----------  --------------  -------------------
/opt/airflow/dags/DAG_001_datalake_to_snowflake.py                           0           0  0.53s           2026-02-23T23:30:59
================================================================================
[2026-02-23T23:31:52.217+0000] {manager.py:878} INFO - 
================================================================================
DAG File Processing Stats

File Path                                           PID    Runtime      # DAGs    # Errors  Last Runtime    Last Run
--------------------------------------------------  -----  ---------  --------  ----------  --------------  -------------------
/opt/airflow/dags/DAG_001_datalake_to_snowflake.py                           0           0  0.38s           2026-02-23T23:31:30
================================================================================
[2026-02-23T23:32:22.499+0000] {manager.py:878} INFO - 
================================================================================
DAG File Processing Stats

File Path                                           PID    Runtime      # DAGs    # Errors  Last Runtime    Last Run
--------------------------------------------------  -----  ---------  --------  ----------  --------------  -------------------
/opt/airflow/dags/DAG_001_datalake_to_snowflake.py                           0           0  0.38s           2026-02-23T23:32:00
================================================================================
[2026-02-23T23:32:52.670+0000] {manager.py:878} INFO - 
================================================================================
DAG File Processing Stats

File Path                                           PID    Runtime      # DAGs    # Errors  Last Runtime    Last Run
--------------------------------------------------  -----  ---------  --------  ----------  --------------  -------------------
/opt/airflow/dags/DAG_001_datalake_to_snowflake.py                           0           0  0.48s           2026-02-23T23:32:31
================================================================================
[2026-02-23T23:33:22.971+0000] {manager.py:878} INFO - 
================================================================================
DAG File Processing Stats

File Path                                           PID    Runtime      # DAGs    # Errors  Last Runtime    Last Run
--------------------------------------------------  -----  ---------  --------  ----------  --------------  -------------------
/opt/airflow/dags/DAG_001_datalake_to_snowflake.py                           0           0  0.44s           2026-02-23T23:33:02
================================================================================
[2026-02-23T23:33:53.168+0000] {manager.py:878} INFO - 
================================================================================
DAG File Processing Stats

File Path                                           PID    Runtime      # DAGs    # Errors  Last Runtime    Last Run
--------------------------------------------------  -----  ---------  --------  ----------  --------------  -------------------
/opt/airflow/dags/DAG_001_datalake_to_snowflake.py                           0           0  0.45s           2026-02-23T23:33:32
================================================================================
[2026-02-23T23:34:23.483+0000] {manager.py:878} INFO - 
================================================================================
DAG File Processing Stats

File Path                                           PID    Runtime      # DAGs    # Errors  Last Runtime    Last Run
--------------------------------------------------  -----  ---------  --------  ----------  --------------  -------------------
/opt/airflow/dags/DAG_001_datalake_to_snowflake.py                           0           0  0.37s           2026-02-23T23:34:03
================================================================================
[2026-02-23T23:34:53.537+0000] {manager.py:878} INFO - 
================================================================================
DAG File Processing Stats

File Path                                           PID    Runtime      # DAGs    # Errors  Last Runtime    Last Run
--------------------------------------------------  -----  ---------  --------  ----------  --------------  -------------------
/opt/airflow/dags/DAG_001_datalake_to_snowflake.py                           0           0  0.40s           2026-02-23T23:34:34
================================================================================
[2026-02-23T23:35:18.537+0000] {manager.py:737} INFO - Searching for files in /opt/airflow/dags
[2026-02-23T23:35:18.543+0000] {manager.py:740} INFO - There are 1 files in /opt/airflow/dags
[2026-02-23T23:35:23.598+0000] {manager.py:878} INFO - 
================================================================================
DAG File Processing Stats

File Path                                           PID    Runtime      # DAGs    # Errors  Last Runtime    Last Run
--------------------------------------------------  -----  ---------  --------  ----------  --------------  -------------------
/opt/airflow/dags/DAG_001_datalake_to_snowflake.py                           0           0  0.74s           2026-02-23T23:35:05
================================================================================
[2026-02-23T23:35:53.873+0000] {manager.py:878} INFO - 
================================================================================
DAG File Processing Stats

File Path                                           PID    Runtime      # DAGs    # Errors  Last Runtime    Last Run
--------------------------------------------------  -----  ---------  --------  ----------  --------------  -------------------
/opt/airflow/dags/DAG_001_datalake_to_snowflake.py                           0           0  0.39s           2026-02-23T23:35:35
================================================================================
[2026-02-23T23:36:24.428+0000] {manager.py:878} INFO - 
================================================================================
DAG File Processing Stats

File Path                                           PID    Runtime      # DAGs    # Errors  Last Runtime    Last Run
--------------------------------------------------  -----  ---------  --------  ----------  --------------  -------------------
/opt/airflow/dags/DAG_001_datalake_to_snowflake.py                           0           0  0.53s           2026-02-23T23:36:06
================================================================================
[2026-02-23T23:36:54.577+0000] {manager.py:878} INFO - 
================================================================================
DAG File Processing Stats

File Path                                           PID    Runtime      # DAGs    # Errors  Last Runtime    Last Run
--------------------------------------------------  -----  ---------  --------  ----------  --------------  -------------------
/opt/airflow/dags/DAG_001_datalake_to_snowflake.py                           0           0  0.85s           2026-02-23T23:36:37
================================================================================
[2026-02-23T23:37:25.205+0000] {manager.py:878} INFO - 
================================================================================
DAG File Processing Stats

File Path                                           PID    Runtime      # DAGs    # Errors  Last Runtime    Last Run
--------------------------------------------------  -----  ---------  --------  ----------  --------------  -------------------
/opt/airflow/dags/DAG_001_datalake_to_snowflake.py                           0           0  0.51s           2026-02-23T23:37:08
================================================================================
[2026-02-23T23:37:55.658+0000] {manager.py:878} INFO - 
================================================================================
DAG File Processing Stats

File Path                                           PID    Runtime      # DAGs    # Errors  Last Runtime    Last Run
--------------------------------------------------  -----  ---------  --------  ----------  --------------  -------------------
/opt/airflow/dags/DAG_001_datalake_to_snowflake.py                           0           0  0.38s           2026-02-23T23:37:38
================================================================================
[2026-02-23T23:38:26.116+0000] {manager.py:878} INFO - 
================================================================================
DAG File Processing Stats

File Path                                           PID    Runtime      # DAGs    # Errors  Last Runtime    Last Run
--------------------------------------------------  -----  ---------  --------  ----------  --------------  -------------------
/opt/airflow/dags/DAG_001_datalake_to_snowflake.py                           0           0  0.37s           2026-02-23T23:38:09
================================================================================
[2026-02-23T23:38:56.555+0000] {manager.py:878} INFO - 
================================================================================
DAG File Processing Stats

File Path                                           PID    Runtime      # DAGs    # Errors  Last Runtime    Last Run
--------------------------------------------------  -----  ---------  --------  ----------  --------------  -------------------
/opt/airflow/dags/DAG_001_datalake_to_snowflake.py                           0           0  0.38s           2026-02-23T23:38:39
================================================================================
[2026-02-23T23:39:27.034+0000] {manager.py:878} INFO - 
================================================================================
DAG File Processing Stats

File Path                                           PID    Runtime      # DAGs    # Errors  Last Runtime    Last Run
--------------------------------------------------  -----  ---------  --------  ----------  --------------  -------------------
/opt/airflow/dags/DAG_001_datalake_to_snowflake.py                           0           0  0.37s           2026-02-23T23:39:10
================================================================================
[2026-02-23T23:39:57.351+0000] {manager.py:878} INFO - 
================================================================================
DAG File Processing Stats

File Path                                           PID    Runtime      # DAGs    # Errors  Last Runtime    Last Run
--------------------------------------------------  -----  ---------  --------  ----------  --------------  -------------------
/opt/airflow/dags/DAG_001_datalake_to_snowflake.py                           0           0  0.54s           2026-02-23T23:39:40
================================================================================
[2026-02-23T23:40:19.018+0000] {manager.py:737} INFO - Searching for files in /opt/airflow/dags
[2026-02-23T23:40:19.027+0000] {manager.py:740} INFO - There are 1 files in /opt/airflow/dags
[2026-02-23T23:40:27.464+0000] {manager.py:878} INFO - 
================================================================================
DAG File Processing Stats

File Path                                           PID    Runtime      # DAGs    # Errors  Last Runtime    Last Run
--------------------------------------------------  -----  ---------  --------  ----------  --------------  -------------------
/opt/airflow/dags/DAG_001_datalake_to_snowflake.py                           0           0  0.41s           2026-02-23T23:40:11
================================================================================
[2026-02-23T23:40:57.765+0000] {manager.py:878} INFO - 
================================================================================
DAG File Processing Stats

File Path                                           PID    Runtime      # DAGs    # Errors  Last Runtime    Last Run
--------------------------------------------------  -----  ---------  --------  ----------  --------------  -------------------
/opt/airflow/dags/DAG_001_datalake_to_snowflake.py                           0           0  0.38s           2026-02-23T23:40:41
================================================================================
[2026-02-23T23:41:27.838+0000] {manager.py:878} INFO - 
================================================================================
DAG File Processing Stats

File Path                                           PID    Runtime      # DAGs    # Errors  Last Runtime    Last Run
--------------------------------------------------  -----  ---------  --------  ----------  --------------  -------------------
/opt/airflow/dags/DAG_001_datalake_to_snowflake.py                           0           0  0.43s           2026-02-23T23:41:12
================================================================================
[2026-02-23T23:41:58.121+0000] {manager.py:878} INFO - 
================================================================================
DAG File Processing Stats

File Path                                           PID    Runtime      # DAGs    # Errors  Last Runtime    Last Run
--------------------------------------------------  -----  ---------  --------  ----------  --------------  -------------------
/opt/airflow/dags/DAG_001_datalake_to_snowflake.py                           0           0  0.44s           2026-02-23T23:41:43
================================================================================
[2026-02-23T23:42:28.229+0000] {manager.py:878} INFO - 
================================================================================
DAG File Processing Stats

File Path                                           PID    Runtime      # DAGs    # Errors  Last Runtime    Last Run
--------------------------------------------------  -----  ---------  --------  ----------  --------------  -------------------
/opt/airflow/dags/DAG_001_datalake_to_snowflake.py                           0           0  0.39s           2026-02-23T23:42:14
================================================================================
[2026-02-23T23:42:58.556+0000] {manager.py:878} INFO - 
================================================================================
DAG File Processing Stats

File Path                                           PID    Runtime      # DAGs    # Errors  Last Runtime    Last Run
--------------------------------------------------  -----  ---------  --------  ----------  --------------  -------------------
/opt/airflow/dags/DAG_001_datalake_to_snowflake.py                           0           0  0.38s           2026-02-23T23:42:44
================================================================================
[2026-02-23T23:43:29.116+0000] {manager.py:878} INFO - 
================================================================================
DAG File Processing Stats

File Path                                           PID    Runtime      # DAGs    # Errors  Last Runtime    Last Run
--------------------------------------------------  -----  ---------  --------  ----------  --------------  -------------------
/opt/airflow/dags/DAG_001_datalake_to_snowflake.py                           0           0  0.38s           2026-02-23T23:43:15
================================================================================
[2026-02-23T23:43:59.158+0000] {manager.py:878} INFO - 
================================================================================
DAG File Processing Stats

File Path                                           PID    Runtime      # DAGs    # Errors  Last Runtime    Last Run
--------------------------------------------------  -----  ---------  --------  ----------  --------------  -------------------
/opt/airflow/dags/DAG_001_datalake_to_snowflake.py                           0           0  0.38s           2026-02-23T23:43:46
================================================================================
[2026-02-23T23:44:29.495+0000] {manager.py:878} INFO - 
================================================================================
DAG File Processing Stats

File Path                                           PID    Runtime      # DAGs    # Errors  Last Runtime    Last Run
--------------------------------------------------  -----  ---------  --------  ----------  --------------  -------------------
/opt/airflow/dags/DAG_001_datalake_to_snowflake.py                           0           0  0.38s           2026-02-23T23:44:16
================================================================================
[2026-02-23T23:44:59.797+0000] {manager.py:878} INFO - 
================================================================================
DAG File Processing Stats

File Path                                           PID    Runtime      # DAGs    # Errors  Last Runtime    Last Run
--------------------------------------------------  -----  ---------  --------  ----------  --------------  -------------------
/opt/airflow/dags/DAG_001_datalake_to_snowflake.py                           0           0  0.98s           2026-02-23T23:44:48
================================================================================
[2026-02-23T23:45:19.463+0000] {manager.py:737} INFO - Searching for files in /opt/airflow/dags
[2026-02-23T23:45:19.470+0000] {manager.py:740} INFO - There are 1 files in /opt/airflow/dags
[2026-02-23T23:45:30.051+0000] {manager.py:878} INFO - 
================================================================================
DAG File Processing Stats

File Path                                           PID    Runtime      # DAGs    # Errors  Last Runtime    Last Run
--------------------------------------------------  -----  ---------  --------  ----------  --------------  -------------------
/opt/airflow/dags/DAG_001_datalake_to_snowflake.py                           0           0  0.51s           2026-02-23T23:45:18
================================================================================
[2026-02-23T23:46:00.326+0000] {manager.py:878} INFO - 
================================================================================
DAG File Processing Stats

File Path                                           PID    Runtime      # DAGs    # Errors  Last Runtime    Last Run
--------------------------------------------------  -----  ---------  --------  ----------  --------------  -------------------
/opt/airflow/dags/DAG_001_datalake_to_snowflake.py                           0           0  0.50s           2026-02-23T23:45:49
================================================================================
[2026-02-23T23:46:30.624+0000] {manager.py:878} INFO - 
================================================================================
DAG File Processing Stats

File Path                                           PID    Runtime      # DAGs    # Errors  Last Runtime    Last Run
--------------------------------------------------  -----  ---------  --------  ----------  --------------  -------------------
/opt/airflow/dags/DAG_001_datalake_to_snowflake.py                           0           0  0.71s           2026-02-23T23:46:20
================================================================================
[2026-02-23T23:47:01.138+0000] {manager.py:878} INFO - 
================================================================================
DAG File Processing Stats

File Path                                           PID    Runtime      # DAGs    # Errors  Last Runtime    Last Run
--------------------------------------------------  -----  ---------  --------  ----------  --------------  -------------------
/opt/airflow/dags/DAG_001_datalake_to_snowflake.py                           0           0  0.71s           2026-02-23T23:46:51
================================================================================
[2026-02-23T23:47:31.356+0000] {manager.py:878} INFO - 
================================================================================
DAG File Processing Stats

File Path                                           PID    Runtime      # DAGs    # Errors  Last Runtime    Last Run
--------------------------------------------------  -----  ---------  --------  ----------  --------------  -------------------
/opt/airflow/dags/DAG_001_datalake_to_snowflake.py                           0           0  0.40s           2026-02-23T23:47:22
================================================================================
[2026-02-23T23:48:02.264+0000] {manager.py:878} INFO - 
================================================================================
DAG File Processing Stats

File Path                                           PID    Runtime      # DAGs    # Errors  Last Runtime    Last Run
--------------------------------------------------  -----  ---------  --------  ----------  --------------  -------------------
/opt/airflow/dags/DAG_001_datalake_to_snowflake.py                           0           0  0.65s           2026-02-23T23:47:53
================================================================================
[2026-02-23T23:48:32.556+0000] {manager.py:878} INFO - 
================================================================================
DAG File Processing Stats

File Path                                           PID    Runtime      # DAGs    # Errors  Last Runtime    Last Run
--------------------------------------------------  -----  ---------  --------  ----------  --------------  -------------------
/opt/airflow/dags/DAG_001_datalake_to_snowflake.py                           0           0  0.49s           2026-02-23T23:48:23
================================================================================
[2026-02-23T23:49:02.716+0000] {manager.py:878} INFO - 
================================================================================
DAG File Processing Stats

File Path                                           PID    Runtime      # DAGs    # Errors  Last Runtime    Last Run
--------------------------------------------------  -----  ---------  --------  ----------  --------------  -------------------
/opt/airflow/dags/DAG_001_datalake_to_snowflake.py                           0           0  0.50s           2026-02-23T23:48:54
================================================================================
[2026-02-23T23:49:33.026+0000] {manager.py:878} INFO - 
================================================================================
DAG File Processing Stats

File Path                                           PID    Runtime      # DAGs    # Errors  Last Runtime    Last Run
--------------------------------------------------  -----  ---------  --------  ----------  --------------  -------------------
/opt/airflow/dags/DAG_001_datalake_to_snowflake.py                           0           0  0.39s           2026-02-23T23:49:25
================================================================================
[2026-02-23T23:50:03.252+0000] {manager.py:878} INFO - 
================================================================================
DAG File Processing Stats

File Path                                           PID    Runtime      # DAGs    # Errors  Last Runtime    Last Run
--------------------------------------------------  -----  ---------  --------  ----------  --------------  -------------------
/opt/airflow/dags/DAG_001_datalake_to_snowflake.py                           0           0  0.54s           2026-02-23T23:49:56
================================================================================
[2026-02-23T23:50:19.863+0000] {manager.py:737} INFO - Searching for files in /opt/airflow/dags
[2026-02-23T23:50:19.869+0000] {manager.py:740} INFO - There are 1 files in /opt/airflow/dags
[2026-02-23T23:50:33.593+0000] {manager.py:878} INFO - 
================================================================================
DAG File Processing Stats

File Path                                           PID    Runtime      # DAGs    # Errors  Last Runtime    Last Run
--------------------------------------------------  -----  ---------  --------  ----------  --------------  -------------------
/opt/airflow/dags/DAG_001_datalake_to_snowflake.py                           0           0  0.40s           2026-02-23T23:50:26
================================================================================
[2026-02-23T23:51:03.607+0000] {manager.py:878} INFO - 
================================================================================
DAG File Processing Stats

File Path                                           PID    Runtime      # DAGs    # Errors  Last Runtime    Last Run
--------------------------------------------------  -----  ---------  --------  ----------  --------------  -------------------
/opt/airflow/dags/DAG_001_datalake_to_snowflake.py                           0           0  0.38s           2026-02-23T23:50:57
================================================================================
[2026-02-23T23:51:33.909+0000] {manager.py:878} INFO - 
================================================================================
DAG File Processing Stats

File Path                                           PID    Runtime      # DAGs    # Errors  Last Runtime    Last Run
--------------------------------------------------  -----  ---------  --------  ----------  --------------  -------------------
/opt/airflow/dags/DAG_001_datalake_to_snowflake.py                           0           0  0.46s           2026-02-23T23:51:28
================================================================================
[2026-02-23T23:52:04.081+0000] {manager.py:878} INFO - 
================================================================================
DAG File Processing Stats

File Path                                           PID    Runtime      # DAGs    # Errors  Last Runtime    Last Run
--------------------------------------------------  -----  ---------  --------  ----------  --------------  -------------------
/opt/airflow/dags/DAG_001_datalake_to_snowflake.py                           0           0  0.46s           2026-02-23T23:51:59
================================================================================
[2026-02-23T23:52:34.955+0000] {manager.py:878} INFO - 
================================================================================
DAG File Processing Stats

File Path                                           PID    Runtime      # DAGs    # Errors  Last Runtime    Last Run
--------------------------------------------------  -----  ---------  --------  ----------  --------------  -------------------
/opt/airflow/dags/DAG_001_datalake_to_snowflake.py                           0           0  0.59s           2026-02-23T23:52:29
================================================================================
[2026-02-23T23:53:05.045+0000] {manager.py:878} INFO - 
================================================================================
DAG File Processing Stats

File Path                                           PID    Runtime      # DAGs    # Errors  Last Runtime    Last Run
--------------------------------------------------  -----  ---------  --------  ----------  --------------  -------------------
/opt/airflow/dags/DAG_001_datalake_to_snowflake.py                           0           0  0.66s           2026-02-23T23:53:00
================================================================================
[2026-02-23T23:53:35.654+0000] {manager.py:878} INFO - 
================================================================================
DAG File Processing Stats

File Path                                           PID    Runtime      # DAGs    # Errors  Last Runtime    Last Run
--------------------------------------------------  -----  ---------  --------  ----------  --------------  -------------------
/opt/airflow/dags/DAG_001_datalake_to_snowflake.py                           0           0  0.66s           2026-02-23T23:53:31
================================================================================
[2026-02-23T23:54:05.780+0000] {manager.py:878} INFO - 
================================================================================
DAG File Processing Stats

File Path                                           PID    Runtime      # DAGs    # Errors  Last Runtime    Last Run
--------------------------------------------------  -----  ---------  --------  ----------  --------------  -------------------
/opt/airflow/dags/DAG_001_datalake_to_snowflake.py                           0           0  0.49s           2026-02-23T23:54:02
================================================================================
[2026-02-23T23:54:36.588+0000] {manager.py:878} INFO - 
================================================================================
DAG File Processing Stats

File Path                                           PID    Runtime      # DAGs    # Errors  Last Runtime    Last Run
--------------------------------------------------  -----  ---------  --------  ----------  --------------  -------------------
/opt/airflow/dags/DAG_001_datalake_to_snowflake.py                           0           0  0.70s           2026-02-23T23:54:33
================================================================================
[2026-02-23T23:55:07.039+0000] {manager.py:878} INFO - 
================================================================================
DAG File Processing Stats

File Path                                           PID    Runtime      # DAGs    # Errors  Last Runtime    Last Run
--------------------------------------------------  -----  ---------  --------  ----------  --------------  -------------------
/opt/airflow/dags/DAG_001_datalake_to_snowflake.py                           0           0  0.58s           2026-02-23T23:55:04
================================================================================
[2026-02-23T23:55:20.146+0000] {manager.py:737} INFO - Searching for files in /opt/airflow/dags
[2026-02-23T23:55:20.151+0000] {manager.py:740} INFO - There are 1 files in /opt/airflow/dags
[2026-02-23T23:55:37.435+0000] {manager.py:878} INFO - 
================================================================================
DAG File Processing Stats

File Path                                           PID    Runtime      # DAGs    # Errors  Last Runtime    Last Run
--------------------------------------------------  -----  ---------  --------  ----------  --------------  -------------------
/opt/airflow/dags/DAG_001_datalake_to_snowflake.py                           0           0  0.67s           2026-02-23T23:55:35
================================================================================
[2026-02-23T23:56:07.528+0000] {manager.py:878} INFO - 
================================================================================
DAG File Processing Stats

File Path                                           PID    Runtime      # DAGs    # Errors  Last Runtime    Last Run
--------------------------------------------------  -----  ---------  --------  ----------  --------------  -------------------
/opt/airflow/dags/DAG_001_datalake_to_snowflake.py                           0           0  0.67s           2026-02-23T23:56:06
================================================================================
[2026-02-23T23:56:38.155+0000] {manager.py:878} INFO - 
================================================================================
DAG File Processing Stats

File Path                                           PID    Runtime      # DAGs    # Errors  Last Runtime    Last Run
--------------------------------------------------  -----  ---------  --------  ----------  --------------  -------------------
/opt/airflow/dags/DAG_001_datalake_to_snowflake.py                           0           0  0.68s           2026-02-23T23:56:37
================================================================================
[2026-02-23T23:57:08.424+0000] {manager.py:878} INFO - 
================================================================================
DAG File Processing Stats

File Path                                             PID  Runtime      # DAGs    # Errors  Last Runtime    Last Run
--------------------------------------------------  -----  ---------  --------  ----------  --------------  -------------------
/opt/airflow/dags/DAG_001_datalake_to_snowflake.py   2005  0.66s             0           0  0.68s           2026-02-23T23:56:37
================================================================================
[2026-02-23T23:57:38.716+0000] {manager.py:878} INFO - 
================================================================================
DAG File Processing Stats

File Path                                             PID  Runtime      # DAGs    # Errors  Last Runtime    Last Run
--------------------------------------------------  -----  ---------  --------  ----------  --------------  -------------------
/opt/airflow/dags/DAG_001_datalake_to_snowflake.py   2010  0.02s             0           0  0.75s           2026-02-23T23:57:08
================================================================================
[2026-02-23T23:58:09.112+0000] {manager.py:878} INFO - 
================================================================================
DAG File Processing Stats

File Path                                           PID    Runtime      # DAGs    # Errors  Last Runtime    Last Run
--------------------------------------------------  -----  ---------  --------  ----------  --------------  -------------------
/opt/airflow/dags/DAG_001_datalake_to_snowflake.py                           0           0  0.65s           2026-02-23T23:57:39
================================================================================
[2026-02-23T23:58:39.426+0000] {manager.py:878} INFO - 
================================================================================
DAG File Processing Stats

File Path                                           PID    Runtime      # DAGs    # Errors  Last Runtime    Last Run
--------------------------------------------------  -----  ---------  --------  ----------  --------------  -------------------
/opt/airflow/dags/DAG_001_datalake_to_snowflake.py                           0           0  0.69s           2026-02-23T23:58:10
================================================================================
[2026-02-23T23:59:09.875+0000] {manager.py:878} INFO - 
================================================================================
DAG File Processing Stats

File Path                                           PID    Runtime      # DAGs    # Errors  Last Runtime    Last Run
--------------------------------------------------  -----  ---------  --------  ----------  --------------  -------------------
/opt/airflow/dags/DAG_001_datalake_to_snowflake.py                           0           0  0.67s           2026-02-23T23:58:41
================================================================================
[2026-02-23T23:59:40.503+0000] {manager.py:878} INFO - 
================================================================================
DAG File Processing Stats

File Path                                           PID    Runtime      # DAGs    # Errors  Last Runtime    Last Run
--------------------------------------------------  -----  ---------  --------  ----------  --------------  -------------------
/opt/airflow/dags/DAG_001_datalake_to_snowflake.py                           0           0  0.71s           2026-02-23T23:59:12
================================================================================
[2026-02-24T00:00:11.106+0000] {manager.py:878} INFO - 
================================================================================
DAG File Processing Stats

File Path                                           PID    Runtime      # DAGs    # Errors  Last Runtime    Last Run
--------------------------------------------------  -----  ---------  --------  ----------  --------------  -------------------
/opt/airflow/dags/DAG_001_datalake_to_snowflake.py                           0           0  0.65s           2026-02-23T23:59:43
================================================================================
[2026-02-24T00:00:20.319+0000] {manager.py:737} INFO - Searching for files in /opt/airflow/dags
[2026-02-24T00:00:20.330+0000] {manager.py:740} INFO - There are 1 files in /opt/airflow/dags
[2026-02-24T00:00:41.571+0000] {manager.py:878} INFO - 
================================================================================
DAG File Processing Stats

File Path                                           PID    Runtime      # DAGs    # Errors  Last Runtime    Last Run
--------------------------------------------------  -----  ---------  --------  ----------  --------------  -------------------
/opt/airflow/dags/DAG_001_datalake_to_snowflake.py                           0           0  1.00s           2026-02-24T00:00:14
================================================================================
[2026-02-24T00:01:11.713+0000] {manager.py:878} INFO - 
================================================================================
DAG File Processing Stats

File Path                                           PID    Runtime      # DAGs    # Errors  Last Runtime    Last Run
--------------------------------------------------  -----  ---------  --------  ----------  --------------  -------------------
/opt/airflow/dags/DAG_001_datalake_to_snowflake.py                           0           0  0.82s           2026-02-24T00:00:45
================================================================================
[2026-02-24T00:01:42.397+0000] {manager.py:878} INFO - 
================================================================================
DAG File Processing Stats

File Path                                           PID    Runtime      # DAGs    # Errors  Last Runtime    Last Run
--------------------------------------------------  -----  ---------  --------  ----------  --------------  -------------------
/opt/airflow/dags/DAG_001_datalake_to_snowflake.py                           0           0  0.64s           2026-02-24T00:01:16
================================================================================
[2026-02-24T00:02:12.420+0000] {manager.py:878} INFO - 
================================================================================
DAG File Processing Stats

File Path                                           PID    Runtime      # DAGs    # Errors  Last Runtime    Last Run
--------------------------------------------------  -----  ---------  --------  ----------  --------------  -------------------
/opt/airflow/dags/DAG_001_datalake_to_snowflake.py                           0           0  0.71s           2026-02-24T00:01:47
================================================================================
[2026-02-24T00:02:43.209+0000] {manager.py:878} INFO - 
================================================================================
DAG File Processing Stats

File Path                                           PID    Runtime      # DAGs    # Errors  Last Runtime    Last Run
--------------------------------------------------  -----  ---------  --------  ----------  --------------  -------------------
/opt/airflow/dags/DAG_001_datalake_to_snowflake.py                           0           0  0.57s           2026-02-24T00:02:18
================================================================================
[2026-02-24T00:03:13.604+0000] {manager.py:878} INFO - 
================================================================================
DAG File Processing Stats

File Path                                           PID    Runtime      # DAGs    # Errors  Last Runtime    Last Run
--------------------------------------------------  -----  ---------  --------  ----------  --------------  -------------------
/opt/airflow/dags/DAG_001_datalake_to_snowflake.py                           0           0  0.38s           2026-02-24T00:02:48
================================================================================
[2026-02-24T00:03:44.175+0000] {manager.py:878} INFO - 
================================================================================
DAG File Processing Stats

File Path                                           PID    Runtime      # DAGs    # Errors  Last Runtime    Last Run
--------------------------------------------------  -----  ---------  --------  ----------  --------------  -------------------
/opt/airflow/dags/DAG_001_datalake_to_snowflake.py                           0           0  0.59s           2026-02-24T00:03:19
================================================================================
[2026-02-24T00:04:14.201+0000] {manager.py:878} INFO - 
================================================================================
DAG File Processing Stats

File Path                                           PID    Runtime      # DAGs    # Errors  Last Runtime    Last Run
--------------------------------------------------  -----  ---------  --------  ----------  --------------  -------------------
/opt/airflow/dags/DAG_001_datalake_to_snowflake.py                           0           0  0.39s           2026-02-24T00:03:49
================================================================================
[2026-02-24T00:04:44.537+0000] {manager.py:878} INFO - 
================================================================================
DAG File Processing Stats

File Path                                           PID    Runtime      # DAGs    # Errors  Last Runtime    Last Run
--------------------------------------------------  -----  ---------  --------  ----------  --------------  -------------------
/opt/airflow/dags/DAG_001_datalake_to_snowflake.py                           0           0  0.38s           2026-02-24T00:04:20
================================================================================
[2026-02-24T00:05:14.611+0000] {manager.py:878} INFO - 
================================================================================
DAG File Processing Stats

File Path                                           PID    Runtime      # DAGs    # Errors  Last Runtime    Last Run
--------------------------------------------------  -----  ---------  --------  ----------  --------------  -------------------
/opt/airflow/dags/DAG_001_datalake_to_snowflake.py                           0           0  0.44s           2026-02-24T00:04:51
================================================================================
[2026-02-24T00:05:20.673+0000] {manager.py:737} INFO - Searching for files in /opt/airflow/dags
[2026-02-24T00:05:20.681+0000] {manager.py:740} INFO - There are 1 files in /opt/airflow/dags
[2026-02-24T00:05:44.959+0000] {manager.py:878} INFO - 
================================================================================
DAG File Processing Stats

File Path                                           PID    Runtime      # DAGs    # Errors  Last Runtime    Last Run
--------------------------------------------------  -----  ---------  --------  ----------  --------------  -------------------
/opt/airflow/dags/DAG_001_datalake_to_snowflake.py                           0           0  0.41s           2026-02-24T00:05:22
================================================================================
[2026-02-24T00:06:15.110+0000] {manager.py:878} INFO - 
================================================================================
DAG File Processing Stats

File Path                                           PID    Runtime      # DAGs    # Errors  Last Runtime    Last Run
--------------------------------------------------  -----  ---------  --------  ----------  --------------  -------------------
/opt/airflow/dags/DAG_001_datalake_to_snowflake.py                           0           0  0.39s           2026-02-24T00:05:52
================================================================================
[2026-02-24T00:06:45.461+0000] {manager.py:878} INFO - 
================================================================================
DAG File Processing Stats

File Path                                           PID    Runtime      # DAGs    # Errors  Last Runtime    Last Run
--------------------------------------------------  -----  ---------  --------  ----------  --------------  -------------------
/opt/airflow/dags/DAG_001_datalake_to_snowflake.py                           0           0  0.34s           2026-02-24T00:06:23
================================================================================
[2026-02-24T00:07:16.058+0000] {manager.py:878} INFO - 
================================================================================
DAG File Processing Stats

File Path                                           PID    Runtime      # DAGs    # Errors  Last Runtime    Last Run
--------------------------------------------------  -----  ---------  --------  ----------  --------------  -------------------
/opt/airflow/dags/DAG_001_datalake_to_snowflake.py                           0           0  0.44s           2026-02-24T00:06:53
================================================================================
[2026-02-24T00:07:46.473+0000] {manager.py:878} INFO - 
================================================================================
DAG File Processing Stats

File Path                                           PID    Runtime      # DAGs    # Errors  Last Runtime    Last Run
--------------------------------------------------  -----  ---------  --------  ----------  --------------  -------------------
/opt/airflow/dags/DAG_001_datalake_to_snowflake.py                           0           0  0.62s           2026-02-24T00:07:24
================================================================================
[2026-02-24T00:08:16.776+0000] {manager.py:878} INFO - 
================================================================================
DAG File Processing Stats

File Path                                           PID    Runtime      # DAGs    # Errors  Last Runtime    Last Run
--------------------------------------------------  -----  ---------  --------  ----------  --------------  -------------------
/opt/airflow/dags/DAG_001_datalake_to_snowflake.py                           0           0  0.73s           2026-02-24T00:07:55
================================================================================
[2026-02-24T00:08:47.321+0000] {manager.py:878} INFO - 
================================================================================
DAG File Processing Stats

File Path                                           PID    Runtime      # DAGs    # Errors  Last Runtime    Last Run
--------------------------------------------------  -----  ---------  --------  ----------  --------------  -------------------
/opt/airflow/dags/DAG_001_datalake_to_snowflake.py                           0           0  0.54s           2026-02-24T00:08:26
================================================================================
[2026-02-24T00:09:17.916+0000] {manager.py:878} INFO - 
================================================================================
DAG File Processing Stats

File Path                                           PID    Runtime      # DAGs    # Errors  Last Runtime    Last Run
--------------------------------------------------  -----  ---------  --------  ----------  --------------  -------------------
/opt/airflow/dags/DAG_001_datalake_to_snowflake.py                           0           0  0.37s           2026-02-24T00:08:56
================================================================================
[2026-02-24T00:09:47.951+0000] {manager.py:878} INFO - 
================================================================================
DAG File Processing Stats

File Path                                           PID    Runtime      # DAGs    # Errors  Last Runtime    Last Run
--------------------------------------------------  -----  ---------  --------  ----------  --------------  -------------------
/opt/airflow/dags/DAG_001_datalake_to_snowflake.py                           0           0  0.70s           2026-02-24T00:09:27
================================================================================
[2026-02-24T00:10:18.685+0000] {manager.py:878} INFO - 
================================================================================
DAG File Processing Stats

File Path                                           PID    Runtime      # DAGs    # Errors  Last Runtime    Last Run
--------------------------------------------------  -----  ---------  --------  ----------  --------------  -------------------
/opt/airflow/dags/DAG_001_datalake_to_snowflake.py                           0           0  0.43s           2026-02-24T00:09:58
================================================================================
[2026-02-24T00:10:20.715+0000] {manager.py:737} INFO - Searching for files in /opt/airflow/dags
[2026-02-24T00:10:20.719+0000] {manager.py:740} INFO - There are 1 files in /opt/airflow/dags
[2026-02-24T00:10:49.058+0000] {manager.py:878} INFO - 
================================================================================
DAG File Processing Stats

File Path                                           PID    Runtime      # DAGs    # Errors  Last Runtime    Last Run
--------------------------------------------------  -----  ---------  --------  ----------  --------------  -------------------
/opt/airflow/dags/DAG_001_datalake_to_snowflake.py                           0           0  0.44s           2026-02-24T00:10:29
================================================================================
[2026-02-24T00:11:19.118+0000] {manager.py:878} INFO - 
================================================================================
DAG File Processing Stats

File Path                                           PID    Runtime      # DAGs    # Errors  Last Runtime    Last Run
--------------------------------------------------  -----  ---------  --------  ----------  --------------  -------------------
/opt/airflow/dags/DAG_001_datalake_to_snowflake.py                           0           0  0.39s           2026-02-24T00:10:59
================================================================================
[2026-02-24T00:11:49.462+0000] {manager.py:878} INFO - 
================================================================================
DAG File Processing Stats

File Path                                           PID    Runtime      # DAGs    # Errors  Last Runtime    Last Run
--------------------------------------------------  -----  ---------  --------  ----------  --------------  -------------------
/opt/airflow/dags/DAG_001_datalake_to_snowflake.py                           0           0  0.67s           2026-02-24T00:11:30
================================================================================
[2026-02-24T00:12:19.523+0000] {manager.py:878} INFO - 
================================================================================
DAG File Processing Stats

File Path                                           PID    Runtime      # DAGs    # Errors  Last Runtime    Last Run
--------------------------------------------------  -----  ---------  --------  ----------  --------------  -------------------
/opt/airflow/dags/DAG_001_datalake_to_snowflake.py                           0           0  0.37s           2026-02-24T00:12:01
================================================================================
[2026-02-24T00:12:49.937+0000] {manager.py:878} INFO - 
================================================================================
DAG File Processing Stats

File Path                                           PID    Runtime      # DAGs    # Errors  Last Runtime    Last Run
--------------------------------------------------  -----  ---------  --------  ----------  --------------  -------------------
/opt/airflow/dags/DAG_001_datalake_to_snowflake.py                           0           0  0.54s           2026-02-24T00:12:32
================================================================================
[2026-02-24T00:13:20.232+0000] {manager.py:878} INFO - 
================================================================================
DAG File Processing Stats

File Path                                           PID    Runtime      # DAGs    # Errors  Last Runtime    Last Run
--------------------------------------------------  -----  ---------  --------  ----------  --------------  -------------------
/opt/airflow/dags/DAG_001_datalake_to_snowflake.py                           0           0  0.62s           2026-02-24T00:13:03
================================================================================
[2026-02-24T00:13:50.605+0000] {manager.py:878} INFO - 
================================================================================
DAG File Processing Stats

File Path                                           PID    Runtime      # DAGs    # Errors  Last Runtime    Last Run
--------------------------------------------------  -----  ---------  --------  ----------  --------------  -------------------
/opt/airflow/dags/DAG_001_datalake_to_snowflake.py                           0           0  0.66s           2026-02-24T00:13:34
================================================================================
[2026-02-24T00:14:20.883+0000] {manager.py:878} INFO - 
================================================================================
DAG File Processing Stats

File Path                                           PID    Runtime      # DAGs    # Errors  Last Runtime    Last Run
--------------------------------------------------  -----  ---------  --------  ----------  --------------  -------------------
/opt/airflow/dags/DAG_001_datalake_to_snowflake.py                           0           0  0.54s           2026-02-24T00:14:04
================================================================================
[2026-02-24T00:14:51.304+0000] {manager.py:878} INFO - 
================================================================================
DAG File Processing Stats

File Path                                           PID    Runtime      # DAGs    # Errors  Last Runtime    Last Run
--------------------------------------------------  -----  ---------  --------  ----------  --------------  -------------------
/opt/airflow/dags/DAG_001_datalake_to_snowflake.py                           0           0  0.49s           2026-02-24T00:14:35
================================================================================
[2026-02-24T00:15:20.797+0000] {manager.py:737} INFO - Searching for files in /opt/airflow/dags
[2026-02-24T00:15:20.840+0000] {manager.py:740} INFO - There are 1 files in /opt/airflow/dags
[2026-02-24T00:15:21.872+0000] {manager.py:878} INFO - 
================================================================================
DAG File Processing Stats

File Path                                           PID    Runtime      # DAGs    # Errors  Last Runtime    Last Run
--------------------------------------------------  -----  ---------  --------  ----------  --------------  -------------------
/opt/airflow/dags/DAG_001_datalake_to_snowflake.py                           0           0  0.64s           2026-02-24T00:15:06
================================================================================
[2026-02-24T00:15:52.512+0000] {manager.py:878} INFO - 
================================================================================
DAG File Processing Stats

File Path                                           PID    Runtime      # DAGs    # Errors  Last Runtime    Last Run
--------------------------------------------------  -----  ---------  --------  ----------  --------------  -------------------
/opt/airflow/dags/DAG_001_datalake_to_snowflake.py                           0           0  0.64s           2026-02-24T00:15:37
================================================================================
[2026-02-24T00:16:22.538+0000] {manager.py:878} INFO - 
================================================================================
DAG File Processing Stats

File Path                                           PID    Runtime      # DAGs    # Errors  Last Runtime    Last Run
--------------------------------------------------  -----  ---------  --------  ----------  --------------  -------------------
/opt/airflow/dags/DAG_001_datalake_to_snowflake.py                           0           0  0.63s           2026-02-24T00:16:08
================================================================================
[2026-02-24T00:16:52.872+0000] {manager.py:878} INFO - 
================================================================================
DAG File Processing Stats

File Path                                           PID    Runtime      # DAGs    # Errors  Last Runtime    Last Run
--------------------------------------------------  -----  ---------  --------  ----------  --------------  -------------------
/opt/airflow/dags/DAG_001_datalake_to_snowflake.py                           0           0  0.39s           2026-02-24T00:16:39
================================================================================
[2026-02-24T00:17:23.101+0000] {manager.py:878} INFO - 
================================================================================
DAG File Processing Stats

File Path                                           PID    Runtime      # DAGs    # Errors  Last Runtime    Last Run
--------------------------------------------------  -----  ---------  --------  ----------  --------------  -------------------
/opt/airflow/dags/DAG_001_datalake_to_snowflake.py                           0           0  0.68s           2026-02-24T00:17:09
================================================================================
[2026-02-24T00:17:53.728+0000] {manager.py:878} INFO - 
================================================================================
DAG File Processing Stats

File Path                                           PID    Runtime      # DAGs    # Errors  Last Runtime    Last Run
--------------------------------------------------  -----  ---------  --------  ----------  --------------  -------------------
/opt/airflow/dags/DAG_001_datalake_to_snowflake.py                           0           0  0.61s           2026-02-24T00:17:40
================================================================================
[2026-02-24T00:18:24.018+0000] {manager.py:878} INFO - 
================================================================================
DAG File Processing Stats

File Path                                           PID    Runtime      # DAGs    # Errors  Last Runtime    Last Run
--------------------------------------------------  -----  ---------  --------  ----------  --------------  -------------------
/opt/airflow/dags/DAG_001_datalake_to_snowflake.py                           0           0  0.69s           2026-02-24T00:18:11
================================================================================
[2026-02-24T01:09:27.302+0000] {manager.py:737} INFO - Searching for files in /opt/airflow/dags
[2026-02-24T01:09:27.306+0000] {manager.py:740} INFO - There are 1 files in /opt/airflow/dags
[2026-02-24T01:09:32.806+0000] {manager.py:878} INFO - 
================================================================================
DAG File Processing Stats

File Path                                           PID    Runtime      # DAGs    # Errors  Last Runtime    Last Run
--------------------------------------------------  -----  ---------  --------  ----------  --------------  -------------------
/opt/airflow/dags/DAG_001_datalake_to_snowflake.py                           0           0  0.36s           2026-02-24T01:09:27
================================================================================
[2026-02-24T02:19:35.442+0000] {manager.py:737} INFO - Searching for files in /opt/airflow/dags
[2026-02-24T02:19:35.446+0000] {manager.py:740} INFO - There are 1 files in /opt/airflow/dags
[2026-02-24T02:19:40.840+0000] {manager.py:878} INFO - 
================================================================================
DAG File Processing Stats

File Path                                           PID    Runtime      # DAGs    # Errors  Last Runtime    Last Run
--------------------------------------------------  -----  ---------  --------  ----------  --------------  -------------------
/opt/airflow/dags/DAG_001_datalake_to_snowflake.py                           0           0  0.33s           2026-02-24T02:19:35
================================================================================
[2026-02-24T02:52:14.359+0000] {manager.py:737} INFO - Searching for files in /opt/airflow/dags
[2026-02-24T02:52:14.363+0000] {manager.py:740} INFO - There are 1 files in /opt/airflow/dags
[2026-02-24T02:52:20.443+0000] {manager.py:878} INFO - 
================================================================================
DAG File Processing Stats

File Path                                           PID    Runtime      # DAGs    # Errors  Last Runtime    Last Run
--------------------------------------------------  -----  ---------  --------  ----------  --------------  -------------------
/opt/airflow/dags/DAG_001_datalake_to_snowflake.py                           0           0  0.38s           2026-02-24T02:52:14
================================================================================
[2026-02-24T03:20:49.286+0000] {manager.py:737} INFO - Searching for files in /opt/airflow/dags
[2026-02-24T03:20:49.296+0000] {manager.py:740} INFO - There are 1 files in /opt/airflow/dags
[2026-02-24T03:20:55.622+0000] {manager.py:878} INFO - 
================================================================================
DAG File Processing Stats

File Path                                           PID    Runtime      # DAGs    # Errors  Last Runtime    Last Run
--------------------------------------------------  -----  ---------  --------  ----------  --------------  -------------------
/opt/airflow/dags/DAG_001_datalake_to_snowflake.py                           0           0  0.38s           2026-02-24T03:20:49
================================================================================
[2026-02-24T04:21:40.031+0000] {manager.py:737} INFO - Searching for files in /opt/airflow/dags
[2026-02-24T04:21:40.036+0000] {manager.py:740} INFO - There are 1 files in /opt/airflow/dags
[2026-02-24T04:21:47.295+0000] {manager.py:878} INFO - 
================================================================================
DAG File Processing Stats

File Path                                           PID    Runtime      # DAGs    # Errors  Last Runtime    Last Run
--------------------------------------------------  -----  ---------  --------  ----------  --------------  -------------------
/opt/airflow/dags/DAG_001_datalake_to_snowflake.py                           0           0  0.39s           2026-02-24T04:21:40
================================================================================
[2026-02-24T05:11:08.605+0000] {manager.py:737} INFO - Searching for files in /opt/airflow/dags
[2026-02-24T05:11:08.609+0000] {manager.py:740} INFO - There are 1 files in /opt/airflow/dags
[2026-02-24T05:11:15.877+0000] {manager.py:878} INFO - 
================================================================================
DAG File Processing Stats

File Path                                           PID    Runtime      # DAGs    # Errors  Last Runtime    Last Run
--------------------------------------------------  -----  ---------  --------  ----------  --------------  -------------------
/opt/airflow/dags/DAG_001_datalake_to_snowflake.py                           0           0  0.36s           2026-02-24T05:11:08
================================================================================
[2026-02-24T05:22:53.888+0000] {manager.py:737} INFO - Searching for files in /opt/airflow/dags
[2026-02-24T05:22:53.894+0000] {manager.py:740} INFO - There are 1 files in /opt/airflow/dags
[2026-02-24T05:23:02.111+0000] {manager.py:878} INFO - 
================================================================================
DAG File Processing Stats

File Path                                           PID    Runtime      # DAGs    # Errors  Last Runtime    Last Run
--------------------------------------------------  -----  ---------  --------  ----------  --------------  -------------------
/opt/airflow/dags/DAG_001_datalake_to_snowflake.py                           0           0  0.34s           2026-02-24T05:22:54
================================================================================
[2026-02-24T05:34:29.734+0000] {manager.py:737} INFO - Searching for files in /opt/airflow/dags
[2026-02-24T05:34:29.751+0000] {manager.py:740} INFO - There are 1 files in /opt/airflow/dags
[2026-02-24T05:34:38.426+0000] {manager.py:878} INFO - 
================================================================================
DAG File Processing Stats

File Path                                           PID    Runtime      # DAGs    # Errors  Last Runtime    Last Run
--------------------------------------------------  -----  ---------  --------  ----------  --------------  -------------------
/opt/airflow/dags/DAG_001_datalake_to_snowflake.py                           0           0  3.55s           2026-02-24T05:34:33
================================================================================
[2026-02-24T05:35:08.767+0000] {manager.py:878} INFO - 
================================================================================
DAG File Processing Stats

File Path                                           PID    Runtime      # DAGs    # Errors  Last Runtime    Last Run
--------------------------------------------------  -----  ---------  --------  ----------  --------------  -------------------
/opt/airflow/dags/DAG_001_datalake_to_snowflake.py                           0           0  0.36s           2026-02-24T05:35:03
================================================================================
[2026-02-24T06:23:46.071+0000] {manager.py:737} INFO - Searching for files in /opt/airflow/dags
[2026-02-24T06:23:46.075+0000] {manager.py:740} INFO - There are 1 files in /opt/airflow/dags
[2026-02-24T06:23:55.214+0000] {manager.py:878} INFO - 
================================================================================
DAG File Processing Stats

File Path                                           PID    Runtime      # DAGs    # Errors  Last Runtime    Last Run
--------------------------------------------------  -----  ---------  --------  ----------  --------------  -------------------
/opt/airflow/dags/DAG_001_datalake_to_snowflake.py                           0           0  0.33s           2026-02-24T06:23:46
================================================================================
[2026-02-24T06:42:00.525+0000] {manager.py:737} INFO - Searching for files in /opt/airflow/dags
[2026-02-24T06:42:00.530+0000] {manager.py:740} INFO - There are 1 files in /opt/airflow/dags
[2026-02-24T06:42:09.836+0000] {manager.py:878} INFO - 
================================================================================
DAG File Processing Stats

File Path                                           PID    Runtime      # DAGs    # Errors  Last Runtime    Last Run
--------------------------------------------------  -----  ---------  --------  ----------  --------------  -------------------
/opt/airflow/dags/DAG_001_datalake_to_snowflake.py                           0           0  0.34s           2026-02-24T06:42:00
================================================================================
[2026-02-24T06:42:41.747+0000] {manager.py:878} INFO - 
================================================================================
DAG File Processing Stats

File Path                                           PID    Runtime      # DAGs    # Errors  Last Runtime    Last Run
--------------------------------------------------  -----  ---------  --------  ----------  --------------  -------------------
/opt/airflow/dags/DAG_001_datalake_to_snowflake.py                           0           0  0.38s           2026-02-24T06:42:31
================================================================================
[2026-02-24T07:16:16.345+0000] {manager.py:737} INFO - Searching for files in /opt/airflow/dags
[2026-02-24T07:16:16.349+0000] {manager.py:740} INFO - There are 1 files in /opt/airflow/dags
[2026-02-24T07:16:27.021+0000] {manager.py:878} INFO - 
================================================================================
DAG File Processing Stats

File Path                                           PID    Runtime      # DAGs    # Errors  Last Runtime    Last Run
--------------------------------------------------  -----  ---------  --------  ----------  --------------  -------------------
/opt/airflow/dags/DAG_001_datalake_to_snowflake.py                           0           0  0.57s           2026-02-24T07:16:16
================================================================================
[2026-02-24T07:24:57.498+0000] {manager.py:737} INFO - Searching for files in /opt/airflow/dags
[2026-02-24T07:24:57.505+0000] {manager.py:740} INFO - There are 1 files in /opt/airflow/dags
[2026-02-24T07:25:07.960+0000] {manager.py:878} INFO - 
================================================================================
DAG File Processing Stats

File Path                                           PID    Runtime      # DAGs    # Errors  Last Runtime    Last Run
--------------------------------------------------  -----  ---------  --------  ----------  --------------  -------------------
/opt/airflow/dags/DAG_001_datalake_to_snowflake.py                           0           0  0.34s           2026-02-24T07:24:57
================================================================================
[2026-02-24T07:50:46.862+0000] {manager.py:737} INFO - Searching for files in /opt/airflow/dags
[2026-02-24T07:50:46.865+0000] {manager.py:740} INFO - There are 1 files in /opt/airflow/dags
[2026-02-24T07:50:57.987+0000] {manager.py:878} INFO - 
================================================================================
DAG File Processing Stats

File Path                                           PID    Runtime      # DAGs    # Errors  Last Runtime    Last Run
--------------------------------------------------  -----  ---------  --------  ----------  --------------  -------------------
/opt/airflow/dags/DAG_001_datalake_to_snowflake.py                           0           0  0.32s           2026-02-24T07:50:47
================================================================================
[2026-02-24T08:07:29.458+0000] {manager.py:737} INFO - Searching for files in /opt/airflow/dags
[2026-02-24T08:07:29.462+0000] {manager.py:740} INFO - There are 1 files in /opt/airflow/dags
[2026-02-24T08:07:40.592+0000] {manager.py:878} INFO - 
================================================================================
DAG File Processing Stats

File Path                                           PID    Runtime      # DAGs    # Errors  Last Runtime    Last Run
--------------------------------------------------  -----  ---------  --------  ----------  --------------  -------------------
/opt/airflow/dags/DAG_001_datalake_to_snowflake.py                           0           0  0.33s           2026-02-24T08:07:29
================================================================================
[2026-02-24T08:08:10.682+0000] {manager.py:878} INFO - 
================================================================================
DAG File Processing Stats

File Path                                           PID    Runtime      # DAGs    # Errors  Last Runtime    Last Run
--------------------------------------------------  -----  ---------  --------  ----------  --------------  -------------------
/opt/airflow/dags/DAG_001_datalake_to_snowflake.py                           0           0  0.36s           2026-02-24T08:08:00
================================================================================
[2026-02-24T09:45:54.628+0000] {manager.py:737} INFO - Searching for files in /opt/airflow/dags
[2026-02-24T09:45:54.633+0000] {manager.py:740} INFO - There are 1 files in /opt/airflow/dags
[2026-02-24T09:46:05.786+0000] {manager.py:878} INFO - 
================================================================================
DAG File Processing Stats

File Path                                           PID    Runtime      # DAGs    # Errors  Last Runtime    Last Run
--------------------------------------------------  -----  ---------  --------  ----------  --------------  -------------------
/opt/airflow/dags/DAG_001_datalake_to_snowflake.py                           0           0  0.33s           2026-02-24T09:45:54
================================================================================
[2026-02-24T10:53:14.691+0000] {manager.py:737} INFO - Searching for files in /opt/airflow/dags
[2026-02-24T10:53:14.696+0000] {manager.py:740} INFO - There are 1 files in /opt/airflow/dags
[2026-02-24T10:53:26.854+0000] {manager.py:878} INFO - 
================================================================================
DAG File Processing Stats

File Path                                           PID    Runtime      # DAGs    # Errors  Last Runtime    Last Run
--------------------------------------------------  -----  ---------  --------  ----------  --------------  -------------------
/opt/airflow/dags/DAG_001_datalake_to_snowflake.py                           0           0  0.32s           2026-02-24T10:53:15
================================================================================
[2026-02-24T11:22:48.974+0000] {manager.py:737} INFO - Searching for files in /opt/airflow/dags
[2026-02-24T11:22:48.987+0000] {manager.py:740} INFO - There are 1 files in /opt/airflow/dags
[2026-02-24T11:23:00.752+0000] {manager.py:878} INFO - 
================================================================================
DAG File Processing Stats

File Path                                           PID    Runtime      # DAGs    # Errors  Last Runtime    Last Run
--------------------------------------------------  -----  ---------  --------  ----------  --------------  -------------------
/opt/airflow/dags/DAG_001_datalake_to_snowflake.py                           0           0  0.58s           2026-02-24T11:22:49
================================================================================
[2026-02-24T11:23:31.625+0000] {manager.py:878} INFO - 
================================================================================
DAG File Processing Stats

File Path                                           PID    Runtime      # DAGs    # Errors  Last Runtime    Last Run
--------------------------------------------------  -----  ---------  --------  ----------  --------------  -------------------
/opt/airflow/dags/DAG_001_datalake_to_snowflake.py                           0           0  0.35s           2026-02-24T11:23:20
================================================================================
[2026-02-24T12:44:15.500+0000] {manager.py:737} INFO - Searching for files in /opt/airflow/dags
[2026-02-24T12:44:15.504+0000] {manager.py:740} INFO - There are 1 files in /opt/airflow/dags
[2026-02-24T12:44:28.706+0000] {manager.py:878} INFO - 
================================================================================
DAG File Processing Stats

File Path                                           PID    Runtime      # DAGs    # Errors  Last Runtime    Last Run
--------------------------------------------------  -----  ---------  --------  ----------  --------------  -------------------
/opt/airflow/dags/DAG_001_datalake_to_snowflake.py                           0           0  0.36s           2026-02-24T12:44:15
================================================================================
[2026-02-24T13:23:52.649+0000] {manager.py:737} INFO - Searching for files in /opt/airflow/dags
[2026-02-24T13:23:52.655+0000] {manager.py:740} INFO - There are 1 files in /opt/airflow/dags
[2026-02-24T13:24:06.429+0000] {manager.py:878} INFO - 
================================================================================
DAG File Processing Stats

File Path                                           PID    Runtime      # DAGs    # Errors  Last Runtime    Last Run
--------------------------------------------------  -----  ---------  --------  ----------  --------------  -------------------
/opt/airflow/dags/DAG_001_datalake_to_snowflake.py                           0           0  0.59s           2026-02-24T13:23:53
================================================================================
[2026-02-24T14:12:45.042+0000] {manager.py:737} INFO - Searching for files in /opt/airflow/dags
[2026-02-24T14:12:45.046+0000] {manager.py:740} INFO - There are 1 files in /opt/airflow/dags
[2026-02-24T14:12:59.261+0000] {manager.py:878} INFO - 
================================================================================
DAG File Processing Stats

File Path                                           PID    Runtime      # DAGs    # Errors  Last Runtime    Last Run
--------------------------------------------------  -----  ---------  --------  ----------  --------------  -------------------
/opt/airflow/dags/DAG_001_datalake_to_snowflake.py                           0           0  0.36s           2026-02-24T14:12:45
================================================================================
[2026-02-24T14:25:06.221+0000] {manager.py:737} INFO - Searching for files in /opt/airflow/dags
[2026-02-24T14:25:06.226+0000] {manager.py:740} INFO - There are 1 files in /opt/airflow/dags
[2026-02-24T14:25:20.693+0000] {manager.py:878} INFO - 
================================================================================
DAG File Processing Stats

File Path                                           PID    Runtime      # DAGs    # Errors  Last Runtime    Last Run
--------------------------------------------------  -----  ---------  --------  ----------  --------------  -------------------
/opt/airflow/dags/DAG_001_datalake_to_snowflake.py                           0           0  0.40s           2026-02-24T14:25:06
================================================================================
[2026-02-24T15:25:53.085+0000] {manager.py:737} INFO - Searching for files in /opt/airflow/dags
[2026-02-24T15:25:53.117+0000] {manager.py:740} INFO - There are 1 files in /opt/airflow/dags
[2026-02-24T15:26:07.956+0000] {manager.py:878} INFO - 
================================================================================
DAG File Processing Stats

File Path                                           PID    Runtime      # DAGs    # Errors  Last Runtime    Last Run
--------------------------------------------------  -----  ---------  --------  ----------  --------------  -------------------
/opt/airflow/dags/DAG_001_datalake_to_snowflake.py                           0           0  2.54s           2026-02-24T15:25:56
================================================================================
[2026-02-24T15:26:38.325+0000] {manager.py:878} INFO - 
================================================================================
DAG File Processing Stats

File Path                                           PID    Runtime      # DAGs    # Errors  Last Runtime    Last Run
--------------------------------------------------  -----  ---------  --------  ----------  --------------  -------------------
/opt/airflow/dags/DAG_001_datalake_to_snowflake.py                           0           0  0.45s           2026-02-24T15:26:27
================================================================================
[2026-02-24T16:03:56.262+0000] {manager.py:737} INFO - Searching for files in /opt/airflow/dags
[2026-02-24T16:03:56.269+0000] {manager.py:740} INFO - There are 1 files in /opt/airflow/dags
[2026-02-24T16:04:11.966+0000] {manager.py:878} INFO - 
================================================================================
DAG File Processing Stats

File Path                                           PID    Runtime      # DAGs    # Errors  Last Runtime    Last Run
--------------------------------------------------  -----  ---------  --------  ----------  --------------  -------------------
/opt/airflow/dags/DAG_001_datalake_to_snowflake.py                           0           0  0.71s           2026-02-24T16:03:56
================================================================================
[2026-02-24T16:04:42.416+0000] {manager.py:878} INFO - 
================================================================================
DAG File Processing Stats

File Path                                           PID    Runtime      # DAGs    # Errors  Last Runtime    Last Run
--------------------------------------------------  -----  ---------  --------  ----------  --------------  -------------------
/opt/airflow/dags/DAG_001_datalake_to_snowflake.py                           0           0  0.40s           2026-02-24T16:04:27
================================================================================
[2026-02-24T16:22:00.128+0000] {manager.py:737} INFO - Searching for files in /opt/airflow/dags
[2026-02-24T16:22:00.134+0000] {manager.py:740} INFO - There are 1 files in /opt/airflow/dags
[2026-02-24T16:22:16.675+0000] {manager.py:878} INFO - 
================================================================================
DAG File Processing Stats

File Path                                           PID    Runtime      # DAGs    # Errors  Last Runtime    Last Run
--------------------------------------------------  -----  ---------  --------  ----------  --------------  -------------------
/opt/airflow/dags/DAG_001_datalake_to_snowflake.py                           0           0  0.35s           2026-02-24T16:22:00
================================================================================
[2026-02-24T16:27:00.363+0000] {manager.py:737} INFO - Searching for files in /opt/airflow/dags
[2026-02-24T16:27:00.368+0000] {manager.py:740} INFO - There are 1 files in /opt/airflow/dags
[2026-02-24T16:27:12.525+0000] {manager.py:878} INFO - 
================================================================================
DAG File Processing Stats

File Path                                           PID    Runtime      # DAGs    # Errors  Last Runtime    Last Run
--------------------------------------------------  -----  ---------  --------  ----------  --------------  -------------------
/opt/airflow/dags/DAG_001_datalake_to_snowflake.py                           0           0  0.34s           2026-02-24T16:26:56
================================================================================
[2026-02-24T16:59:03.414+0000] {manager.py:737} INFO - Searching for files in /opt/airflow/dags
[2026-02-24T16:59:03.417+0000] {manager.py:740} INFO - There are 1 files in /opt/airflow/dags
[2026-02-24T16:59:20.768+0000] {manager.py:878} INFO - 
================================================================================
DAG File Processing Stats

File Path                                           PID    Runtime      # DAGs    # Errors  Last Runtime    Last Run
--------------------------------------------------  -----  ---------  --------  ----------  --------------  -------------------
/opt/airflow/dags/DAG_001_datalake_to_snowflake.py                           0           0  0.47s           2026-02-24T16:59:03
================================================================================
[2026-02-24T17:16:25.142+0000] {manager.py:737} INFO - Searching for files in /opt/airflow/dags
[2026-02-24T17:16:25.147+0000] {manager.py:740} INFO - There are 1 files in /opt/airflow/dags
[2026-02-24T17:16:42.765+0000] {manager.py:878} INFO - 
================================================================================
DAG File Processing Stats

File Path                                           PID    Runtime      # DAGs    # Errors  Last Runtime    Last Run
--------------------------------------------------  -----  ---------  --------  ----------  --------------  -------------------
/opt/airflow/dags/DAG_001_datalake_to_snowflake.py                           0           0  0.41s           2026-02-24T17:16:25
================================================================================
[2026-02-24T17:17:13.354+0000] {manager.py:878} INFO - 
================================================================================
DAG File Processing Stats

File Path                                           PID    Runtime      # DAGs    # Errors  Last Runtime    Last Run
--------------------------------------------------  -----  ---------  --------  ----------  --------------  -------------------
/opt/airflow/dags/DAG_001_datalake_to_snowflake.py                           0           0  0.39s           2026-02-24T17:16:56
================================================================================
[2026-02-24T17:27:59.890+0000] {manager.py:737} INFO - Searching for files in /opt/airflow/dags
[2026-02-24T17:27:59.897+0000] {manager.py:740} INFO - There are 1 files in /opt/airflow/dags
[2026-02-24T17:28:19.156+0000] {manager.py:878} INFO - 
================================================================================
DAG File Processing Stats

File Path                                           PID    Runtime      # DAGs    # Errors  Last Runtime    Last Run
--------------------------------------------------  -----  ---------  --------  ----------  --------------  -------------------
/opt/airflow/dags/DAG_001_datalake_to_snowflake.py                           0           0  0.41s           2026-02-24T17:28:00
================================================================================
[2026-02-24T17:44:15.225+0000] {manager.py:737} INFO - Searching for files in /opt/airflow/dags
[2026-02-24T17:44:15.229+0000] {manager.py:740} INFO - There are 1 files in /opt/airflow/dags
[2026-02-24T17:44:34.475+0000] {manager.py:878} INFO - 
================================================================================
DAG File Processing Stats

File Path                                           PID    Runtime      # DAGs    # Errors  Last Runtime    Last Run
--------------------------------------------------  -----  ---------  --------  ----------  --------------  -------------------
/opt/airflow/dags/DAG_001_datalake_to_snowflake.py                           0           0  0.34s           2026-02-24T17:44:15
================================================================================
[2026-02-24T17:45:09.369+0000] {manager.py:878} INFO - 
================================================================================
DAG File Processing Stats

File Path                                           PID    Runtime      # DAGs    # Errors  Last Runtime    Last Run
--------------------------------------------------  -----  ---------  --------  ----------  --------------  -------------------
/opt/airflow/dags/DAG_001_datalake_to_snowflake.py                           0           0  0.36s           2026-02-24T17:44:49
================================================================================
[2026-02-24T17:45:40.991+0000] {manager.py:878} INFO - 
================================================================================
DAG File Processing Stats

File Path                                           PID    Runtime      # DAGs    # Errors  Last Runtime    Last Run
--------------------------------------------------  -----  ---------  --------  ----------  --------------  -------------------
/opt/airflow/dags/DAG_001_datalake_to_snowflake.py                           0           0  0.64s           2026-02-24T17:45:21
================================================================================
[2026-02-24T17:46:11.276+0000] {manager.py:878} INFO - 
================================================================================
DAG File Processing Stats

File Path                                           PID    Runtime      # DAGs    # Errors  Last Runtime    Last Run
--------------------------------------------------  -----  ---------  --------  ----------  --------------  -------------------
/opt/airflow/dags/DAG_001_datalake_to_snowflake.py                           0           0  0.63s           2026-02-24T17:45:52
================================================================================
[2026-02-24T17:46:41.771+0000] {manager.py:878} INFO - 
================================================================================
DAG File Processing Stats

File Path                                           PID    Runtime      # DAGs    # Errors  Last Runtime    Last Run
--------------------------------------------------  -----  ---------  --------  ----------  --------------  -------------------
/opt/airflow/dags/DAG_001_datalake_to_snowflake.py                           0           0  3.14s           2026-02-24T17:46:25
================================================================================
[2026-02-24T17:47:11.886+0000] {manager.py:878} INFO - 
================================================================================
DAG File Processing Stats

File Path                                           PID    Runtime      # DAGs    # Errors  Last Runtime    Last Run
--------------------------------------------------  -----  ---------  --------  ----------  --------------  -------------------
/opt/airflow/dags/DAG_001_datalake_to_snowflake.py                           0           0  0.73s           2026-02-24T17:46:56
================================================================================
[2026-02-24T17:47:42.528+0000] {manager.py:878} INFO - 
================================================================================
DAG File Processing Stats

File Path                                           PID    Runtime      # DAGs    # Errors  Last Runtime    Last Run
--------------------------------------------------  -----  ---------  --------  ----------  --------------  -------------------
/opt/airflow/dags/DAG_001_datalake_to_snowflake.py                           0           0  0.40s           2026-02-24T17:47:27
================================================================================
[2026-02-24T17:48:12.900+0000] {manager.py:878} INFO - 
================================================================================
DAG File Processing Stats

File Path                                           PID    Runtime      # DAGs    # Errors  Last Runtime    Last Run
--------------------------------------------------  -----  ---------  --------  ----------  --------------  -------------------
/opt/airflow/dags/DAG_001_datalake_to_snowflake.py                           0           0  0.69s           2026-02-24T17:47:58
================================================================================
[2026-02-24T17:48:43.134+0000] {manager.py:878} INFO - 
================================================================================
DAG File Processing Stats

File Path                                           PID    Runtime      # DAGs    # Errors  Last Runtime    Last Run
--------------------------------------------------  -----  ---------  --------  ----------  --------------  -------------------
/opt/airflow/dags/DAG_001_datalake_to_snowflake.py                           0           0  0.63s           2026-02-24T17:48:29
================================================================================
[2026-02-24T17:49:13.786+0000] {manager.py:878} INFO - 
================================================================================
DAG File Processing Stats

File Path                                           PID    Runtime      # DAGs    # Errors  Last Runtime    Last Run
--------------------------------------------------  -----  ---------  --------  ----------  --------------  -------------------
/opt/airflow/dags/DAG_001_datalake_to_snowflake.py                           0           0  0.39s           2026-02-24T17:48:59
================================================================================
[2026-02-24T17:49:15.810+0000] {manager.py:737} INFO - Searching for files in /opt/airflow/dags
[2026-02-24T17:49:15.818+0000] {manager.py:740} INFO - There are 1 files in /opt/airflow/dags
[2026-02-24T17:49:44.305+0000] {manager.py:878} INFO - 
================================================================================
DAG File Processing Stats

File Path                                           PID    Runtime      # DAGs    # Errors  Last Runtime    Last Run
--------------------------------------------------  -----  ---------  --------  ----------  --------------  -------------------
/opt/airflow/dags/DAG_001_datalake_to_snowflake.py                           0           0  0.37s           2026-02-24T17:49:30
================================================================================
[2026-02-24T17:50:14.551+0000] {manager.py:878} INFO - 
================================================================================
DAG File Processing Stats

File Path                                           PID    Runtime      # DAGs    # Errors  Last Runtime    Last Run
--------------------------------------------------  -----  ---------  --------  ----------  --------------  -------------------
/opt/airflow/dags/DAG_001_datalake_to_snowflake.py                           0           0  0.58s           2026-02-24T17:50:01
================================================================================
[2026-02-24T17:50:44.847+0000] {manager.py:878} INFO - 
================================================================================
DAG File Processing Stats

File Path                                           PID    Runtime      # DAGs    # Errors  Last Runtime    Last Run
--------------------------------------------------  -----  ---------  --------  ----------  --------------  -------------------
/opt/airflow/dags/DAG_001_datalake_to_snowflake.py                           0           0  0.39s           2026-02-24T17:50:32
================================================================================
[2026-02-24T17:51:14.953+0000] {manager.py:878} INFO - 
================================================================================
DAG File Processing Stats

File Path                                           PID    Runtime      # DAGs    # Errors  Last Runtime    Last Run
--------------------------------------------------  -----  ---------  --------  ----------  --------------  -------------------
/opt/airflow/dags/DAG_001_datalake_to_snowflake.py                           0           0  0.46s           2026-02-24T17:51:02
================================================================================
[2026-02-24T17:51:45.250+0000] {manager.py:878} INFO - 
================================================================================
DAG File Processing Stats

File Path                                           PID    Runtime      # DAGs    # Errors  Last Runtime    Last Run
--------------------------------------------------  -----  ---------  --------  ----------  --------------  -------------------
/opt/airflow/dags/DAG_001_datalake_to_snowflake.py                           0           0  0.38s           2026-02-24T17:51:33
================================================================================
[2026-02-24T17:52:15.460+0000] {manager.py:878} INFO - 
================================================================================
DAG File Processing Stats

File Path                                           PID    Runtime      # DAGs    # Errors  Last Runtime    Last Run
--------------------------------------------------  -----  ---------  --------  ----------  --------------  -------------------
/opt/airflow/dags/DAG_001_datalake_to_snowflake.py                           0           0  0.48s           2026-02-24T17:52:04
================================================================================
[2026-02-24T17:52:45.761+0000] {manager.py:878} INFO - 
================================================================================
DAG File Processing Stats

File Path                                           PID    Runtime      # DAGs    # Errors  Last Runtime    Last Run
--------------------------------------------------  -----  ---------  --------  ----------  --------------  -------------------
/opt/airflow/dags/DAG_001_datalake_to_snowflake.py                           0           0  0.39s           2026-02-24T17:52:35
================================================================================
[2026-02-24T17:53:15.981+0000] {manager.py:878} INFO - 
================================================================================
DAG File Processing Stats

File Path                                           PID    Runtime      # DAGs    # Errors  Last Runtime    Last Run
--------------------------------------------------  -----  ---------  --------  ----------  --------------  -------------------
/opt/airflow/dags/DAG_001_datalake_to_snowflake.py                           0           0  0.58s           2026-02-24T17:53:05
================================================================================
[2026-02-24T17:53:46.223+0000] {manager.py:878} INFO - 
================================================================================
DAG File Processing Stats

File Path                                           PID    Runtime      # DAGs    # Errors  Last Runtime    Last Run
--------------------------------------------------  -----  ---------  --------  ----------  --------------  -------------------
/opt/airflow/dags/DAG_001_datalake_to_snowflake.py                           0           0  0.39s           2026-02-24T17:53:36
================================================================================
[2026-02-24T17:54:15.938+0000] {manager.py:737} INFO - Searching for files in /opt/airflow/dags
[2026-02-24T17:54:15.944+0000] {manager.py:740} INFO - There are 1 files in /opt/airflow/dags
[2026-02-24T17:54:16.375+0000] {manager.py:878} INFO - 
================================================================================
DAG File Processing Stats

File Path                                           PID    Runtime      # DAGs    # Errors  Last Runtime    Last Run
--------------------------------------------------  -----  ---------  --------  ----------  --------------  -------------------
/opt/airflow/dags/DAG_001_datalake_to_snowflake.py                           0           0  0.46s           2026-02-24T17:54:07
================================================================================
[2026-02-24T17:54:46.657+0000] {manager.py:878} INFO - 
================================================================================
DAG File Processing Stats

File Path                                           PID    Runtime      # DAGs    # Errors  Last Runtime    Last Run
--------------------------------------------------  -----  ---------  --------  ----------  --------------  -------------------
/opt/airflow/dags/DAG_001_datalake_to_snowflake.py                           0           0  0.40s           2026-02-24T17:54:37
================================================================================
[2026-02-24T17:55:16.666+0000] {manager.py:878} INFO - 
================================================================================
DAG File Processing Stats

File Path                                           PID    Runtime      # DAGs    # Errors  Last Runtime    Last Run
--------------------------------------------------  -----  ---------  --------  ----------  --------------  -------------------
/opt/airflow/dags/DAG_001_datalake_to_snowflake.py                           0           0  0.36s           2026-02-24T17:55:08
================================================================================
[2026-02-24T17:55:47.573+0000] {manager.py:878} INFO - 
================================================================================
DAG File Processing Stats

File Path                                           PID    Runtime      # DAGs    # Errors  Last Runtime    Last Run
--------------------------------------------------  -----  ---------  --------  ----------  --------------  -------------------
/opt/airflow/dags/DAG_001_datalake_to_snowflake.py                           0           0  0.73s           2026-02-24T17:55:39
================================================================================
[2026-02-24T17:56:17.918+0000] {manager.py:878} INFO - 
================================================================================
DAG File Processing Stats

File Path                                           PID    Runtime      # DAGs    # Errors  Last Runtime    Last Run
--------------------------------------------------  -----  ---------  --------  ----------  --------------  -------------------
/opt/airflow/dags/DAG_001_datalake_to_snowflake.py                           0           0  0.64s           2026-02-24T17:56:10
================================================================================
[2026-02-24T17:56:48.461+0000] {manager.py:878} INFO - 
================================================================================
DAG File Processing Stats

File Path                                           PID    Runtime      # DAGs    # Errors  Last Runtime    Last Run
--------------------------------------------------  -----  ---------  --------  ----------  --------------  -------------------
/opt/airflow/dags/DAG_001_datalake_to_snowflake.py                           0           0  1.67s           2026-02-24T17:56:42
================================================================================
[2026-02-24T17:57:18.820+0000] {manager.py:878} INFO - 
================================================================================
DAG File Processing Stats

File Path                                           PID    Runtime      # DAGs    # Errors  Last Runtime    Last Run
--------------------------------------------------  -----  ---------  --------  ----------  --------------  -------------------
/opt/airflow/dags/DAG_001_datalake_to_snowflake.py                           0           0  0.63s           2026-02-24T17:57:13
================================================================================
[2026-02-24T17:57:49.045+0000] {manager.py:878} INFO - 
================================================================================
DAG File Processing Stats

File Path                                           PID    Runtime      # DAGs    # Errors  Last Runtime    Last Run
--------------------------------------------------  -----  ---------  --------  ----------  --------------  -------------------
/opt/airflow/dags/DAG_001_datalake_to_snowflake.py                           0           0  0.39s           2026-02-24T17:57:44
================================================================================
[2026-02-24T17:58:19.978+0000] {manager.py:878} INFO - 
================================================================================
DAG File Processing Stats

File Path                                           PID    Runtime      # DAGs    # Errors  Last Runtime    Last Run
--------------------------------------------------  -----  ---------  --------  ----------  --------------  -------------------
/opt/airflow/dags/DAG_001_datalake_to_snowflake.py                           0           0  0.66s           2026-02-24T17:58:15
================================================================================
[2026-02-24T17:58:50.299+0000] {manager.py:878} INFO - 
================================================================================
DAG File Processing Stats

File Path                                           PID    Runtime      # DAGs    # Errors  Last Runtime    Last Run
--------------------------------------------------  -----  ---------  --------  ----------  --------------  -------------------
/opt/airflow/dags/DAG_001_datalake_to_snowflake.py                           0           0  0.65s           2026-02-24T17:58:45
================================================================================
[2026-02-24T17:59:16.116+0000] {manager.py:737} INFO - Searching for files in /opt/airflow/dags
[2026-02-24T17:59:16.128+0000] {manager.py:740} INFO - There are 1 files in /opt/airflow/dags
[2026-02-24T17:59:20.658+0000] {manager.py:878} INFO - 
================================================================================
DAG File Processing Stats

File Path                                           PID    Runtime      # DAGs    # Errors  Last Runtime    Last Run
--------------------------------------------------  -----  ---------  --------  ----------  --------------  -------------------
/opt/airflow/dags/DAG_001_datalake_to_snowflake.py                           0           0  0.55s           2026-02-24T17:59:16
================================================================================
[2026-02-24T17:59:51.017+0000] {manager.py:878} INFO - 
================================================================================
DAG File Processing Stats

File Path                                           PID    Runtime      # DAGs    # Errors  Last Runtime    Last Run
--------------------------------------------------  -----  ---------  --------  ----------  --------------  -------------------
/opt/airflow/dags/DAG_001_datalake_to_snowflake.py                           0           0  0.99s           2026-02-24T17:59:47
================================================================================
[2026-02-24T18:00:21.339+0000] {manager.py:878} INFO - 
================================================================================
DAG File Processing Stats

File Path                                           PID    Runtime      # DAGs    # Errors  Last Runtime    Last Run
--------------------------------------------------  -----  ---------  --------  ----------  --------------  -------------------
/opt/airflow/dags/DAG_001_datalake_to_snowflake.py                           0           0  1.09s           2026-02-24T18:00:19
================================================================================
[2026-02-24T18:00:51.594+0000] {manager.py:878} INFO - 
================================================================================
DAG File Processing Stats

File Path                                           PID    Runtime      # DAGs    # Errors  Last Runtime    Last Run
--------------------------------------------------  -----  ---------  --------  ----------  --------------  -------------------
/opt/airflow/dags/DAG_001_datalake_to_snowflake.py                           0           0  0.95s           2026-02-24T18:00:50
================================================================================
[2026-02-24T18:01:21.971+0000] {manager.py:878} INFO - 
================================================================================
DAG File Processing Stats

File Path                                           PID    Runtime      # DAGs    # Errors  Last Runtime    Last Run
--------------------------------------------------  -----  ---------  --------  ----------  --------------  -------------------
/opt/airflow/dags/DAG_001_datalake_to_snowflake.py                           0           0  0.38s           2026-02-24T18:01:21
================================================================================
[2026-02-24T18:01:52.527+0000] {manager.py:878} INFO - 
================================================================================
DAG File Processing Stats

File Path                                           PID    Runtime      # DAGs    # Errors  Last Runtime    Last Run
--------------------------------------------------  -----  ---------  --------  ----------  --------------  -------------------
/opt/airflow/dags/DAG_001_datalake_to_snowflake.py                           0           0  0.36s           2026-02-24T18:01:51
================================================================================
[2026-02-24T18:02:23.139+0000] {manager.py:878} INFO - 
================================================================================
DAG File Processing Stats

File Path                                           PID    Runtime      # DAGs    # Errors  Last Runtime    Last Run
--------------------------------------------------  -----  ---------  --------  ----------  --------------  -------------------
/opt/airflow/dags/DAG_001_datalake_to_snowflake.py                           0           0  0.38s           2026-02-24T18:02:22
================================================================================
[2026-02-24T18:02:53.791+0000] {manager.py:878} INFO - 
================================================================================
DAG File Processing Stats

File Path                                           PID    Runtime      # DAGs    # Errors  Last Runtime    Last Run
--------------------------------------------------  -----  ---------  --------  ----------  --------------  -------------------
/opt/airflow/dags/DAG_001_datalake_to_snowflake.py                           0           0  0.36s           2026-02-24T18:02:53
================================================================================
[2026-02-24T18:03:24.386+0000] {manager.py:878} INFO - 
================================================================================
DAG File Processing Stats

File Path                                           PID    Runtime      # DAGs    # Errors  Last Runtime    Last Run
--------------------------------------------------  -----  ---------  --------  ----------  --------------  -------------------
/opt/airflow/dags/DAG_001_datalake_to_snowflake.py                           0           0  0.36s           2026-02-24T18:03:23
================================================================================
[2026-02-24T18:03:54.993+0000] {manager.py:878} INFO - 
================================================================================
DAG File Processing Stats

File Path                                           PID    Runtime      # DAGs    # Errors  Last Runtime    Last Run
--------------------------------------------------  -----  ---------  --------  ----------  --------------  -------------------
/opt/airflow/dags/DAG_001_datalake_to_snowflake.py                           0           0  0.36s           2026-02-24T18:03:54
================================================================================
[2026-02-24T18:04:16.158+0000] {manager.py:737} INFO - Searching for files in /opt/airflow/dags
[2026-02-24T18:04:16.164+0000] {manager.py:740} INFO - There are 1 files in /opt/airflow/dags
[2026-02-24T18:04:25.058+0000] {manager.py:878} INFO - 
================================================================================
DAG File Processing Stats

File Path                                           PID    Runtime      # DAGs    # Errors  Last Runtime    Last Run
--------------------------------------------------  -----  ---------  --------  ----------  --------------  -------------------
/opt/airflow/dags/DAG_001_datalake_to_snowflake.py                           0           0  0.47s           2026-02-24T18:04:25
================================================================================
[2026-02-24T18:04:55.339+0000] {manager.py:878} INFO - 
================================================================================
DAG File Processing Stats

File Path                                             PID  Runtime      # DAGs    # Errors  Last Runtime    Last Run
--------------------------------------------------  -----  ---------  --------  ----------  --------------  -------------------
/opt/airflow/dags/DAG_001_datalake_to_snowflake.py   2595  0.00s             0           0  0.47s           2026-02-24T18:04:25
================================================================================
[2026-02-24T18:05:25.642+0000] {manager.py:878} INFO - 
================================================================================
DAG File Processing Stats

File Path                                           PID    Runtime      # DAGs    # Errors  Last Runtime    Last Run
--------------------------------------------------  -----  ---------  --------  ----------  --------------  -------------------
/opt/airflow/dags/DAG_001_datalake_to_snowflake.py                           0           0  0.39s           2026-02-24T18:04:55
================================================================================
[2026-02-24T18:05:56.188+0000] {manager.py:878} INFO - 
================================================================================
DAG File Processing Stats

File Path                                           PID    Runtime      # DAGs    # Errors  Last Runtime    Last Run
--------------------------------------------------  -----  ---------  --------  ----------  --------------  -------------------
/opt/airflow/dags/DAG_001_datalake_to_snowflake.py                           0           0  0.37s           2026-02-24T18:05:26
================================================================================
[2026-02-24T18:06:26.213+0000] {manager.py:878} INFO - 
================================================================================
DAG File Processing Stats

File Path                                           PID    Runtime      # DAGs    # Errors  Last Runtime    Last Run
--------------------------------------------------  -----  ---------  --------  ----------  --------------  -------------------
/opt/airflow/dags/DAG_001_datalake_to_snowflake.py                           0           0  0.40s           2026-02-24T18:05:56
================================================================================
[2026-02-24T18:06:56.504+0000] {manager.py:878} INFO - 
================================================================================
DAG File Processing Stats

File Path                                           PID    Runtime      # DAGs    # Errors  Last Runtime    Last Run
--------------------------------------------------  -----  ---------  --------  ----------  --------------  -------------------
/opt/airflow/dags/DAG_001_datalake_to_snowflake.py                           0           0  0.57s           2026-02-24T18:06:27
================================================================================
[2026-02-24T18:07:26.805+0000] {manager.py:878} INFO - 
================================================================================
DAG File Processing Stats

File Path                                           PID    Runtime      # DAGs    # Errors  Last Runtime    Last Run
--------------------------------------------------  -----  ---------  --------  ----------  --------------  -------------------
/opt/airflow/dags/DAG_001_datalake_to_snowflake.py                           0           0  0.75s           2026-02-24T18:06:58
================================================================================
[2026-02-24T18:07:57.308+0000] {manager.py:878} INFO - 
================================================================================
DAG File Processing Stats

File Path                                           PID    Runtime      # DAGs    # Errors  Last Runtime    Last Run
--------------------------------------------------  -----  ---------  --------  ----------  --------------  -------------------
/opt/airflow/dags/DAG_001_datalake_to_snowflake.py                           0           0  0.66s           2026-02-24T18:07:29
================================================================================
[2026-02-24T18:08:27.612+0000] {manager.py:878} INFO - 
================================================================================
DAG File Processing Stats

File Path                                           PID    Runtime      # DAGs    # Errors  Last Runtime    Last Run
--------------------------------------------------  -----  ---------  --------  ----------  --------------  -------------------
/opt/airflow/dags/DAG_001_datalake_to_snowflake.py                           0           0  0.48s           2026-02-24T18:08:00
================================================================================
[2026-02-24T18:08:57.958+0000] {manager.py:878} INFO - 
================================================================================
DAG File Processing Stats

File Path                                           PID    Runtime      # DAGs    # Errors  Last Runtime    Last Run
--------------------------------------------------  -----  ---------  --------  ----------  --------------  -------------------
/opt/airflow/dags/DAG_001_datalake_to_snowflake.py                           0           0  0.55s           2026-02-24T18:08:31
================================================================================
[2026-02-24T18:09:16.309+0000] {manager.py:737} INFO - Searching for files in /opt/airflow/dags
[2026-02-24T18:09:16.316+0000] {manager.py:740} INFO - There are 1 files in /opt/airflow/dags
[2026-02-24T18:09:28.216+0000] {manager.py:878} INFO - 
================================================================================
DAG File Processing Stats

File Path                                           PID    Runtime      # DAGs    # Errors  Last Runtime    Last Run
--------------------------------------------------  -----  ---------  --------  ----------  --------------  -------------------
/opt/airflow/dags/DAG_001_datalake_to_snowflake.py                           0           0  0.71s           2026-02-24T18:09:02
================================================================================
[2026-02-24T18:09:58.751+0000] {manager.py:878} INFO - 
================================================================================
DAG File Processing Stats

File Path                                           PID    Runtime      # DAGs    # Errors  Last Runtime    Last Run
--------------------------------------------------  -----  ---------  --------  ----------  --------------  -------------------
/opt/airflow/dags/DAG_001_datalake_to_snowflake.py                           0           0  0.61s           2026-02-24T18:09:32
================================================================================
[2026-02-24T18:10:29.280+0000] {manager.py:878} INFO - 
================================================================================
DAG File Processing Stats

File Path                                           PID    Runtime      # DAGs    # Errors  Last Runtime    Last Run
--------------------------------------------------  -----  ---------  --------  ----------  --------------  -------------------
/opt/airflow/dags/DAG_001_datalake_to_snowflake.py                           0           0  0.37s           2026-02-24T18:10:03
================================================================================
[2026-02-24T18:10:59.508+0000] {manager.py:878} INFO - 
================================================================================
DAG File Processing Stats

File Path                                           PID    Runtime      # DAGs    # Errors  Last Runtime    Last Run
--------------------------------------------------  -----  ---------  --------  ----------  --------------  -------------------
/opt/airflow/dags/DAG_001_datalake_to_snowflake.py                           0           0  0.53s           2026-02-24T18:10:34
================================================================================
[2026-02-24T18:11:30.209+0000] {manager.py:878} INFO - 
================================================================================
DAG File Processing Stats

File Path                                           PID    Runtime      # DAGs    # Errors  Last Runtime    Last Run
--------------------------------------------------  -----  ---------  --------  ----------  --------------  -------------------
/opt/airflow/dags/DAG_001_datalake_to_snowflake.py                           0           0  0.49s           2026-02-24T18:11:05
================================================================================
[2026-02-24T18:12:00.483+0000] {manager.py:878} INFO - 
================================================================================
DAG File Processing Stats

File Path                                           PID    Runtime      # DAGs    # Errors  Last Runtime    Last Run
--------------------------------------------------  -----  ---------  --------  ----------  --------------  -------------------
/opt/airflow/dags/DAG_001_datalake_to_snowflake.py                           0           0  0.43s           2026-02-24T18:11:35
================================================================================
[2026-02-24T18:12:30.524+0000] {manager.py:878} INFO - 
================================================================================
DAG File Processing Stats

File Path                                           PID    Runtime      # DAGs    # Errors  Last Runtime    Last Run
--------------------------------------------------  -----  ---------  --------  ----------  --------------  -------------------
/opt/airflow/dags/DAG_001_datalake_to_snowflake.py                           0           0  0.36s           2026-02-24T18:12:06
================================================================================
[2026-02-24T18:13:01.469+0000] {manager.py:878} INFO - 
================================================================================
DAG File Processing Stats

File Path                                           PID    Runtime      # DAGs    # Errors  Last Runtime    Last Run
--------------------------------------------------  -----  ---------  --------  ----------  --------------  -------------------
/opt/airflow/dags/DAG_001_datalake_to_snowflake.py                           0           0  0.70s           2026-02-24T18:12:37
================================================================================
[2026-02-24T18:13:31.811+0000] {manager.py:878} INFO - 
================================================================================
DAG File Processing Stats

File Path                                           PID    Runtime      # DAGs    # Errors  Last Runtime    Last Run
--------------------------------------------------  -----  ---------  --------  ----------  --------------  -------------------
/opt/airflow/dags/DAG_001_datalake_to_snowflake.py                           0           0  0.39s           2026-02-24T18:13:07
================================================================================
[2026-02-24T18:14:02.346+0000] {manager.py:878} INFO - 
================================================================================
DAG File Processing Stats

File Path                                           PID    Runtime      # DAGs    # Errors  Last Runtime    Last Run
--------------------------------------------------  -----  ---------  --------  ----------  --------------  -------------------
/opt/airflow/dags/DAG_001_datalake_to_snowflake.py                           0           0  0.42s           2026-02-24T18:13:38
================================================================================
[2026-02-24T18:14:16.445+0000] {manager.py:737} INFO - Searching for files in /opt/airflow/dags
[2026-02-24T18:14:16.450+0000] {manager.py:740} INFO - There are 1 files in /opt/airflow/dags
[2026-02-24T18:14:32.579+0000] {manager.py:878} INFO - 
================================================================================
DAG File Processing Stats

File Path                                           PID    Runtime      # DAGs    # Errors  Last Runtime    Last Run
--------------------------------------------------  -----  ---------  --------  ----------  --------------  -------------------
/opt/airflow/dags/DAG_001_datalake_to_snowflake.py                           0           0  0.51s           2026-02-24T18:14:09
================================================================================
[2026-02-24T18:15:02.910+0000] {manager.py:878} INFO - 
================================================================================
DAG File Processing Stats

File Path                                           PID    Runtime      # DAGs    # Errors  Last Runtime    Last Run
--------------------------------------------------  -----  ---------  --------  ----------  --------------  -------------------
/opt/airflow/dags/DAG_001_datalake_to_snowflake.py                           0           0  0.42s           2026-02-24T18:14:40
================================================================================
[2026-02-24T18:15:33.465+0000] {manager.py:878} INFO - 
================================================================================
DAG File Processing Stats

File Path                                           PID    Runtime      # DAGs    # Errors  Last Runtime    Last Run
--------------------------------------------------  -----  ---------  --------  ----------  --------------  -------------------
/opt/airflow/dags/DAG_001_datalake_to_snowflake.py                           0           0  0.40s           2026-02-24T18:15:10
================================================================================
[2026-02-24T18:16:03.714+0000] {manager.py:878} INFO - 
================================================================================
DAG File Processing Stats

File Path                                           PID    Runtime      # DAGs    # Errors  Last Runtime    Last Run
--------------------------------------------------  -----  ---------  --------  ----------  --------------  -------------------
/opt/airflow/dags/DAG_001_datalake_to_snowflake.py                           0           0  0.63s           2026-02-24T18:15:41
================================================================================
[2026-02-24T18:16:34.061+0000] {manager.py:878} INFO - 
================================================================================
DAG File Processing Stats

File Path                                           PID    Runtime      # DAGs    # Errors  Last Runtime    Last Run
--------------------------------------------------  -----  ---------  --------  ----------  --------------  -------------------
/opt/airflow/dags/DAG_001_datalake_to_snowflake.py                           0           0  0.38s           2026-02-24T18:16:12
================================================================================
[2026-02-24T18:17:04.225+0000] {manager.py:878} INFO - 
================================================================================
DAG File Processing Stats

File Path                                           PID    Runtime      # DAGs    # Errors  Last Runtime    Last Run
--------------------------------------------------  -----  ---------  --------  ----------  --------------  -------------------
/opt/airflow/dags/DAG_001_datalake_to_snowflake.py                           0           0  0.65s           2026-02-24T18:16:43
================================================================================
[2026-02-24T18:17:34.961+0000] {manager.py:878} INFO - 
================================================================================
DAG File Processing Stats

File Path                                           PID    Runtime      # DAGs    # Errors  Last Runtime    Last Run
--------------------------------------------------  -----  ---------  --------  ----------  --------------  -------------------
/opt/airflow/dags/DAG_001_datalake_to_snowflake.py                           0           0  0.64s           2026-02-24T18:17:13
================================================================================
[2026-02-24T18:18:05.316+0000] {manager.py:878} INFO - 
================================================================================
DAG File Processing Stats

File Path                                           PID    Runtime      # DAGs    # Errors  Last Runtime    Last Run
--------------------------------------------------  -----  ---------  --------  ----------  --------------  -------------------
/opt/airflow/dags/DAG_001_datalake_to_snowflake.py                           0           0  1.15s           2026-02-24T18:17:45
================================================================================
[2026-02-24T18:18:35.648+0000] {manager.py:878} INFO - 
================================================================================
DAG File Processing Stats

File Path                                           PID    Runtime      # DAGs    # Errors  Last Runtime    Last Run
--------------------------------------------------  -----  ---------  --------  ----------  --------------  -------------------
/opt/airflow/dags/DAG_001_datalake_to_snowflake.py                           0           0  0.56s           2026-02-24T18:18:16
================================================================================
[2026-02-24T18:19:05.929+0000] {manager.py:878} INFO - 
================================================================================
DAG File Processing Stats

File Path                                           PID    Runtime      # DAGs    # Errors  Last Runtime    Last Run
--------------------------------------------------  -----  ---------  --------  ----------  --------------  -------------------
/opt/airflow/dags/DAG_001_datalake_to_snowflake.py                           0           0  0.52s           2026-02-24T18:18:46
================================================================================
[2026-02-24T18:19:17.026+0000] {manager.py:737} INFO - Searching for files in /opt/airflow/dags
[2026-02-24T18:19:17.032+0000] {manager.py:740} INFO - There are 1 files in /opt/airflow/dags
[2026-02-24T18:19:36.216+0000] {manager.py:878} INFO - 
================================================================================
DAG File Processing Stats

File Path                                           PID    Runtime      # DAGs    # Errors  Last Runtime    Last Run
--------------------------------------------------  -----  ---------  --------  ----------  --------------  -------------------
/opt/airflow/dags/DAG_001_datalake_to_snowflake.py                           0           0  0.40s           2026-02-24T18:19:17
================================================================================
[2026-02-24T18:20:06.469+0000] {manager.py:878} INFO - 
================================================================================
DAG File Processing Stats

File Path                                           PID    Runtime      # DAGs    # Errors  Last Runtime    Last Run
--------------------------------------------------  -----  ---------  --------  ----------  --------------  -------------------
/opt/airflow/dags/DAG_001_datalake_to_snowflake.py                           0           0  0.66s           2026-02-24T18:19:48
================================================================================
[2026-02-24T18:20:36.750+0000] {manager.py:878} INFO - 
================================================================================
DAG File Processing Stats

File Path                                           PID    Runtime      # DAGs    # Errors  Last Runtime    Last Run
--------------------------------------------------  -----  ---------  --------  ----------  --------------  -------------------
/opt/airflow/dags/DAG_001_datalake_to_snowflake.py                           0           0  0.38s           2026-02-24T18:20:18
================================================================================
[2026-02-24T18:21:07.368+0000] {manager.py:878} INFO - 
================================================================================
DAG File Processing Stats

File Path                                           PID    Runtime      # DAGs    # Errors  Last Runtime    Last Run
--------------------------------------------------  -----  ---------  --------  ----------  --------------  -------------------
/opt/airflow/dags/DAG_001_datalake_to_snowflake.py                           0           0  0.36s           2026-02-24T18:20:49
================================================================================
[2026-02-24T18:21:37.371+0000] {manager.py:878} INFO - 
================================================================================
DAG File Processing Stats

File Path                                           PID    Runtime      # DAGs    # Errors  Last Runtime    Last Run
--------------------------------------------------  -----  ---------  --------  ----------  --------------  -------------------
/opt/airflow/dags/DAG_001_datalake_to_snowflake.py                           0           0  0.36s           2026-02-24T18:21:20
================================================================================
[2026-02-24T18:22:07.573+0000] {manager.py:878} INFO - 
================================================================================
DAG File Processing Stats

File Path                                           PID    Runtime      # DAGs    # Errors  Last Runtime    Last Run
--------------------------------------------------  -----  ---------  --------  ----------  --------------  -------------------
/opt/airflow/dags/DAG_001_datalake_to_snowflake.py                           0           0  0.46s           2026-02-24T18:21:50
================================================================================
[2026-02-24T18:22:37.771+0000] {manager.py:878} INFO - 
================================================================================
DAG File Processing Stats

File Path                                           PID    Runtime      # DAGs    # Errors  Last Runtime    Last Run
--------------------------------------------------  -----  ---------  --------  ----------  --------------  -------------------
/opt/airflow/dags/DAG_001_datalake_to_snowflake.py                           0           0  0.47s           2026-02-24T18:22:21
================================================================================
[2026-02-24T18:23:08.003+0000] {manager.py:878} INFO - 
================================================================================
DAG File Processing Stats

File Path                                           PID    Runtime      # DAGs    # Errors  Last Runtime    Last Run
--------------------------------------------------  -----  ---------  --------  ----------  --------------  -------------------
/opt/airflow/dags/DAG_001_datalake_to_snowflake.py                           0           0  0.38s           2026-02-24T18:22:52
================================================================================
[2026-02-24T18:23:38.057+0000] {manager.py:878} INFO - 
================================================================================
DAG File Processing Stats

File Path                                           PID    Runtime      # DAGs    # Errors  Last Runtime    Last Run
--------------------------------------------------  -----  ---------  --------  ----------  --------------  -------------------
/opt/airflow/dags/DAG_001_datalake_to_snowflake.py                           0           0  0.42s           2026-02-24T18:23:22
================================================================================
[2026-02-24T18:24:08.300+0000] {manager.py:878} INFO - 
================================================================================
DAG File Processing Stats

File Path                                           PID    Runtime      # DAGs    # Errors  Last Runtime    Last Run
--------------------------------------------------  -----  ---------  --------  ----------  --------------  -------------------
/opt/airflow/dags/DAG_001_datalake_to_snowflake.py                           0           0  0.38s           2026-02-24T18:23:53
================================================================================
[2026-02-24T18:24:17.394+0000] {manager.py:737} INFO - Searching for files in /opt/airflow/dags
[2026-02-24T18:24:17.401+0000] {manager.py:740} INFO - There are 1 files in /opt/airflow/dags
[2026-02-24T18:24:38.369+0000] {manager.py:878} INFO - 
================================================================================
DAG File Processing Stats

File Path                                           PID    Runtime      # DAGs    # Errors  Last Runtime    Last Run
--------------------------------------------------  -----  ---------  --------  ----------  --------------  -------------------
/opt/airflow/dags/DAG_001_datalake_to_snowflake.py                           0           0  0.42s           2026-02-24T18:24:24
================================================================================
[2026-02-24T18:25:09.182+0000] {manager.py:878} INFO - 
================================================================================
DAG File Processing Stats

File Path                                           PID    Runtime      # DAGs    # Errors  Last Runtime    Last Run
--------------------------------------------------  -----  ---------  --------  ----------  --------------  -------------------
/opt/airflow/dags/DAG_001_datalake_to_snowflake.py                           0           0  0.60s           2026-02-24T18:24:55
================================================================================
[2026-02-24T18:25:39.491+0000] {manager.py:878} INFO - 
================================================================================
DAG File Processing Stats

File Path                                           PID    Runtime      # DAGs    # Errors  Last Runtime    Last Run
--------------------------------------------------  -----  ---------  --------  ----------  --------------  -------------------
/opt/airflow/dags/DAG_001_datalake_to_snowflake.py                           0           0  0.42s           2026-02-24T18:25:25
================================================================================
[2026-02-24T18:26:10.122+0000] {manager.py:878} INFO - 
================================================================================
DAG File Processing Stats

File Path                                           PID    Runtime      # DAGs    # Errors  Last Runtime    Last Run
--------------------------------------------------  -----  ---------  --------  ----------  --------------  -------------------
/opt/airflow/dags/DAG_001_datalake_to_snowflake.py                           0           0  0.35s           2026-02-24T18:25:56
================================================================================
[2026-02-24T18:26:40.721+0000] {manager.py:878} INFO - 
================================================================================
DAG File Processing Stats

File Path                                           PID    Runtime      # DAGs    # Errors  Last Runtime    Last Run
--------------------------------------------------  -----  ---------  --------  ----------  --------------  -------------------
/opt/airflow/dags/DAG_001_datalake_to_snowflake.py                           0           0  0.37s           2026-02-24T18:26:26
================================================================================
[2026-02-24T18:27:11.320+0000] {manager.py:878} INFO - 
================================================================================
DAG File Processing Stats

File Path                                           PID    Runtime      # DAGs    # Errors  Last Runtime    Last Run
--------------------------------------------------  -----  ---------  --------  ----------  --------------  -------------------
/opt/airflow/dags/DAG_001_datalake_to_snowflake.py                           0           0  0.37s           2026-02-24T18:26:57
================================================================================
[2026-02-24T18:27:41.345+0000] {manager.py:878} INFO - 
================================================================================
DAG File Processing Stats

File Path                                           PID    Runtime      # DAGs    # Errors  Last Runtime    Last Run
--------------------------------------------------  -----  ---------  --------  ----------  --------------  -------------------
/opt/airflow/dags/DAG_001_datalake_to_snowflake.py                           0           0  0.36s           2026-02-24T18:27:28
================================================================================
[2026-02-24T18:28:11.622+0000] {manager.py:878} INFO - 
================================================================================
DAG File Processing Stats

File Path                                           PID    Runtime      # DAGs    # Errors  Last Runtime    Last Run
--------------------------------------------------  -----  ---------  --------  ----------  --------------  -------------------
/opt/airflow/dags/DAG_001_datalake_to_snowflake.py                           0           0  0.36s           2026-02-24T18:27:58
================================================================================
[2026-02-24T18:28:42.173+0000] {manager.py:878} INFO - 
================================================================================
DAG File Processing Stats

File Path                                           PID    Runtime      # DAGs    # Errors  Last Runtime    Last Run
--------------------------------------------------  -----  ---------  --------  ----------  --------------  -------------------
/opt/airflow/dags/DAG_001_datalake_to_snowflake.py                           0           0  0.38s           2026-02-24T18:28:29
================================================================================
[2026-02-24T18:29:12.206+0000] {manager.py:878} INFO - 
================================================================================
DAG File Processing Stats

File Path                                           PID    Runtime      # DAGs    # Errors  Last Runtime    Last Run
--------------------------------------------------  -----  ---------  --------  ----------  --------------  -------------------
/opt/airflow/dags/DAG_001_datalake_to_snowflake.py                           0           0  0.37s           2026-02-24T18:29:00
================================================================================
[2026-02-24T18:29:17.942+0000] {manager.py:737} INFO - Searching for files in /opt/airflow/dags
[2026-02-24T18:29:17.949+0000] {manager.py:740} INFO - There are 1 files in /opt/airflow/dags
[2026-02-24T18:29:42.459+0000] {manager.py:878} INFO - 
================================================================================
DAG File Processing Stats

File Path                                           PID    Runtime      # DAGs    # Errors  Last Runtime    Last Run
--------------------------------------------------  -----  ---------  --------  ----------  --------------  -------------------
/opt/airflow/dags/DAG_001_datalake_to_snowflake.py                           0           0  0.36s           2026-02-24T18:29:30
================================================================================
[2026-02-24T18:30:12.468+0000] {manager.py:878} INFO - 
================================================================================
DAG File Processing Stats

File Path                                           PID    Runtime      # DAGs    # Errors  Last Runtime    Last Run
--------------------------------------------------  -----  ---------  --------  ----------  --------------  -------------------
/opt/airflow/dags/DAG_001_datalake_to_snowflake.py                           0           0  0.38s           2026-02-24T18:30:01
================================================================================
[2026-02-24T18:30:42.794+0000] {manager.py:878} INFO - 
================================================================================
DAG File Processing Stats

File Path                                           PID    Runtime      # DAGs    # Errors  Last Runtime    Last Run
--------------------------------------------------  -----  ---------  --------  ----------  --------------  -------------------
/opt/airflow/dags/DAG_001_datalake_to_snowflake.py                           0           0  0.36s           2026-02-24T18:30:31
================================================================================
[2026-02-24T18:31:13.305+0000] {manager.py:878} INFO - 
================================================================================
DAG File Processing Stats

File Path                                           PID    Runtime      # DAGs    # Errors  Last Runtime    Last Run
--------------------------------------------------  -----  ---------  --------  ----------  --------------  -------------------
/opt/airflow/dags/DAG_001_datalake_to_snowflake.py                           0           0  0.37s           2026-02-24T18:31:02
================================================================================
[2026-02-24T18:31:43.831+0000] {manager.py:878} INFO - 
================================================================================
DAG File Processing Stats

File Path                                           PID    Runtime      # DAGs    # Errors  Last Runtime    Last Run
--------------------------------------------------  -----  ---------  --------  ----------  --------------  -------------------
/opt/airflow/dags/DAG_001_datalake_to_snowflake.py                           0           0  0.35s           2026-02-24T18:31:32
================================================================================
[2026-02-24T18:32:14.202+0000] {manager.py:878} INFO - 
================================================================================
DAG File Processing Stats

File Path                                           PID    Runtime      # DAGs    # Errors  Last Runtime    Last Run
--------------------------------------------------  -----  ---------  --------  ----------  --------------  -------------------
/opt/airflow/dags/DAG_001_datalake_to_snowflake.py                           0           0  0.43s           2026-02-24T18:32:03
================================================================================
[2026-02-24T18:32:44.323+0000] {manager.py:878} INFO - 
================================================================================
DAG File Processing Stats

File Path                                           PID    Runtime      # DAGs    # Errors  Last Runtime    Last Run
--------------------------------------------------  -----  ---------  --------  ----------  --------------  -------------------
/opt/airflow/dags/DAG_001_datalake_to_snowflake.py                           0           0  0.37s           2026-02-24T18:32:34
================================================================================
[2026-02-24T18:33:14.643+0000] {manager.py:878} INFO - 
================================================================================
DAG File Processing Stats

File Path                                           PID    Runtime      # DAGs    # Errors  Last Runtime    Last Run
--------------------------------------------------  -----  ---------  --------  ----------  --------------  -------------------
/opt/airflow/dags/DAG_001_datalake_to_snowflake.py                           0           0  0.36s           2026-02-24T18:33:04
================================================================================
[2026-02-24T18:33:45.267+0000] {manager.py:878} INFO - 
================================================================================
DAG File Processing Stats

File Path                                           PID    Runtime      # DAGs    # Errors  Last Runtime    Last Run
--------------------------------------------------  -----  ---------  --------  ----------  --------------  -------------------
/opt/airflow/dags/DAG_001_datalake_to_snowflake.py                           0           0  0.35s           2026-02-24T18:33:35
================================================================================
[2026-02-24T18:34:15.299+0000] {manager.py:878} INFO - 
================================================================================
DAG File Processing Stats

File Path                                           PID    Runtime      # DAGs    # Errors  Last Runtime    Last Run
--------------------------------------------------  -----  ---------  --------  ----------  --------------  -------------------
/opt/airflow/dags/DAG_001_datalake_to_snowflake.py                           0           0  0.37s           2026-02-24T18:34:06
================================================================================
[2026-02-24T18:34:17.954+0000] {manager.py:737} INFO - Searching for files in /opt/airflow/dags
[2026-02-24T18:34:17.959+0000] {manager.py:740} INFO - There are 1 files in /opt/airflow/dags
[2026-02-24T18:34:45.557+0000] {manager.py:878} INFO - 
================================================================================
DAG File Processing Stats

File Path                                           PID    Runtime      # DAGs    # Errors  Last Runtime    Last Run
--------------------------------------------------  -----  ---------  --------  ----------  --------------  -------------------
/opt/airflow/dags/DAG_001_datalake_to_snowflake.py                           0           0  0.35s           2026-02-24T18:34:36
================================================================================
[2026-02-24T18:35:16.202+0000] {manager.py:878} INFO - 
================================================================================
DAG File Processing Stats

File Path                                           PID    Runtime      # DAGs    # Errors  Last Runtime    Last Run
--------------------------------------------------  -----  ---------  --------  ----------  --------------  -------------------
/opt/airflow/dags/DAG_001_datalake_to_snowflake.py                           0           0  0.36s           2026-02-24T18:35:07
================================================================================
[2026-02-24T18:35:46.316+0000] {manager.py:878} INFO - 
================================================================================
DAG File Processing Stats

File Path                                           PID    Runtime      # DAGs    # Errors  Last Runtime    Last Run
--------------------------------------------------  -----  ---------  --------  ----------  --------------  -------------------
/opt/airflow/dags/DAG_001_datalake_to_snowflake.py                           0           0  0.41s           2026-02-24T18:35:38
================================================================================
[2026-02-24T18:36:16.732+0000] {manager.py:878} INFO - 
================================================================================
DAG File Processing Stats

File Path                                           PID    Runtime      # DAGs    # Errors  Last Runtime    Last Run
--------------------------------------------------  -----  ---------  --------  ----------  --------------  -------------------
/opt/airflow/dags/DAG_001_datalake_to_snowflake.py                           0           0  0.35s           2026-02-24T18:36:08
================================================================================
[2026-02-24T18:36:47.460+0000] {manager.py:878} INFO - 
================================================================================
DAG File Processing Stats

File Path                                           PID    Runtime      # DAGs    # Errors  Last Runtime    Last Run
--------------------------------------------------  -----  ---------  --------  ----------  --------------  -------------------
/opt/airflow/dags/DAG_001_datalake_to_snowflake.py                           0           0  0.35s           2026-02-24T18:36:39
================================================================================
[2026-02-24T18:37:17.928+0000] {manager.py:878} INFO - 
================================================================================
DAG File Processing Stats

File Path                                           PID    Runtime      # DAGs    # Errors  Last Runtime    Last Run
--------------------------------------------------  -----  ---------  --------  ----------  --------------  -------------------
/opt/airflow/dags/DAG_001_datalake_to_snowflake.py                           0           0  0.34s           2026-02-24T18:37:10
================================================================================
[2026-02-24T18:37:48.600+0000] {manager.py:878} INFO - 
================================================================================
DAG File Processing Stats

File Path                                           PID    Runtime      # DAGs    # Errors  Last Runtime    Last Run
--------------------------------------------------  -----  ---------  --------  ----------  --------------  -------------------
/opt/airflow/dags/DAG_001_datalake_to_snowflake.py                           0           0  0.34s           2026-02-24T18:37:40
================================================================================
[2026-02-24T18:38:19.121+0000] {manager.py:878} INFO - 
================================================================================
DAG File Processing Stats

File Path                                           PID    Runtime      # DAGs    # Errors  Last Runtime    Last Run
--------------------------------------------------  -----  ---------  --------  ----------  --------------  -------------------
/opt/airflow/dags/DAG_001_datalake_to_snowflake.py                           0           0  0.35s           2026-02-24T18:38:11
================================================================================
[2026-02-24T18:38:49.698+0000] {manager.py:878} INFO - 
================================================================================
DAG File Processing Stats

File Path                                           PID    Runtime      # DAGs    # Errors  Last Runtime    Last Run
--------------------------------------------------  -----  ---------  --------  ----------  --------------  -------------------
/opt/airflow/dags/DAG_001_datalake_to_snowflake.py                           0           0  0.35s           2026-02-24T18:38:41
================================================================================
[2026-02-24T18:39:18.238+0000] {manager.py:737} INFO - Searching for files in /opt/airflow/dags
[2026-02-24T18:39:18.245+0000] {manager.py:740} INFO - There are 1 files in /opt/airflow/dags
[2026-02-24T18:39:20.286+0000] {manager.py:878} INFO - 
================================================================================
DAG File Processing Stats

File Path                                           PID    Runtime      # DAGs    # Errors  Last Runtime    Last Run
--------------------------------------------------  -----  ---------  --------  ----------  --------------  -------------------
/opt/airflow/dags/DAG_001_datalake_to_snowflake.py                           0           0  0.41s           2026-02-24T18:39:12
================================================================================
[2026-02-24T18:39:50.783+0000] {manager.py:878} INFO - 
================================================================================
DAG File Processing Stats

File Path                                           PID    Runtime      # DAGs    # Errors  Last Runtime    Last Run
--------------------------------------------------  -----  ---------  --------  ----------  --------------  -------------------
/opt/airflow/dags/DAG_001_datalake_to_snowflake.py                           0           0  0.39s           2026-02-24T18:39:43
================================================================================
[2026-02-24T18:40:21.150+0000] {manager.py:878} INFO - 
================================================================================
DAG File Processing Stats

File Path                                           PID    Runtime      # DAGs    # Errors  Last Runtime    Last Run
--------------------------------------------------  -----  ---------  --------  ----------  --------------  -------------------
/opt/airflow/dags/DAG_001_datalake_to_snowflake.py                           0           0  0.34s           2026-02-24T18:40:13
================================================================================
[2026-02-24T18:40:51.851+0000] {manager.py:878} INFO - 
================================================================================
DAG File Processing Stats

File Path                                           PID    Runtime      # DAGs    # Errors  Last Runtime    Last Run
--------------------------------------------------  -----  ---------  --------  ----------  --------------  -------------------
/opt/airflow/dags/DAG_001_datalake_to_snowflake.py                           0           0  0.33s           2026-02-24T18:40:43
================================================================================
[2026-02-24T18:41:22.394+0000] {manager.py:878} INFO - 
================================================================================
DAG File Processing Stats

File Path                                           PID    Runtime      # DAGs    # Errors  Last Runtime    Last Run
--------------------------------------------------  -----  ---------  --------  ----------  --------------  -------------------
/opt/airflow/dags/DAG_001_datalake_to_snowflake.py                           0           0  0.34s           2026-02-24T18:41:14
================================================================================
[2026-02-24T18:41:52.946+0000] {manager.py:878} INFO - 
================================================================================
DAG File Processing Stats

File Path                                           PID    Runtime      # DAGs    # Errors  Last Runtime    Last Run
--------------------------------------------------  -----  ---------  --------  ----------  --------------  -------------------
/opt/airflow/dags/DAG_001_datalake_to_snowflake.py                           0           0  0.35s           2026-02-24T18:41:45
================================================================================
[2026-02-24T18:42:23.473+0000] {manager.py:878} INFO - 
================================================================================
DAG File Processing Stats

File Path                                           PID    Runtime      # DAGs    # Errors  Last Runtime    Last Run
--------------------------------------------------  -----  ---------  --------  ----------  --------------  -------------------
/opt/airflow/dags/DAG_001_datalake_to_snowflake.py                           0           0  0.35s           2026-02-24T18:42:15
================================================================================
[2026-02-24T18:42:54.077+0000] {manager.py:878} INFO - 
================================================================================
DAG File Processing Stats

File Path                                           PID    Runtime      # DAGs    # Errors  Last Runtime    Last Run
--------------------------------------------------  -----  ---------  --------  ----------  --------------  -------------------
/opt/airflow/dags/DAG_001_datalake_to_snowflake.py                           0           0  0.35s           2026-02-24T18:42:46
================================================================================
[2026-02-24T18:43:24.640+0000] {manager.py:878} INFO - 
================================================================================
DAG File Processing Stats

File Path                                           PID    Runtime      # DAGs    # Errors  Last Runtime    Last Run
--------------------------------------------------  -----  ---------  --------  ----------  --------------  -------------------
/opt/airflow/dags/DAG_001_datalake_to_snowflake.py                           0           0  0.35s           2026-02-24T18:43:16
================================================================================
[2026-02-24T18:43:55.265+0000] {manager.py:878} INFO - 
================================================================================
DAG File Processing Stats

File Path                                           PID    Runtime      # DAGs    # Errors  Last Runtime    Last Run
--------------------------------------------------  -----  ---------  --------  ----------  --------------  -------------------
/opt/airflow/dags/DAG_001_datalake_to_snowflake.py                           0           0  0.35s           2026-02-24T18:43:47
================================================================================
[2026-02-24T18:44:18.698+0000] {manager.py:737} INFO - Searching for files in /opt/airflow/dags
[2026-02-24T18:44:18.703+0000] {manager.py:740} INFO - There are 1 files in /opt/airflow/dags
[2026-02-24T18:44:25.813+0000] {manager.py:878} INFO - 
================================================================================
DAG File Processing Stats

File Path                                           PID    Runtime      # DAGs    # Errors  Last Runtime    Last Run
--------------------------------------------------  -----  ---------  --------  ----------  --------------  -------------------
/opt/airflow/dags/DAG_001_datalake_to_snowflake.py                           0           0  0.36s           2026-02-24T18:44:17
================================================================================
[2026-02-24T18:44:56.494+0000] {manager.py:878} INFO - 
================================================================================
DAG File Processing Stats

File Path                                           PID    Runtime      # DAGs    # Errors  Last Runtime    Last Run
--------------------------------------------------  -----  ---------  --------  ----------  --------------  -------------------
/opt/airflow/dags/DAG_001_datalake_to_snowflake.py                           0           0  0.33s           2026-02-24T18:44:48
================================================================================
[2026-02-24T18:45:26.908+0000] {manager.py:878} INFO - 
================================================================================
DAG File Processing Stats

File Path                                           PID    Runtime      # DAGs    # Errors  Last Runtime    Last Run
--------------------------------------------------  -----  ---------  --------  ----------  --------------  -------------------
/opt/airflow/dags/DAG_001_datalake_to_snowflake.py                           0           0  0.38s           2026-02-24T18:45:19
================================================================================
[2026-02-24T19:01:36.421+0000] {manager.py:737} INFO - Searching for files in /opt/airflow/dags
[2026-02-24T19:01:36.426+0000] {manager.py:740} INFO - There are 1 files in /opt/airflow/dags
[2026-02-24T19:01:41.840+0000] {manager.py:878} INFO - 
================================================================================
DAG File Processing Stats

File Path                                           PID    Runtime      # DAGs    # Errors  Last Runtime    Last Run
--------------------------------------------------  -----  ---------  --------  ----------  --------------  -------------------
/opt/airflow/dags/DAG_001_datalake_to_snowflake.py                           0           0  0.34s           2026-02-24T19:01:36
================================================================================
[2026-02-24T19:02:33.169+0000] {manager.py:878} INFO - 
================================================================================
DAG File Processing Stats

File Path                                           PID    Runtime      # DAGs    # Errors  Last Runtime    Last Run
--------------------------------------------------  -----  ---------  --------  ----------  --------------  -------------------
/opt/airflow/dags/DAG_001_datalake_to_snowflake.py                           0           0  0.34s           2026-02-24T19:02:27
================================================================================
[2026-02-24T19:08:11.785+0000] {manager.py:737} INFO - Searching for files in /opt/airflow/dags
[2026-02-24T19:08:11.790+0000] {manager.py:740} INFO - There are 1 files in /opt/airflow/dags
[2026-02-24T19:08:18.236+0000] {manager.py:878} INFO - 
================================================================================
DAG File Processing Stats

File Path                                           PID    Runtime      # DAGs    # Errors  Last Runtime    Last Run
--------------------------------------------------  -----  ---------  --------  ----------  --------------  -------------------
/opt/airflow/dags/DAG_001_datalake_to_snowflake.py                           0           0  0.36s           2026-02-24T19:08:12
================================================================================
[2026-02-24T19:08:48.771+0000] {manager.py:878} INFO - 
================================================================================
DAG File Processing Stats

File Path                                           PID    Runtime      # DAGs    # Errors  Last Runtime    Last Run
--------------------------------------------------  -----  ---------  --------  ----------  --------------  -------------------
/opt/airflow/dags/DAG_001_datalake_to_snowflake.py                           0           0  0.33s           2026-02-24T19:08:42
================================================================================
[2026-02-24T19:19:21.532+0000] {manager.py:737} INFO - Searching for files in /opt/airflow/dags
[2026-02-24T19:19:21.538+0000] {manager.py:740} INFO - There are 1 files in /opt/airflow/dags
[2026-02-24T19:19:28.740+0000] {manager.py:878} INFO - 
================================================================================
DAG File Processing Stats

File Path                                           PID    Runtime      # DAGs    # Errors  Last Runtime    Last Run
--------------------------------------------------  -----  ---------  --------  ----------  --------------  -------------------
/opt/airflow/dags/DAG_001_datalake_to_snowflake.py                           0           0  0.54s           2026-02-24T19:19:22
================================================================================
[2026-02-24T19:19:58.803+0000] {manager.py:878} INFO - 
================================================================================
DAG File Processing Stats

File Path                                           PID    Runtime      # DAGs    # Errors  Last Runtime    Last Run
--------------------------------------------------  -----  ---------  --------  ----------  --------------  -------------------
/opt/airflow/dags/DAG_001_datalake_to_snowflake.py                           0           0  0.40s           2026-02-24T19:19:52
================================================================================
[2026-02-24T19:20:29.118+0000] {manager.py:878} INFO - 
================================================================================
DAG File Processing Stats

File Path                                           PID    Runtime      # DAGs    # Errors  Last Runtime    Last Run
--------------------------------------------------  -----  ---------  --------  ----------  --------------  -------------------
/opt/airflow/dags/DAG_001_datalake_to_snowflake.py                           0           0  0.37s           2026-02-24T19:20:23
================================================================================
[2026-02-24T19:20:59.155+0000] {manager.py:878} INFO - 
================================================================================
DAG File Processing Stats

File Path                                           PID    Runtime      # DAGs    # Errors  Last Runtime    Last Run
--------------------------------------------------  -----  ---------  --------  ----------  --------------  -------------------
/opt/airflow/dags/DAG_001_datalake_to_snowflake.py                           0           0  0.46s           2026-02-24T19:20:54
================================================================================
[2026-02-24T19:21:29.423+0000] {manager.py:878} INFO - 
================================================================================
DAG File Processing Stats

File Path                                           PID    Runtime      # DAGs    # Errors  Last Runtime    Last Run
--------------------------------------------------  -----  ---------  --------  ----------  --------------  -------------------
/opt/airflow/dags/DAG_001_datalake_to_snowflake.py                           0           0  0.36s           2026-02-24T19:21:24
================================================================================
[2026-02-24T19:21:59.988+0000] {manager.py:878} INFO - 
================================================================================
DAG File Processing Stats

File Path                                           PID    Runtime      # DAGs    # Errors  Last Runtime    Last Run
--------------------------------------------------  -----  ---------  --------  ----------  --------------  -------------------
/opt/airflow/dags/DAG_001_datalake_to_snowflake.py                           0           0  0.35s           2026-02-24T19:21:55
================================================================================
[2026-02-24T19:22:29.995+0000] {manager.py:878} INFO - 
================================================================================
DAG File Processing Stats

File Path                                           PID    Runtime      # DAGs    # Errors  Last Runtime    Last Run
--------------------------------------------------  -----  ---------  --------  ----------  --------------  -------------------
/opt/airflow/dags/DAG_001_datalake_to_snowflake.py                           0           0  0.37s           2026-02-24T19:22:25
================================================================================
[2026-02-24T19:23:00.213+0000] {manager.py:878} INFO - 
================================================================================
DAG File Processing Stats

File Path                                           PID    Runtime      # DAGs    # Errors  Last Runtime    Last Run
--------------------------------------------------  -----  ---------  --------  ----------  --------------  -------------------
/opt/airflow/dags/DAG_001_datalake_to_snowflake.py                           0           0  0.36s           2026-02-24T19:22:56
================================================================================
[2026-02-24T19:23:30.818+0000] {manager.py:878} INFO - 
================================================================================
DAG File Processing Stats

File Path                                           PID    Runtime      # DAGs    # Errors  Last Runtime    Last Run
--------------------------------------------------  -----  ---------  --------  ----------  --------------  -------------------
/opt/airflow/dags/DAG_001_datalake_to_snowflake.py                           0           0  0.35s           2026-02-24T19:23:27
================================================================================
[2026-02-24T19:24:01.389+0000] {manager.py:878} INFO - 
================================================================================
DAG File Processing Stats

File Path                                           PID    Runtime      # DAGs    # Errors  Last Runtime    Last Run
--------------------------------------------------  -----  ---------  --------  ----------  --------------  -------------------
/opt/airflow/dags/DAG_001_datalake_to_snowflake.py                           0           0  0.36s           2026-02-24T19:23:57
================================================================================
[2026-02-24T19:24:21.591+0000] {manager.py:737} INFO - Searching for files in /opt/airflow/dags
[2026-02-24T19:24:21.597+0000] {manager.py:740} INFO - There are 1 files in /opt/airflow/dags
[2026-02-24T19:24:31.993+0000] {manager.py:878} INFO - 
================================================================================
DAG File Processing Stats

File Path                                           PID    Runtime      # DAGs    # Errors  Last Runtime    Last Run
--------------------------------------------------  -----  ---------  --------  ----------  --------------  -------------------
/opt/airflow/dags/DAG_001_datalake_to_snowflake.py                           0           0  0.35s           2026-02-24T19:24:28
================================================================================
[2026-02-24T19:25:02.013+0000] {manager.py:878} INFO - 
================================================================================
DAG File Processing Stats

File Path                                           PID    Runtime      # DAGs    # Errors  Last Runtime    Last Run
--------------------------------------------------  -----  ---------  --------  ----------  --------------  -------------------
/opt/airflow/dags/DAG_001_datalake_to_snowflake.py                           0           0  0.37s           2026-02-24T19:24:58
================================================================================
[2026-02-24T19:25:32.238+0000] {manager.py:878} INFO - 
================================================================================
DAG File Processing Stats

File Path                                           PID    Runtime      # DAGs    # Errors  Last Runtime    Last Run
--------------------------------------------------  -----  ---------  --------  ----------  --------------  -------------------
/opt/airflow/dags/DAG_001_datalake_to_snowflake.py                           0           0  0.34s           2026-02-24T19:25:29
================================================================================
[2026-02-24T19:26:02.896+0000] {manager.py:878} INFO - 
================================================================================
DAG File Processing Stats

File Path                                           PID    Runtime      # DAGs    # Errors  Last Runtime    Last Run
--------------------------------------------------  -----  ---------  --------  ----------  --------------  -------------------
/opt/airflow/dags/DAG_001_datalake_to_snowflake.py                           0           0  0.36s           2026-02-24T19:26:00
================================================================================
[2026-02-24T19:26:33.538+0000] {manager.py:878} INFO - 
================================================================================
DAG File Processing Stats

File Path                                           PID    Runtime      # DAGs    # Errors  Last Runtime    Last Run
--------------------------------------------------  -----  ---------  --------  ----------  --------------  -------------------
/opt/airflow/dags/DAG_001_datalake_to_snowflake.py                           0           0  0.36s           2026-02-24T19:26:30
================================================================================
[2026-02-24T19:27:03.563+0000] {manager.py:878} INFO - 
================================================================================
DAG File Processing Stats

File Path                                           PID    Runtime      # DAGs    # Errors  Last Runtime    Last Run
--------------------------------------------------  -----  ---------  --------  ----------  --------------  -------------------
/opt/airflow/dags/DAG_001_datalake_to_snowflake.py                           0           0  0.39s           2026-02-24T19:27:01
================================================================================
[2026-02-24T19:27:33.803+0000] {manager.py:878} INFO - 
================================================================================
DAG File Processing Stats

File Path                                           PID    Runtime      # DAGs    # Errors  Last Runtime    Last Run
--------------------------------------------------  -----  ---------  --------  ----------  --------------  -------------------
/opt/airflow/dags/DAG_001_datalake_to_snowflake.py                           0           0  0.36s           2026-02-24T19:27:32
================================================================================
[2026-02-24T19:28:04.409+0000] {manager.py:878} INFO - 
================================================================================
DAG File Processing Stats

File Path                                           PID    Runtime      # DAGs    # Errors  Last Runtime    Last Run
--------------------------------------------------  -----  ---------  --------  ----------  --------------  -------------------
/opt/airflow/dags/DAG_001_datalake_to_snowflake.py                           0           0  0.34s           2026-02-24T19:28:02
================================================================================
[2026-02-24T19:28:35.033+0000] {manager.py:878} INFO - 
================================================================================
DAG File Processing Stats

File Path                                           PID    Runtime      # DAGs    # Errors  Last Runtime    Last Run
--------------------------------------------------  -----  ---------  --------  ----------  --------------  -------------------
/opt/airflow/dags/DAG_001_datalake_to_snowflake.py                           0           0  0.36s           2026-02-24T19:28:33
================================================================================
[2026-02-24T19:29:05.671+0000] {manager.py:878} INFO - 
================================================================================
DAG File Processing Stats

File Path                                           PID    Runtime      # DAGs    # Errors  Last Runtime    Last Run
--------------------------------------------------  -----  ---------  --------  ----------  --------------  -------------------
/opt/airflow/dags/DAG_001_datalake_to_snowflake.py                           0           0  0.36s           2026-02-24T19:29:04
================================================================================
[2026-02-24T19:29:21.795+0000] {manager.py:737} INFO - Searching for files in /opt/airflow/dags
[2026-02-24T19:29:21.799+0000] {manager.py:740} INFO - There are 1 files in /opt/airflow/dags
[2026-02-24T19:29:35.710+0000] {manager.py:878} INFO - 
================================================================================
DAG File Processing Stats

File Path                                           PID    Runtime      # DAGs    # Errors  Last Runtime    Last Run
--------------------------------------------------  -----  ---------  --------  ----------  --------------  -------------------
/opt/airflow/dags/DAG_001_datalake_to_snowflake.py                           0           0  0.35s           2026-02-24T19:29:34
================================================================================
[2026-02-24T19:30:05.920+0000] {manager.py:878} INFO - 
================================================================================
DAG File Processing Stats

File Path                                           PID    Runtime      # DAGs    # Errors  Last Runtime    Last Run
--------------------------------------------------  -----  ---------  --------  ----------  --------------  -------------------
/opt/airflow/dags/DAG_001_datalake_to_snowflake.py                           0           0  0.36s           2026-02-24T19:30:05
================================================================================
[2026-02-24T19:30:36.512+0000] {manager.py:878} INFO - 
================================================================================
DAG File Processing Stats

File Path                                           PID    Runtime      # DAGs    # Errors  Last Runtime    Last Run
--------------------------------------------------  -----  ---------  --------  ----------  --------------  -------------------
/opt/airflow/dags/DAG_001_datalake_to_snowflake.py                           0           0  0.39s           2026-02-24T19:30:35
================================================================================
[2026-02-24T19:31:07.131+0000] {manager.py:878} INFO - 
================================================================================
DAG File Processing Stats

File Path                                           PID    Runtime      # DAGs    # Errors  Last Runtime    Last Run
--------------------------------------------------  -----  ---------  --------  ----------  --------------  -------------------
/opt/airflow/dags/DAG_001_datalake_to_snowflake.py                           0           0  0.36s           2026-02-24T19:31:06
================================================================================
[2026-02-24T19:31:37.705+0000] {manager.py:878} INFO - 
================================================================================
DAG File Processing Stats

File Path                                           PID    Runtime      # DAGs    # Errors  Last Runtime    Last Run
--------------------------------------------------  -----  ---------  --------  ----------  --------------  -------------------
/opt/airflow/dags/DAG_001_datalake_to_snowflake.py                           0           0  0.35s           2026-02-24T19:31:37
================================================================================
[2026-02-24T19:32:08.289+0000] {manager.py:878} INFO - 
================================================================================
DAG File Processing Stats

File Path                                           PID    Runtime      # DAGs    # Errors  Last Runtime    Last Run
--------------------------------------------------  -----  ---------  --------  ----------  --------------  -------------------
/opt/airflow/dags/DAG_001_datalake_to_snowflake.py                           0           0  0.35s           2026-02-24T19:32:07
================================================================================
[2026-02-24T19:32:38.880+0000] {manager.py:878} INFO - 
================================================================================
DAG File Processing Stats

File Path                                           PID    Runtime      # DAGs    # Errors  Last Runtime    Last Run
--------------------------------------------------  -----  ---------  --------  ----------  --------------  -------------------
/opt/airflow/dags/DAG_001_datalake_to_snowflake.py                           0           0  0.36s           2026-02-24T19:32:38
================================================================================
[2026-02-24T19:33:09.451+0000] {manager.py:878} INFO - 
================================================================================
DAG File Processing Stats

File Path                                           PID    Runtime      # DAGs    # Errors  Last Runtime    Last Run
--------------------------------------------------  -----  ---------  --------  ----------  --------------  -------------------
/opt/airflow/dags/DAG_001_datalake_to_snowflake.py                           0           0  0.35s           2026-02-24T19:33:08
================================================================================
[2026-02-24T19:33:40.018+0000] {manager.py:878} INFO - 
================================================================================
DAG File Processing Stats

File Path                                           PID    Runtime      # DAGs    # Errors  Last Runtime    Last Run
--------------------------------------------------  -----  ---------  --------  ----------  --------------  -------------------
/opt/airflow/dags/DAG_001_datalake_to_snowflake.py                           0           0  0.36s           2026-02-24T19:33:39
================================================================================
[2026-02-24T19:34:10.614+0000] {manager.py:878} INFO - 
================================================================================
DAG File Processing Stats

File Path                                           PID    Runtime      # DAGs    # Errors  Last Runtime    Last Run
--------------------------------------------------  -----  ---------  --------  ----------  --------------  -------------------
/opt/airflow/dags/DAG_001_datalake_to_snowflake.py                           0           0  0.39s           2026-02-24T19:34:09
================================================================================
[2026-02-24T19:34:22.083+0000] {manager.py:737} INFO - Searching for files in /opt/airflow/dags
[2026-02-24T19:34:22.085+0000] {manager.py:740} INFO - There are 1 files in /opt/airflow/dags
[2026-02-24T19:34:40.620+0000] {manager.py:878} INFO - 
================================================================================
DAG File Processing Stats

File Path                                           PID    Runtime      # DAGs    # Errors  Last Runtime    Last Run
--------------------------------------------------  -----  ---------  --------  ----------  --------------  -------------------
/opt/airflow/dags/DAG_001_datalake_to_snowflake.py                           0           0  0.36s           2026-02-24T19:34:40
================================================================================
[2026-02-24T19:35:10.852+0000] {manager.py:878} INFO - 
================================================================================
DAG File Processing Stats

File Path                                             PID  Runtime      # DAGs    # Errors  Last Runtime    Last Run
--------------------------------------------------  -----  ---------  --------  ----------  --------------  -------------------
/opt/airflow/dags/DAG_001_datalake_to_snowflake.py   3175  0.00s             0           0  0.36s           2026-02-24T19:34:40
================================================================================
[2026-02-24T19:35:41.161+0000] {manager.py:878} INFO - 
================================================================================
DAG File Processing Stats

File Path                                           PID    Runtime      # DAGs    # Errors  Last Runtime    Last Run
--------------------------------------------------  -----  ---------  --------  ----------  --------------  -------------------
/opt/airflow/dags/DAG_001_datalake_to_snowflake.py                           0           0  0.35s           2026-02-24T19:35:11
================================================================================
[2026-02-24T19:36:11.164+0000] {manager.py:878} INFO - 
================================================================================
DAG File Processing Stats

File Path                                           PID    Runtime      # DAGs    # Errors  Last Runtime    Last Run
--------------------------------------------------  -----  ---------  --------  ----------  --------------  -------------------
/opt/airflow/dags/DAG_001_datalake_to_snowflake.py                           0           0  0.41s           2026-02-24T19:35:41
================================================================================
[2026-02-24T19:36:41.492+0000] {manager.py:878} INFO - 
================================================================================
DAG File Processing Stats

File Path                                           PID    Runtime      # DAGs    # Errors  Last Runtime    Last Run
--------------------------------------------------  -----  ---------  --------  ----------  --------------  -------------------
/opt/airflow/dags/DAG_001_datalake_to_snowflake.py                           0           0  0.35s           2026-02-24T19:36:12
================================================================================
[2026-02-24T19:37:12.150+0000] {manager.py:878} INFO - 
================================================================================
DAG File Processing Stats

File Path                                           PID    Runtime      # DAGs    # Errors  Last Runtime    Last Run
--------------------------------------------------  -----  ---------  --------  ----------  --------------  -------------------
/opt/airflow/dags/DAG_001_datalake_to_snowflake.py                           0           0  0.34s           2026-02-24T19:36:43
================================================================================
[2026-02-24T19:37:42.741+0000] {manager.py:878} INFO - 
================================================================================
DAG File Processing Stats

File Path                                           PID    Runtime      # DAGs    # Errors  Last Runtime    Last Run
--------------------------------------------------  -----  ---------  --------  ----------  --------------  -------------------
/opt/airflow/dags/DAG_001_datalake_to_snowflake.py                           0           0  0.35s           2026-02-24T19:37:13
================================================================================
[2026-02-24T19:38:13.353+0000] {manager.py:878} INFO - 
================================================================================
DAG File Processing Stats

File Path                                           PID    Runtime      # DAGs    # Errors  Last Runtime    Last Run
--------------------------------------------------  -----  ---------  --------  ----------  --------------  -------------------
/opt/airflow/dags/DAG_001_datalake_to_snowflake.py                           0           0  0.35s           2026-02-24T19:37:44
================================================================================
[2026-02-24T19:38:43.944+0000] {manager.py:878} INFO - 
================================================================================
DAG File Processing Stats

File Path                                           PID    Runtime      # DAGs    # Errors  Last Runtime    Last Run
--------------------------------------------------  -----  ---------  --------  ----------  --------------  -------------------
/opt/airflow/dags/DAG_001_datalake_to_snowflake.py                           0           0  0.36s           2026-02-24T19:38:15
================================================================================
[2026-02-24T19:39:13.968+0000] {manager.py:878} INFO - 
================================================================================
DAG File Processing Stats

File Path                                           PID    Runtime      # DAGs    # Errors  Last Runtime    Last Run
--------------------------------------------------  -----  ---------  --------  ----------  --------------  -------------------
/opt/airflow/dags/DAG_001_datalake_to_snowflake.py                           0           0  0.35s           2026-02-24T19:38:45
================================================================================
[2026-02-24T19:39:22.129+0000] {manager.py:737} INFO - Searching for files in /opt/airflow/dags
[2026-02-24T19:39:22.148+0000] {manager.py:740} INFO - There are 1 files in /opt/airflow/dags
[2026-02-24T19:39:44.204+0000] {manager.py:878} INFO - 
================================================================================
DAG File Processing Stats

File Path                                           PID    Runtime      # DAGs    # Errors  Last Runtime    Last Run
--------------------------------------------------  -----  ---------  --------  ----------  --------------  -------------------
/opt/airflow/dags/DAG_001_datalake_to_snowflake.py                           0           0  0.36s           2026-02-24T19:39:16
================================================================================
[2026-02-24T19:40:14.739+0000] {manager.py:878} INFO - 
================================================================================
DAG File Processing Stats

File Path                                           PID    Runtime      # DAGs    # Errors  Last Runtime    Last Run
--------------------------------------------------  -----  ---------  --------  ----------  --------------  -------------------
/opt/airflow/dags/DAG_001_datalake_to_snowflake.py                           0           0  0.35s           2026-02-24T19:39:46
================================================================================
[2026-02-24T19:40:45.267+0000] {manager.py:878} INFO - 
================================================================================
DAG File Processing Stats

File Path                                           PID    Runtime      # DAGs    # Errors  Last Runtime    Last Run
--------------------------------------------------  -----  ---------  --------  ----------  --------------  -------------------
/opt/airflow/dags/DAG_001_datalake_to_snowflake.py                           0           0  0.38s           2026-02-24T19:40:17
================================================================================
[2026-02-24T19:41:15.857+0000] {manager.py:878} INFO - 
================================================================================
DAG File Processing Stats

File Path                                           PID    Runtime      # DAGs    # Errors  Last Runtime    Last Run
--------------------------------------------------  -----  ---------  --------  ----------  --------------  -------------------
/opt/airflow/dags/DAG_001_datalake_to_snowflake.py                           0           0  0.34s           2026-02-24T19:40:47
================================================================================
[2026-02-24T19:41:46.337+0000] {manager.py:878} INFO - 
================================================================================
DAG File Processing Stats

File Path                                           PID    Runtime      # DAGs    # Errors  Last Runtime    Last Run
--------------------------------------------------  -----  ---------  --------  ----------  --------------  -------------------
/opt/airflow/dags/DAG_001_datalake_to_snowflake.py                           0           0  0.34s           2026-02-24T19:41:18
================================================================================
[2026-02-24T19:42:16.926+0000] {manager.py:878} INFO - 
================================================================================
DAG File Processing Stats

File Path                                           PID    Runtime      # DAGs    # Errors  Last Runtime    Last Run
--------------------------------------------------  -----  ---------  --------  ----------  --------------  -------------------
/opt/airflow/dags/DAG_001_datalake_to_snowflake.py                           0           0  0.34s           2026-02-24T19:41:48
================================================================================
[2026-02-24T19:42:47.473+0000] {manager.py:878} INFO - 
================================================================================
DAG File Processing Stats

File Path                                           PID    Runtime      # DAGs    # Errors  Last Runtime    Last Run
--------------------------------------------------  -----  ---------  --------  ----------  --------------  -------------------
/opt/airflow/dags/DAG_001_datalake_to_snowflake.py                           0           0  0.34s           2026-02-24T19:42:19
================================================================================
[2026-02-24T19:43:17.897+0000] {manager.py:878} INFO - 
================================================================================
DAG File Processing Stats

File Path                                           PID    Runtime      # DAGs    # Errors  Last Runtime    Last Run
--------------------------------------------------  -----  ---------  --------  ----------  --------------  -------------------
/opt/airflow/dags/DAG_001_datalake_to_snowflake.py                           0           0  0.34s           2026-02-24T19:42:49
================================================================================
[2026-02-24T19:43:48.482+0000] {manager.py:878} INFO - 
================================================================================
DAG File Processing Stats

File Path                                           PID    Runtime      # DAGs    # Errors  Last Runtime    Last Run
--------------------------------------------------  -----  ---------  --------  ----------  --------------  -------------------
/opt/airflow/dags/DAG_001_datalake_to_snowflake.py                           0           0  0.35s           2026-02-24T19:43:20
================================================================================
[2026-02-24T19:44:18.907+0000] {manager.py:878} INFO - 
================================================================================
DAG File Processing Stats

File Path                                           PID    Runtime      # DAGs    # Errors  Last Runtime    Last Run
--------------------------------------------------  -----  ---------  --------  ----------  --------------  -------------------
/opt/airflow/dags/DAG_001_datalake_to_snowflake.py                           0           0  0.34s           2026-02-24T19:43:50
================================================================================
[2026-02-24T19:44:22.161+0000] {manager.py:737} INFO - Searching for files in /opt/airflow/dags
[2026-02-24T19:44:22.165+0000] {manager.py:740} INFO - There are 1 files in /opt/airflow/dags
[2026-02-24T19:44:49.515+0000] {manager.py:878} INFO - 
================================================================================
DAG File Processing Stats

File Path                                           PID    Runtime      # DAGs    # Errors  Last Runtime    Last Run
--------------------------------------------------  -----  ---------  --------  ----------  --------------  -------------------
/opt/airflow/dags/DAG_001_datalake_to_snowflake.py                           0           0  0.34s           2026-02-24T19:44:21
================================================================================
[2026-02-24T19:45:19.819+0000] {manager.py:878} INFO - 
================================================================================
DAG File Processing Stats

File Path                                           PID    Runtime      # DAGs    # Errors  Last Runtime    Last Run
--------------------------------------------------  -----  ---------  --------  ----------  --------------  -------------------
/opt/airflow/dags/DAG_001_datalake_to_snowflake.py                           0           0  0.34s           2026-02-24T19:44:51
================================================================================
[2026-02-24T19:45:49.873+0000] {manager.py:878} INFO - 
================================================================================
DAG File Processing Stats

File Path                                           PID    Runtime      # DAGs    # Errors  Last Runtime    Last Run
--------------------------------------------------  -----  ---------  --------  ----------  --------------  -------------------
/opt/airflow/dags/DAG_001_datalake_to_snowflake.py                           0           0  0.35s           2026-02-24T19:45:22
================================================================================
[2026-02-24T19:46:20.254+0000] {manager.py:878} INFO - 
================================================================================
DAG File Processing Stats

File Path                                           PID    Runtime      # DAGs    # Errors  Last Runtime    Last Run
--------------------------------------------------  -----  ---------  --------  ----------  --------------  -------------------
/opt/airflow/dags/DAG_001_datalake_to_snowflake.py                           0           0  0.34s           2026-02-24T19:45:52
================================================================================
[2026-02-24T19:46:50.537+0000] {manager.py:878} INFO - 
================================================================================
DAG File Processing Stats

File Path                                           PID    Runtime      # DAGs    # Errors  Last Runtime    Last Run
--------------------------------------------------  -----  ---------  --------  ----------  --------------  -------------------
/opt/airflow/dags/DAG_001_datalake_to_snowflake.py                           0           0  0.34s           2026-02-24T19:46:23
================================================================================
[2026-02-24T19:47:20.579+0000] {manager.py:878} INFO - 
================================================================================
DAG File Processing Stats

File Path                                           PID    Runtime      # DAGs    # Errors  Last Runtime    Last Run
--------------------------------------------------  -----  ---------  --------  ----------  --------------  -------------------
/opt/airflow/dags/DAG_001_datalake_to_snowflake.py                           0           0  0.34s           2026-02-24T19:46:54
================================================================================
[2026-02-24T19:47:50.951+0000] {manager.py:878} INFO - 
================================================================================
DAG File Processing Stats

File Path                                           PID    Runtime      # DAGs    # Errors  Last Runtime    Last Run
--------------------------------------------------  -----  ---------  --------  ----------  --------------  -------------------
/opt/airflow/dags/DAG_001_datalake_to_snowflake.py                           0           0  0.35s           2026-02-24T19:47:24
================================================================================
[2026-02-24T19:48:21.284+0000] {manager.py:878} INFO - 
================================================================================
DAG File Processing Stats

File Path                                           PID    Runtime      # DAGs    # Errors  Last Runtime    Last Run
--------------------------------------------------  -----  ---------  --------  ----------  --------------  -------------------
/opt/airflow/dags/DAG_001_datalake_to_snowflake.py                           0           0  0.34s           2026-02-24T19:47:55
================================================================================
[2026-02-24T19:48:51.369+0000] {manager.py:878} INFO - 
================================================================================
DAG File Processing Stats

File Path                                           PID    Runtime      # DAGs    # Errors  Last Runtime    Last Run
--------------------------------------------------  -----  ---------  --------  ----------  --------------  -------------------
/opt/airflow/dags/DAG_001_datalake_to_snowflake.py                           0           0  0.34s           2026-02-24T19:48:26
================================================================================
[2026-02-24T19:49:21.728+0000] {manager.py:878} INFO - 
================================================================================
DAG File Processing Stats

File Path                                           PID    Runtime      # DAGs    # Errors  Last Runtime    Last Run
--------------------------------------------------  -----  ---------  --------  ----------  --------------  -------------------
/opt/airflow/dags/DAG_001_datalake_to_snowflake.py                           0           0  0.34s           2026-02-24T19:48:56
================================================================================
[2026-02-24T19:49:22.746+0000] {manager.py:737} INFO - Searching for files in /opt/airflow/dags
[2026-02-24T19:49:22.751+0000] {manager.py:740} INFO - There are 1 files in /opt/airflow/dags
[2026-02-24T19:49:52.096+0000] {manager.py:878} INFO - 
================================================================================
DAG File Processing Stats

File Path                                           PID    Runtime      # DAGs    # Errors  Last Runtime    Last Run
--------------------------------------------------  -----  ---------  --------  ----------  --------------  -------------------
/opt/airflow/dags/DAG_001_datalake_to_snowflake.py                           0           0  0.34s           2026-02-24T19:49:27
================================================================================
[2026-02-24T19:50:22.590+0000] {manager.py:878} INFO - 
================================================================================
DAG File Processing Stats

File Path                                           PID    Runtime      # DAGs    # Errors  Last Runtime    Last Run
--------------------------------------------------  -----  ---------  --------  ----------  --------------  -------------------
/opt/airflow/dags/DAG_001_datalake_to_snowflake.py                           0           0  0.38s           2026-02-24T19:49:57
================================================================================
[2026-02-24T19:50:52.607+0000] {manager.py:878} INFO - 
================================================================================
DAG File Processing Stats

File Path                                           PID    Runtime      # DAGs    # Errors  Last Runtime    Last Run
--------------------------------------------------  -----  ---------  --------  ----------  --------------  -------------------
/opt/airflow/dags/DAG_001_datalake_to_snowflake.py                           0           0  0.36s           2026-02-24T19:50:28
================================================================================
[2026-02-24T19:51:22.833+0000] {manager.py:878} INFO - 
================================================================================
DAG File Processing Stats

File Path                                           PID    Runtime      # DAGs    # Errors  Last Runtime    Last Run
--------------------------------------------------  -----  ---------  --------  ----------  --------------  -------------------
/opt/airflow/dags/DAG_001_datalake_to_snowflake.py                           0           0  0.36s           2026-02-24T19:50:59
================================================================================
[2026-02-24T19:51:52.893+0000] {manager.py:878} INFO - 
================================================================================
DAG File Processing Stats

File Path                                           PID    Runtime      # DAGs    # Errors  Last Runtime    Last Run
--------------------------------------------------  -----  ---------  --------  ----------  --------------  -------------------
/opt/airflow/dags/DAG_001_datalake_to_snowflake.py                           0           0  0.40s           2026-02-24T19:51:29
================================================================================
[2026-02-24T19:52:23.230+0000] {manager.py:878} INFO - 
================================================================================
DAG File Processing Stats

File Path                                           PID    Runtime      # DAGs    # Errors  Last Runtime    Last Run
--------------------------------------------------  -----  ---------  --------  ----------  --------------  -------------------
/opt/airflow/dags/DAG_001_datalake_to_snowflake.py                           0           0  0.35s           2026-02-24T19:52:00
================================================================================
[2026-02-24T19:52:53.703+0000] {manager.py:878} INFO - 
================================================================================
DAG File Processing Stats

File Path                                           PID    Runtime      # DAGs    # Errors  Last Runtime    Last Run
--------------------------------------------------  -----  ---------  --------  ----------  --------------  -------------------
/opt/airflow/dags/DAG_001_datalake_to_snowflake.py                           0           0  0.35s           2026-02-24T19:52:30
================================================================================
[2026-02-24T19:53:24.358+0000] {manager.py:878} INFO - 
================================================================================
DAG File Processing Stats

File Path                                           PID    Runtime      # DAGs    # Errors  Last Runtime    Last Run
--------------------------------------------------  -----  ---------  --------  ----------  --------------  -------------------
/opt/airflow/dags/DAG_001_datalake_to_snowflake.py                           0           0  0.36s           2026-02-24T19:53:01
================================================================================
[2026-02-24T19:53:54.999+0000] {manager.py:878} INFO - 
================================================================================
DAG File Processing Stats

File Path                                           PID    Runtime      # DAGs    # Errors  Last Runtime    Last Run
--------------------------------------------------  -----  ---------  --------  ----------  --------------  -------------------
/opt/airflow/dags/DAG_001_datalake_to_snowflake.py                           0           0  0.35s           2026-02-24T19:53:32
================================================================================
[2026-02-24T19:54:22.808+0000] {manager.py:737} INFO - Searching for files in /opt/airflow/dags
[2026-02-24T19:54:22.812+0000] {manager.py:740} INFO - There are 1 files in /opt/airflow/dags
[2026-02-24T19:54:25.467+0000] {manager.py:878} INFO - 
================================================================================
DAG File Processing Stats

File Path                                           PID    Runtime      # DAGs    # Errors  Last Runtime    Last Run
--------------------------------------------------  -----  ---------  --------  ----------  --------------  -------------------
/opt/airflow/dags/DAG_001_datalake_to_snowflake.py                           0           0  0.35s           2026-02-24T19:54:02
================================================================================
[2026-02-24T19:54:55.489+0000] {manager.py:878} INFO - 
================================================================================
DAG File Processing Stats

File Path                                           PID    Runtime      # DAGs    # Errors  Last Runtime    Last Run
--------------------------------------------------  -----  ---------  --------  ----------  --------------  -------------------
/opt/airflow/dags/DAG_001_datalake_to_snowflake.py                           0           0  0.36s           2026-02-24T19:54:33
================================================================================
[2026-02-24T19:55:25.745+0000] {manager.py:878} INFO - 
================================================================================
DAG File Processing Stats

File Path                                           PID    Runtime      # DAGs    # Errors  Last Runtime    Last Run
--------------------------------------------------  -----  ---------  --------  ----------  --------------  -------------------
/opt/airflow/dags/DAG_001_datalake_to_snowflake.py                           0           0  0.36s           2026-02-24T19:55:03
================================================================================
[2026-02-24T19:55:56.179+0000] {manager.py:878} INFO - 
================================================================================
DAG File Processing Stats

File Path                                           PID    Runtime      # DAGs    # Errors  Last Runtime    Last Run
--------------------------------------------------  -----  ---------  --------  ----------  --------------  -------------------
/opt/airflow/dags/DAG_001_datalake_to_snowflake.py                           0           0  0.34s           2026-02-24T19:55:34
================================================================================
[2026-02-24T19:56:26.594+0000] {manager.py:878} INFO - 
================================================================================
DAG File Processing Stats

File Path                                           PID    Runtime      # DAGs    # Errors  Last Runtime    Last Run
--------------------------------------------------  -----  ---------  --------  ----------  --------------  -------------------
/opt/airflow/dags/DAG_001_datalake_to_snowflake.py                           0           0  0.35s           2026-02-24T19:56:04
================================================================================
[2026-02-24T19:56:57.143+0000] {manager.py:878} INFO - 
================================================================================
DAG File Processing Stats

File Path                                           PID    Runtime      # DAGs    # Errors  Last Runtime    Last Run
--------------------------------------------------  -----  ---------  --------  ----------  --------------  -------------------
/opt/airflow/dags/DAG_001_datalake_to_snowflake.py                           0           0  0.35s           2026-02-24T19:56:35
================================================================================
[2026-02-24T19:57:27.550+0000] {manager.py:878} INFO - 
================================================================================
DAG File Processing Stats

File Path                                           PID    Runtime      # DAGs    # Errors  Last Runtime    Last Run
--------------------------------------------------  -----  ---------  --------  ----------  --------------  -------------------
/opt/airflow/dags/DAG_001_datalake_to_snowflake.py                           0           0  0.36s           2026-02-24T19:57:05
================================================================================
[2026-02-24T19:57:58.058+0000] {manager.py:878} INFO - 
================================================================================
DAG File Processing Stats

File Path                                           PID    Runtime      # DAGs    # Errors  Last Runtime    Last Run
--------------------------------------------------  -----  ---------  --------  ----------  --------------  -------------------
/opt/airflow/dags/DAG_001_datalake_to_snowflake.py                           0           0  0.40s           2026-02-24T19:57:36
================================================================================
[2026-02-24T19:58:28.474+0000] {manager.py:878} INFO - 
================================================================================
DAG File Processing Stats

File Path                                           PID    Runtime      # DAGs    # Errors  Last Runtime    Last Run
--------------------------------------------------  -----  ---------  --------  ----------  --------------  -------------------
/opt/airflow/dags/DAG_001_datalake_to_snowflake.py                           0           0  0.36s           2026-02-24T19:58:06
================================================================================
[2026-02-24T19:58:58.960+0000] {manager.py:878} INFO - 
================================================================================
DAG File Processing Stats

File Path                                           PID    Runtime      # DAGs    # Errors  Last Runtime    Last Run
--------------------------------------------------  -----  ---------  --------  ----------  --------------  -------------------
/opt/airflow/dags/DAG_001_datalake_to_snowflake.py                           0           0  0.35s           2026-02-24T19:58:36
================================================================================
[2026-02-24T19:59:23.339+0000] {manager.py:737} INFO - Searching for files in /opt/airflow/dags
[2026-02-24T19:59:23.343+0000] {manager.py:740} INFO - There are 1 files in /opt/airflow/dags
[2026-02-24T19:59:29.412+0000] {manager.py:878} INFO - 
================================================================================
DAG File Processing Stats

File Path                                           PID    Runtime      # DAGs    # Errors  Last Runtime    Last Run
--------------------------------------------------  -----  ---------  --------  ----------  --------------  -------------------
/opt/airflow/dags/DAG_001_datalake_to_snowflake.py                           0           0  0.36s           2026-02-24T19:59:07
================================================================================
[2026-02-24T19:59:59.953+0000] {manager.py:878} INFO - 
================================================================================
DAG File Processing Stats

File Path                                           PID    Runtime      # DAGs    # Errors  Last Runtime    Last Run
--------------------------------------------------  -----  ---------  --------  ----------  --------------  -------------------
/opt/airflow/dags/DAG_001_datalake_to_snowflake.py                           0           0  0.36s           2026-02-24T19:59:37
================================================================================
[2026-02-24T20:00:30.305+0000] {manager.py:878} INFO - 
================================================================================
DAG File Processing Stats

File Path                                           PID    Runtime      # DAGs    # Errors  Last Runtime    Last Run
--------------------------------------------------  -----  ---------  --------  ----------  --------------  -------------------
/opt/airflow/dags/DAG_001_datalake_to_snowflake.py                           0           0  0.43s           2026-02-24T20:00:08
================================================================================
[2026-02-24T20:01:00.461+0000] {manager.py:878} INFO - 
================================================================================
DAG File Processing Stats

File Path                                           PID    Runtime      # DAGs    # Errors  Last Runtime    Last Run
--------------------------------------------------  -----  ---------  --------  ----------  --------------  -------------------
/opt/airflow/dags/DAG_001_datalake_to_snowflake.py                           0           0  0.34s           2026-02-24T20:00:39
================================================================================
[2026-02-24T20:01:30.921+0000] {manager.py:878} INFO - 
================================================================================
DAG File Processing Stats

File Path                                           PID    Runtime      # DAGs    # Errors  Last Runtime    Last Run
--------------------------------------------------  -----  ---------  --------  ----------  --------------  -------------------
/opt/airflow/dags/DAG_001_datalake_to_snowflake.py                           0           0  0.34s           2026-02-24T20:01:09
================================================================================
[2026-02-24T20:02:01.377+0000] {manager.py:878} INFO - 
================================================================================
DAG File Processing Stats

File Path                                           PID    Runtime      # DAGs    # Errors  Last Runtime    Last Run
--------------------------------------------------  -----  ---------  --------  ----------  --------------  -------------------
/opt/airflow/dags/DAG_001_datalake_to_snowflake.py                           0           0  0.34s           2026-02-24T20:01:40
================================================================================
[2026-02-24T20:02:32.097+0000] {manager.py:878} INFO - 
================================================================================
DAG File Processing Stats

File Path                                           PID    Runtime      # DAGs    # Errors  Last Runtime    Last Run
--------------------------------------------------  -----  ---------  --------  ----------  --------------  -------------------
/opt/airflow/dags/DAG_001_datalake_to_snowflake.py                           0           0  0.34s           2026-02-24T20:02:10
================================================================================
[2026-02-24T20:03:02.522+0000] {manager.py:878} INFO - 
================================================================================
DAG File Processing Stats

File Path                                           PID    Runtime      # DAGs    # Errors  Last Runtime    Last Run
--------------------------------------------------  -----  ---------  --------  ----------  --------------  -------------------
/opt/airflow/dags/DAG_001_datalake_to_snowflake.py                           0           0  0.38s           2026-02-24T20:02:41
================================================================================
[2026-02-24T20:03:33.220+0000] {manager.py:878} INFO - 
================================================================================
DAG File Processing Stats

File Path                                           PID    Runtime      # DAGs    # Errors  Last Runtime    Last Run
--------------------------------------------------  -----  ---------  --------  ----------  --------------  -------------------
/opt/airflow/dags/DAG_001_datalake_to_snowflake.py                           0           0  0.35s           2026-02-24T20:03:11
================================================================================
[2026-02-24T20:04:03.606+0000] {manager.py:878} INFO - 
================================================================================
DAG File Processing Stats

File Path                                           PID    Runtime      # DAGs    # Errors  Last Runtime    Last Run
--------------------------------------------------  -----  ---------  --------  ----------  --------------  -------------------
/opt/airflow/dags/DAG_001_datalake_to_snowflake.py                           0           0  0.34s           2026-02-24T20:03:42
================================================================================
[2026-02-24T20:04:24.189+0000] {manager.py:737} INFO - Searching for files in /opt/airflow/dags
[2026-02-24T20:04:24.195+0000] {manager.py:740} INFO - There are 1 files in /opt/airflow/dags
[2026-02-24T20:04:34.330+0000] {manager.py:878} INFO - 
================================================================================
DAG File Processing Stats

File Path                                           PID    Runtime      # DAGs    # Errors  Last Runtime    Last Run
--------------------------------------------------  -----  ---------  --------  ----------  --------------  -------------------
/opt/airflow/dags/DAG_001_datalake_to_snowflake.py                           0           0  0.34s           2026-02-24T20:04:13
================================================================================
[2026-02-24T20:05:04.745+0000] {manager.py:878} INFO - 
================================================================================
DAG File Processing Stats

File Path                                           PID    Runtime      # DAGs    # Errors  Last Runtime    Last Run
--------------------------------------------------  -----  ---------  --------  ----------  --------------  -------------------
/opt/airflow/dags/DAG_001_datalake_to_snowflake.py                           0           0  0.34s           2026-02-24T20:04:43
================================================================================
[2026-02-24T20:05:35.410+0000] {manager.py:878} INFO - 
================================================================================
DAG File Processing Stats

File Path                                           PID    Runtime      # DAGs    # Errors  Last Runtime    Last Run
--------------------------------------------------  -----  ---------  --------  ----------  --------------  -------------------
/opt/airflow/dags/DAG_001_datalake_to_snowflake.py                           0           0  0.34s           2026-02-24T20:05:14
================================================================================
[2026-02-24T20:06:05.789+0000] {manager.py:878} INFO - 
================================================================================
DAG File Processing Stats

File Path                                           PID    Runtime      # DAGs    # Errors  Last Runtime    Last Run
--------------------------------------------------  -----  ---------  --------  ----------  --------------  -------------------
/opt/airflow/dags/DAG_001_datalake_to_snowflake.py                           0           0  0.34s           2026-02-24T20:05:44
================================================================================
[2026-02-24T20:06:36.482+0000] {manager.py:878} INFO - 
================================================================================
DAG File Processing Stats

File Path                                           PID    Runtime      # DAGs    # Errors  Last Runtime    Last Run
--------------------------------------------------  -----  ---------  --------  ----------  --------------  -------------------
/opt/airflow/dags/DAG_001_datalake_to_snowflake.py                           0           0  0.34s           2026-02-24T20:06:15
================================================================================
[2026-02-24T20:07:06.914+0000] {manager.py:878} INFO - 
================================================================================
DAG File Processing Stats

File Path                                           PID    Runtime      # DAGs    # Errors  Last Runtime    Last Run
--------------------------------------------------  -----  ---------  --------  ----------  --------------  -------------------
/opt/airflow/dags/DAG_001_datalake_to_snowflake.py                           0           0  0.34s           2026-02-24T20:06:45
================================================================================
[2026-02-24T20:07:37.635+0000] {manager.py:878} INFO - 
================================================================================
DAG File Processing Stats

File Path                                           PID    Runtime      # DAGs    # Errors  Last Runtime    Last Run
--------------------------------------------------  -----  ---------  --------  ----------  --------------  -------------------
/opt/airflow/dags/DAG_001_datalake_to_snowflake.py                           0           0  0.34s           2026-02-24T20:07:16
================================================================================
[2026-02-24T20:08:07.998+0000] {manager.py:878} INFO - 
================================================================================
DAG File Processing Stats

File Path                                           PID    Runtime      # DAGs    # Errors  Last Runtime    Last Run
--------------------------------------------------  -----  ---------  --------  ----------  --------------  -------------------
/opt/airflow/dags/DAG_001_datalake_to_snowflake.py                           0           0  0.34s           2026-02-24T20:07:47
================================================================================
[2026-02-24T20:08:38.312+0000] {manager.py:878} INFO - 
================================================================================
DAG File Processing Stats

File Path                                           PID    Runtime      # DAGs    # Errors  Last Runtime    Last Run
--------------------------------------------------  -----  ---------  --------  ----------  --------------  -------------------
/opt/airflow/dags/DAG_001_datalake_to_snowflake.py                           0           0  0.33s           2026-02-24T20:08:17
================================================================================
[2026-02-24T20:09:08.358+0000] {manager.py:878} INFO - 
================================================================================
DAG File Processing Stats

File Path                                           PID    Runtime      # DAGs    # Errors  Last Runtime    Last Run
--------------------------------------------------  -----  ---------  --------  ----------  --------------  -------------------
/opt/airflow/dags/DAG_001_datalake_to_snowflake.py                           0           0  0.34s           2026-02-24T20:08:48
================================================================================
[2026-02-24T20:09:24.549+0000] {manager.py:737} INFO - Searching for files in /opt/airflow/dags
[2026-02-24T20:09:24.555+0000] {manager.py:740} INFO - There are 1 files in /opt/airflow/dags
[2026-02-24T20:09:38.782+0000] {manager.py:878} INFO - 
================================================================================
DAG File Processing Stats

File Path                                           PID    Runtime      # DAGs    # Errors  Last Runtime    Last Run
--------------------------------------------------  -----  ---------  --------  ----------  --------------  -------------------
/opt/airflow/dags/DAG_001_datalake_to_snowflake.py                           0           0  0.34s           2026-02-24T20:09:18
================================================================================
[2026-02-24T20:10:09.100+0000] {manager.py:878} INFO - 
================================================================================
DAG File Processing Stats

File Path                                           PID    Runtime      # DAGs    # Errors  Last Runtime    Last Run
--------------------------------------------------  -----  ---------  --------  ----------  --------------  -------------------
/opt/airflow/dags/DAG_001_datalake_to_snowflake.py                           0           0  0.34s           2026-02-24T20:09:49
================================================================================
[2026-02-24T20:34:18.105+0000] {manager.py:737} INFO - Searching for files in /opt/airflow/dags
[2026-02-24T20:34:18.110+0000] {manager.py:740} INFO - There are 1 files in /opt/airflow/dags
[2026-02-24T20:34:35.252+0000] {manager.py:878} INFO - 
================================================================================
DAG File Processing Stats

File Path                                           PID    Runtime      # DAGs    # Errors  Last Runtime    Last Run
--------------------------------------------------  -----  ---------  --------  ----------  --------------  -------------------
/opt/airflow/dags/DAG_001_datalake_to_snowflake.py                           0           0  0.35s           2026-02-24T20:34:18
================================================================================
[2026-02-24T20:35:05.838+0000] {manager.py:878} INFO - 
================================================================================
DAG File Processing Stats

File Path                                           PID    Runtime      # DAGs    # Errors  Last Runtime    Last Run
--------------------------------------------------  -----  ---------  --------  ----------  --------------  -------------------
/opt/airflow/dags/DAG_001_datalake_to_snowflake.py                           0           0  0.36s           2026-02-24T20:34:49
================================================================================
[2026-02-24T20:35:35.917+0000] {manager.py:878} INFO - 
================================================================================
DAG File Processing Stats

File Path                                           PID    Runtime      # DAGs    # Errors  Last Runtime    Last Run
--------------------------------------------------  -----  ---------  --------  ----------  --------------  -------------------
/opt/airflow/dags/DAG_001_datalake_to_snowflake.py                           0           0  0.44s           2026-02-24T20:35:19
================================================================================
[2026-02-24T20:36:06.153+0000] {manager.py:878} INFO - 
================================================================================
DAG File Processing Stats

File Path                                           PID    Runtime      # DAGs    # Errors  Last Runtime    Last Run
--------------------------------------------------  -----  ---------  --------  ----------  --------------  -------------------
/opt/airflow/dags/DAG_001_datalake_to_snowflake.py                           0           0  0.50s           2026-02-24T20:35:50
================================================================================
[2026-02-24T20:36:36.411+0000] {manager.py:878} INFO - 
================================================================================
DAG File Processing Stats

File Path                                           PID    Runtime      # DAGs    # Errors  Last Runtime    Last Run
--------------------------------------------------  -----  ---------  --------  ----------  --------------  -------------------
/opt/airflow/dags/DAG_001_datalake_to_snowflake.py                           0           0  0.51s           2026-02-24T20:36:21
================================================================================
[2026-02-24T20:37:06.709+0000] {manager.py:878} INFO - 
================================================================================
DAG File Processing Stats

File Path                                           PID    Runtime      # DAGs    # Errors  Last Runtime    Last Run
--------------------------------------------------  -----  ---------  --------  ----------  --------------  -------------------
/opt/airflow/dags/DAG_001_datalake_to_snowflake.py                           0           0  0.38s           2026-02-24T20:36:51
================================================================================
[2026-02-24T20:37:36.896+0000] {manager.py:878} INFO - 
================================================================================
DAG File Processing Stats

File Path                                           PID    Runtime      # DAGs    # Errors  Last Runtime    Last Run
--------------------------------------------------  -----  ---------  --------  ----------  --------------  -------------------
/opt/airflow/dags/DAG_001_datalake_to_snowflake.py                           0           0  0.50s           2026-02-24T20:37:22
================================================================================
[2026-02-24T20:38:07.166+0000] {manager.py:878} INFO - 
================================================================================
DAG File Processing Stats

File Path                                           PID    Runtime      # DAGs    # Errors  Last Runtime    Last Run
--------------------------------------------------  -----  ---------  --------  ----------  --------------  -------------------
/opt/airflow/dags/DAG_001_datalake_to_snowflake.py                           0           0  0.40s           2026-02-24T20:37:53
================================================================================
[2026-02-24T20:38:37.754+0000] {manager.py:878} INFO - 
================================================================================
DAG File Processing Stats

File Path                                           PID    Runtime      # DAGs    # Errors  Last Runtime    Last Run
--------------------------------------------------  -----  ---------  --------  ----------  --------------  -------------------
/opt/airflow/dags/DAG_001_datalake_to_snowflake.py                           0           0  0.37s           2026-02-24T20:38:24
================================================================================
[2026-02-24T20:39:07.799+0000] {manager.py:878} INFO - 
================================================================================
DAG File Processing Stats

File Path                                           PID    Runtime      # DAGs    # Errors  Last Runtime    Last Run
--------------------------------------------------  -----  ---------  --------  ----------  --------------  -------------------
/opt/airflow/dags/DAG_001_datalake_to_snowflake.py                           0           0  0.36s           2026-02-24T20:38:54
================================================================================
[2026-02-24T20:39:18.552+0000] {manager.py:737} INFO - Searching for files in /opt/airflow/dags
[2026-02-24T20:39:18.556+0000] {manager.py:740} INFO - There are 1 files in /opt/airflow/dags
[2026-02-24T20:39:38.035+0000] {manager.py:878} INFO - 
================================================================================
DAG File Processing Stats

File Path                                           PID    Runtime      # DAGs    # Errors  Last Runtime    Last Run
--------------------------------------------------  -----  ---------  --------  ----------  --------------  -------------------
/opt/airflow/dags/DAG_001_datalake_to_snowflake.py                           0           0  0.39s           2026-02-24T20:39:25
================================================================================
[2026-02-24T20:40:08.132+0000] {manager.py:878} INFO - 
================================================================================
DAG File Processing Stats

File Path                                           PID    Runtime      # DAGs    # Errors  Last Runtime    Last Run
--------------------------------------------------  -----  ---------  --------  ----------  --------------  -------------------
/opt/airflow/dags/DAG_001_datalake_to_snowflake.py                           0           0  0.45s           2026-02-24T20:39:56
================================================================================
[2026-02-24T20:40:38.293+0000] {manager.py:878} INFO - 
================================================================================
DAG File Processing Stats

File Path                                           PID    Runtime      # DAGs    # Errors  Last Runtime    Last Run
--------------------------------------------------  -----  ---------  --------  ----------  --------------  -------------------
/opt/airflow/dags/DAG_001_datalake_to_snowflake.py                           0           0  0.51s           2026-02-24T20:40:26
================================================================================
[2026-02-24T20:41:08.541+0000] {manager.py:878} INFO - 
================================================================================
DAG File Processing Stats

File Path                                           PID    Runtime      # DAGs    # Errors  Last Runtime    Last Run
--------------------------------------------------  -----  ---------  --------  ----------  --------------  -------------------
/opt/airflow/dags/DAG_001_datalake_to_snowflake.py                           0           0  0.71s           2026-02-24T20:40:57
================================================================================
[2026-02-24T20:41:08.939+0000] {manager.py:452} INFO - Exiting gracefully upon receiving signal 15
[2026-02-24T20:41:42.133+0000] {manager.py:470} INFO - Processing files using up to 2 processes at a time 
[2026-02-24T20:41:42.139+0000] {manager.py:471} INFO - Process each file at most once every 30 seconds
[2026-02-24T20:41:42.141+0000] {manager.py:472} INFO - Checking for new files in /opt/airflow/dags every 300 seconds
[2026-02-24T20:41:42.145+0000] {manager.py:737} INFO - Searching for files in /opt/airflow/dags
[2026-02-24T20:41:42.168+0000] {manager.py:740} INFO - There are 1 files in /opt/airflow/dags
[2026-02-24T20:41:42.307+0000] {manager.py:878} INFO - 
================================================================================
DAG File Processing Stats

File Path                                             PID  Runtime      # DAGs    # Errors  Last Runtime    Last Run
--------------------------------------------------  -----  ---------  --------  ----------  --------------  ----------
/opt/airflow/dags/DAG_001_datalake_to_snowflake.py     25  0.08s             0           0
================================================================================
[2026-02-24T20:42:12.594+0000] {manager.py:878} INFO - 
================================================================================
DAG File Processing Stats

File Path                                           PID    Runtime      # DAGs    # Errors  Last Runtime    Last Run
--------------------------------------------------  -----  ---------  --------  ----------  --------------  -------------------
/opt/airflow/dags/DAG_001_datalake_to_snowflake.py                           0           0  1.79s           2026-02-24T20:41:44
================================================================================
[2026-02-24T20:42:42.641+0000] {manager.py:878} INFO - 
================================================================================
DAG File Processing Stats

File Path                                           PID    Runtime      # DAGs    # Errors  Last Runtime    Last Run
--------------------------------------------------  -----  ---------  --------  ----------  --------------  -------------------
/opt/airflow/dags/DAG_001_datalake_to_snowflake.py                           0           0  0.71s           2026-02-24T20:42:15
================================================================================
[2026-02-24T20:43:12.928+0000] {manager.py:878} INFO - 
================================================================================
DAG File Processing Stats

File Path                                           PID    Runtime      # DAGs    # Errors  Last Runtime    Last Run
--------------------------------------------------  -----  ---------  --------  ----------  --------------  -------------------
/opt/airflow/dags/DAG_001_datalake_to_snowflake.py                           0           0  1.06s           2026-02-24T20:42:46
================================================================================
[2026-02-24T20:43:43.005+0000] {manager.py:878} INFO - 
================================================================================
DAG File Processing Stats

File Path                                           PID    Runtime      # DAGs    # Errors  Last Runtime    Last Run
--------------------------------------------------  -----  ---------  --------  ----------  --------------  -------------------
/opt/airflow/dags/DAG_001_datalake_to_snowflake.py                           0           0  0.79s           2026-02-24T20:43:17
================================================================================
[2026-02-24T20:44:13.074+0000] {manager.py:878} INFO - 
================================================================================
DAG File Processing Stats

File Path                                           PID    Runtime      # DAGs    # Errors  Last Runtime    Last Run
--------------------------------------------------  -----  ---------  --------  ----------  --------------  -------------------
/opt/airflow/dags/DAG_001_datalake_to_snowflake.py                           0           0  0.78s           2026-02-24T20:43:48
================================================================================
[2026-02-24T20:44:43.140+0000] {manager.py:878} INFO - 
================================================================================
DAG File Processing Stats

File Path                                           PID    Runtime      # DAGs    # Errors  Last Runtime    Last Run
--------------------------------------------------  -----  ---------  --------  ----------  --------------  -------------------
/opt/airflow/dags/DAG_001_datalake_to_snowflake.py                           0           0  0.70s           2026-02-24T20:44:19
================================================================================
[2026-02-24T20:45:13.277+0000] {manager.py:878} INFO - 
================================================================================
DAG File Processing Stats

File Path                                           PID    Runtime      # DAGs    # Errors  Last Runtime    Last Run
--------------------------------------------------  -----  ---------  --------  ----------  --------------  -------------------
/opt/airflow/dags/DAG_001_datalake_to_snowflake.py                           0           0  0.88s           2026-02-24T20:44:51
================================================================================
[2026-02-24T20:45:43.530+0000] {manager.py:878} INFO - 
================================================================================
DAG File Processing Stats

File Path                                           PID    Runtime      # DAGs    # Errors  Last Runtime    Last Run
--------------------------------------------------  -----  ---------  --------  ----------  --------------  -------------------
/opt/airflow/dags/DAG_001_datalake_to_snowflake.py                           0           0  1.00s           2026-02-24T20:45:22
================================================================================
[2026-02-24T20:46:13.796+0000] {manager.py:878} INFO - 
================================================================================
DAG File Processing Stats

File Path                                           PID    Runtime      # DAGs    # Errors  Last Runtime    Last Run
--------------------------------------------------  -----  ---------  --------  ----------  --------------  -------------------
/opt/airflow/dags/DAG_001_datalake_to_snowflake.py                           0           0  0.99s           2026-02-24T20:45:53
================================================================================
[2026-02-24T20:46:42.440+0000] {manager.py:737} INFO - Searching for files in /opt/airflow/dags
[2026-02-24T20:46:42.521+0000] {manager.py:740} INFO - There are 1 files in /opt/airflow/dags
[2026-02-24T20:46:44.569+0000] {manager.py:878} INFO - 
================================================================================
DAG File Processing Stats

File Path                                           PID    Runtime      # DAGs    # Errors  Last Runtime    Last Run
--------------------------------------------------  -----  ---------  --------  ----------  --------------  -------------------
/opt/airflow/dags/DAG_001_datalake_to_snowflake.py                           0           0  0.59s           2026-02-24T20:46:24
================================================================================
[2026-02-24T20:47:14.861+0000] {manager.py:878} INFO - 
================================================================================
DAG File Processing Stats

File Path                                           PID    Runtime      # DAGs    # Errors  Last Runtime    Last Run
--------------------------------------------------  -----  ---------  --------  ----------  --------------  -------------------
/opt/airflow/dags/DAG_001_datalake_to_snowflake.py                           0           0  0.41s           2026-02-24T20:47:13
================================================================================
